"id","name","image_url"
"4051","Apc Back-Ups 650VA","https://old.trinatechtonersandprinters.co.ke/wp-content/uploads/2025/01/APC-UPS-650VA.png"
"3473","Asus X515 Celeron 4GB/256SSD/15.6 Laptop","https://old.trinatechtonersandprinters.co.ke/wp-content/uploads/2024/12/ASUS-Laptop-X515.png"
"3475","Asus X543U Core I5 8GB1TB15.6WIN 10 Laptop","https://old.trinatechtonersandprinters.co.ke/wp-content/uploads/2024/12/Asus-X543U-Laptop.png"
"5559","Brother BT-D60 BK Black High Yield Ink Bottle","https://old.trinatechtonersandprinters.co.ke/wp-content/uploads/2026/02/Brother-BT-D60-BK-Black-High-Yield-Ink-Bottle.webp"
"5561","Brother BT5000C BT5000Y BT5000M Inks Each","https://old.trinatechtonersandprinters.co.ke/wp-content/uploads/2026/02/BROTHER-Bt5000C-Bt5000Y-Bt5000M-Inks-Each.webp"
"5560","Brother BT6000BK Ink Bottle Black","https://old.trinatechtonersandprinters.co.ke/wp-content/uploads/2026/02/Brother-BT6000BK-Ink-Bottle-Black.webp"
"5558","Brother DR-2305 Drum Unit","https://old.trinatechtonersandprinters.co.ke/wp-content/uploads/2026/02/Brother-DR-2305-Drum-Unit.webp"
"5357","Brother LC3717 Black Ink Cartridges","https://old.trinatechtonersandprinters.co.ke/wp-content/uploads/2026/02/Brother-LC3717-Black-Ink-Cartridges.webp"
"5356","Brother LC3717C Cyan Ink Cartridges","https://old.trinatechtonersandprinters.co.ke/wp-content/uploads/2026/02/Brother-LC3717C-Cyan-Ink-Cartridges.webp"
"5355","Brother LC3717M Magneta Ink Cartridges","https://old.trinatechtonersandprinters.co.ke/wp-content/uploads/2026/02/Brother-LC3717M-Magneta-Ink-Cartridges.webp"
"5354","Brother LC3717Y Yellow Ink Cartridges","https://old.trinatechtonersandprinters.co.ke/wp-content/uploads/2026/02/Brother-LC3717Y-Yellow-Ink-Cartridges.webp"
"5353","Brother LC3719XL Black Ink Cartridges","https://old.trinatechtonersandprinters.co.ke/wp-content/uploads/2026/02/Brother-LC3719XL-Black-Ink-Cartridges.webp"
"5352","Brother LC3719XL Cyan Ink Cartridges","https://old.trinatechtonersandprinters.co.ke/wp-content/uploads/2026/02/Brother-LC3719XL-Cyan-Ink-Cartridges.webp"
"5351","Brother LC3719XL Magenta Ink Cartridges","https://old.trinatechtonersandprinters.co.ke/wp-content/uploads/2026/02/Brother-LC3719XL-Magenta-Ink-Cartridges.webp"
"5350","Brother LC3719XL Yellow Ink Cartridges","https://old.trinatechtonersandprinters.co.ke/wp-content/uploads/2026/02/Brother-LC3719XL-Yellow-Ink-Cartridges.webp"
"4967","Brother TN-1000 Black Toner Cartridge","https://old.trinatechtonersandprinters.co.ke/wp-content/uploads/2026/02/Brother-TN-1000-Black-Toner-Cartridge.webp"
"5557","Brother TN-2130 Black Toner Cartridge","https://old.trinatechtonersandprinters.co.ke/wp-content/uploads/2026/02/Brother-TN-2130-Black-Toner-Cartridge.webp"
"4968","Brother TN-2280 Black Toner Cartridge","https://old.trinatechtonersandprinters.co.ke/wp-content/uploads/2026/02/Brother-TN-2280-Black-Toner-Cartridge.webp"
"4969","Brother TN-2305 Black Toner Cartridge","https://old.trinatechtonersandprinters.co.ke/wp-content/uploads/2026/02/Brother-TN-2305-Black-Toner-Cartridge.webp"
"4395","Brother TN-2350 Black Toner Cartridge","https://old.trinatechtonersandprinters.co.ke/wp-content/uploads/2025/01/Brother-TN-2350-Toner.png"
"5556","Brother TN-2355 Black Toner Cartridge","https://old.trinatechtonersandprinters.co.ke/wp-content/uploads/2026/02/Brother-TN-2355-Black-Toner-Cartridge.webp"
"5555","Brother TN-2405 Black Toner Cartridge","https://old.trinatechtonersandprinters.co.ke/wp-content/uploads/2026/02/Brother-TN-2405-Black-Toner-Cartridge.webp"
"5554","Brother TN-261 Toners CMYK Cartridges Each","https://old.trinatechtonersandprinters.co.ke/wp-content/uploads/2026/02/Brother-TN-261-Toners-CMYK-Cartridges-Each.webp"
"5553","Brother TN-273 Black Toner Cartridge","https://old.trinatechtonersandprinters.co.ke/wp-content/uploads/2026/02/Brother-TN-273-Black-Toner-Cartridge.webp"
"5552","Brother TN-273 Color Toner Cartridges Each","https://old.trinatechtonersandprinters.co.ke/wp-content/uploads/2026/02/Brother-TN-273-Color-Toner-Cartridges-Each.webp"
"5551","Brother TN-277 Color Toner Cartridges Each","https://old.trinatechtonersandprinters.co.ke/wp-content/uploads/2026/02/Brother-TN-277-Color-Toner-Cartridges-Each.webp"
"5550","Brother TN-277BK Black Original Toner Cartridge","https://old.trinatechtonersandprinters.co.ke/wp-content/uploads/2026/02/Brother-TN-277BK-Black-Original-Toner-Cartridge.webp"
"5549","Brother TN-3145 Black Toner Cartridge","https://old.trinatechtonersandprinters.co.ke/wp-content/uploads/2026/02/Brother-TN-3145-Black-Toner-Cartridge.webp"
"5548","Brother TN-3250 Black Toner Cartridge","https://old.trinatechtonersandprinters.co.ke/wp-content/uploads/2026/02/Brother-TN-3250-Black-Toner-Cartridge.webp"
"5547","Brother TN-3290 Black Toner Cartridge","https://old.trinatechtonersandprinters.co.ke/wp-content/uploads/2026/02/Brother-TN-3290-Black-Toner-Cartridge.webp"
"5546","Brother TN-3350 Black Toner Cartridge","https://old.trinatechtonersandprinters.co.ke/wp-content/uploads/2026/02/Brother-TN-3350-Black-Toner-Cartridge.webp"
"4403","Brother TN-3350 Toner Cartridge","https://old.trinatechtonersandprinters.co.ke/wp-content/uploads/2025/01/Brother-TN-3350-Toner.png"
"5545","Brother TN-3437 Black Toner High Capacity","https://old.trinatechtonersandprinters.co.ke/wp-content/uploads/2026/02/Brother-TN-3437-Black-Toner-High-Capacity.webp"
"5544","Compatible Brother TN-2355 ~ DR-2305 Black Toner","https://old.trinatechtonersandprinters.co.ke/wp-content/uploads/2026/02/Compatible-Brother-TN-2355-DR-2305-Black-Toner.webp"
"5520","Canon 045 Cym Toner Cartridges Each","https://old.trinatechtonersandprinters.co.ke/wp-content/uploads/2026/02/Canon-045-Cym-Toner-Cartridges-Each-1.webp"
"5519","Canon 045BK Black Toner Cartridge","https://old.trinatechtonersandprinters.co.ke/wp-content/uploads/2026/02/Canon-045BK-Black-Toner-Cartridge.webp"
"5518","Canon 718 Black Original Laser Toner Cartridge","https://old.trinatechtonersandprinters.co.ke/wp-content/uploads/2026/02/Canon-718-Black-Original-Laser-Toner-Cartridge.webp"
"5517","Canon 718 Cyan Original Laser Toner Cartridge","https://old.trinatechtonersandprinters.co.ke/wp-content/uploads/2026/02/Canon-718-Cyan-Original-Laser-Toner-Cartridge-1.webp"
"5516","Canon 718 Magenta Original Laser Toner Cartridge","https://old.trinatechtonersandprinters.co.ke/wp-content/uploads/2026/02/Canon-718-Magenta-Original-Laser-Toner-Cartridge.webp"
"5515","Canon 719 Black Original Laser Toner Cartridge","https://old.trinatechtonersandprinters.co.ke/wp-content/uploads/2026/02/Canon-719-Black-Original-Laser-Toner-Cartridge.webp"
"5514","Canon 719 Yellow Original Laser Toner Cartridge","https://old.trinatechtonersandprinters.co.ke/wp-content/uploads/2026/02/Canon-719-Yellow-Original-Laser-Toner-Cartridge-1.webp"
"5509","Canon C-EXV12 Black Original Laser Toner Cartridge","https://old.trinatechtonersandprinters.co.ke/wp-content/uploads/2026/02/Canon-C-EXV12-Black-Original-Laser-Toner-Cartridge.webp"
"5508","Canon C-EXV14 Black Original Laser Toner Cartridge","https://old.trinatechtonersandprinters.co.ke/wp-content/uploads/2026/02/Canon-C-EXV14-Black-Original-Laser-Toner-Cartridge-1.webp"
"5506","Canon C-EXV49 Toner Bcmy","https://old.trinatechtonersandprinters.co.ke/wp-content/uploads/2026/02/Canon-C-EXV49-Toner-Bcmy.webp"
"5505","Canon C-EXV51 Black Laser Toner Cartridge","https://old.trinatechtonersandprinters.co.ke/wp-content/uploads/2026/02/Canon-C-EXV51-Black-Laser-Toner-Cartridge.webp"
"5504","Canon C-EXV51 Toner Each Bcym","https://old.trinatechtonersandprinters.co.ke/wp-content/uploads/2026/02/Canon-C-EXV51-Toner-Each-Bcym.webp"
"5503","Canon C-EXV52 Black Toner Cartridge","https://old.trinatechtonersandprinters.co.ke/wp-content/uploads/2026/02/Canon-C-EXV52-Black-Toner-Cartridge.png"
"4208","Canon C-Exv 18 Black Toner","https://old.trinatechtonersandprinters.co.ke/wp-content/uploads/2025/01/Canon-C-EXV-18-Toner.png"
"5513","Canon C-Exv 33 Black Original Toner Cartridge","https://old.trinatechtonersandprinters.co.ke/wp-content/uploads/2026/02/Canon-C-Exv-33-Black-Original-Toner-Cartridge.webp"
"4205","Canon C-Exv 42 Black Toner","https://old.trinatechtonersandprinters.co.ke/wp-content/uploads/2025/01/Canon-C-EXV-42-Toner.png"
"5512","Canon C-Exv 43 Black Toner Cartridge","https://old.trinatechtonersandprinters.co.ke/wp-content/uploads/2026/02/Canon-C-Exv-43-Black-Toner-Cartridge.webp"
"5511","Canon C-Exv 51L Cym Toner Cartridges Each","https://old.trinatechtonersandprinters.co.ke/wp-content/uploads/2026/02/Canon-C-Exv-51L-Cym-Toner-Cartridges-Each.webp"
"5510","Canon C-Exv 54 Toners Each Bcmy","https://old.trinatechtonersandprinters.co.ke/wp-content/uploads/2026/02/Canon-C-Exv-54-Toners-Each-Bcmy-1.webp"
"5543","Canon CL-41 Color Ink Original Cartridge Each","https://old.trinatechtonersandprinters.co.ke/wp-content/uploads/2026/02/Canon-CL-41-Color-Ink-Original-Cartridge-Each.webp"
"5542","Canon CL-441 Color Ink Original Cartridge","https://old.trinatechtonersandprinters.co.ke/wp-content/uploads/2026/02/Canon-CL-441-Color-Ink-Original-Cartridge.webp"
"5541","Canon CL-446 Color Ink Original Cartridge","https://old.trinatechtonersandprinters.co.ke/wp-content/uploads/2026/02/Canon-CL-446-Color-Ink-Original-Cartridge.webp"
"5540","Canon CL-511 Color Ink Original Cartridge","https://old.trinatechtonersandprinters.co.ke/wp-content/uploads/2026/02/Canon-CL-511-Color-Ink-Original-Cartridge.webp"
"5539","Canon CL-56 Color Ink Original Cartridge","https://old.trinatechtonersandprinters.co.ke/wp-content/uploads/2026/02/Canon-CL-56-Color-Ink-Original-Cartridge.webp"
"5538","Canon CLI-36 Color Ink Original Cartridge","https://old.trinatechtonersandprinters.co.ke/wp-content/uploads/2026/02/Canon-CLI-36-Color-Ink-Original-Cartridge.webp"
"5537","Canon CLI-451 Black Ink Cartridge","https://old.trinatechtonersandprinters.co.ke/wp-content/uploads/2026/02/Canon-CLI-451-Black-Ink-Cartridge.webp"
"5536","Canon CLI-451 Cyan Ink Original Cartridge","https://old.trinatechtonersandprinters.co.ke/wp-content/uploads/2026/02/Canon-CLI-451-Cyan-Ink-Original-Cartridge.webp"
"5535","Canon CLI-451 Magenta Ink Original Cartridge","https://old.trinatechtonersandprinters.co.ke/wp-content/uploads/2026/02/Canon-CLI-451-Magenta-Ink-Original-Cartridge.webp"
"5534","Canon CLI-451 Yellow Ink Original Cartridge","https://old.trinatechtonersandprinters.co.ke/wp-content/uploads/2026/02/Canon-CLI-451-Yellow-Ink-Original-Cartridge.webp"
"3442","Canon Canoscan Lide 300 Scanner","https://old.trinatechtonersandprinters.co.ke/wp-content/uploads/2024/12/Canon-300-scanner.png"
"4470","Canon I-Sensys MF3010 Mfp All-In-One Laser Printer","https://old.trinatechtonersandprinters.co.ke/wp-content/uploads/2025/01/Canon-i-SENSYS-MF3010.png"
"5533","Canon PG-445 Black Ink Original Cartridge","https://old.trinatechtonersandprinters.co.ke/wp-content/uploads/2026/02/Canon-PG-445-Black-Ink-Original-Cartridge.png"
"5532","Canon PG-46 Black Ink Original Cartridge","https://old.trinatechtonersandprinters.co.ke/wp-content/uploads/2026/02/Canon-PG-46-Black-Ink-Original-Cartridge.webp"
"5531","Canon PG-510 Black Ink Original Cartridge","https://old.trinatechtonersandprinters.co.ke/wp-content/uploads/2026/02/Canon-PG-510-Black-Ink-Original-Cartridge.webp"
"5530","Canon PGI-1400XL Black Ink Cartridge","https://old.trinatechtonersandprinters.co.ke/wp-content/uploads/2026/02/Canon-PGI-1400XL-Black-Ink-Cartridge.webp"
"5529","Canon PGI-1400XL Cyan Ink Cartridge","https://old.trinatechtonersandprinters.co.ke/wp-content/uploads/2026/02/Canon-PGI-1400XL-Cyan-Ink-Cartridge.webp"
"5528","Canon PGI-1400XL Magenta Ink Cartridge","https://old.trinatechtonersandprinters.co.ke/wp-content/uploads/2026/02/Canon-PGI-1400XL-Magenta-Ink-Cartridge.webp"
"5527","Canon PGI-1400XL Yellow Ink Cartridge","https://old.trinatechtonersandprinters.co.ke/wp-content/uploads/2026/02/Canon-PGI-1400XL-Yellow-Ink-Cartridge.webp"
"5526","Canon PGI-2400XL Black Ink Cartridge","https://old.trinatechtonersandprinters.co.ke/wp-content/uploads/2026/02/Canon-PGI-2400XL-Black-Ink-Cartridge.webp"
"5525","Canon PGI-2400XL Cyan Ink Cartridge","https://old.trinatechtonersandprinters.co.ke/wp-content/uploads/2026/02/Canon-PGI-2400XL-Cyan-Ink-Cartridge.webp"
"5524","Canon PGI-2400XL Magenta Ink Cartridge","https://old.trinatechtonersandprinters.co.ke/wp-content/uploads/2026/02/Canon-PGI-2400XL-Magenta-Ink-Cartridge.webp"
"5523","Canon PGI-2400XL Yellow Ink Cartridge","https://old.trinatechtonersandprinters.co.ke/wp-content/uploads/2026/02/Canon-PGI-2400XL-Yellow-Ink-Cartridge.webp"
"5522","Canon PGI-35 Black Ink Original Cartridge","https://old.trinatechtonersandprinters.co.ke/wp-content/uploads/2026/02/Canon-PGI-35-Black.png"
"4341","Canon Pixma CL-411 Color Ink Cartridge","https://old.trinatechtonersandprinters.co.ke/wp-content/uploads/2025/01/Canon-Pixma-CL-411-Color-Ink.png"
"4347","Canon Pixma CL-446 Color Ink Cartridge","https://old.trinatechtonersandprinters.co.ke/wp-content/uploads/2025/01/Canon-Pixma-CL-446-Cartridge.png"
"4334","Canon Pixma CL-511 Color Ink Cartridge","https://old.trinatechtonersandprinters.co.ke/wp-content/uploads/2025/01/Canon-CL-511-Ink-Cartridge.png"
"4353","Canon Pixma CL-56 Color Ink Cartridge","https://old.trinatechtonersandprinters.co.ke/wp-content/uploads/2025/01/Canon-Pixma-CL-56-Color-Cartridge.png"
"4461","Canon Pixma G3420 Printer","https://old.trinatechtonersandprinters.co.ke/wp-content/uploads/2025/01/Canon-PIXMA-G3420.png"
"4464","Canon Pixma G3430 Printer","https://old.trinatechtonersandprinters.co.ke/wp-content/uploads/2025/01/Canon-PIXMA-G3430.png"
"4467","Canon Pixma G640 Printer","https://old.trinatechtonersandprinters.co.ke/wp-content/uploads/2025/01/Canon-PIXMA-G640.png"
"4458","Canon Pixma MG2550S Printer","https://old.trinatechtonersandprinters.co.ke/wp-content/uploads/2025/01/Canon-PIXMA-MG2550S.png"
"4337","Canon Pixma PG-440 Black Ink Cartridge","https://old.trinatechtonersandprinters.co.ke/wp-content/uploads/2025/01/Canon-Pixma-PG-440-Black-Ink.png"
"4344","Canon Pixma PG-445 Black Ink Cartridge","https://old.trinatechtonersandprinters.co.ke/wp-content/uploads/2025/01/Canon-Pixma-PG-445-Ink.png"
"4350","Canon Pixma PG-46 Black Ink Cartridge","https://old.trinatechtonersandprinters.co.ke/wp-content/uploads/2025/01/Canon-Pixma-PG-46-Cartridge.png"
"4329","Canon Pixma PG-510 Black Ink Cartridge","https://old.trinatechtonersandprinters.co.ke/wp-content/uploads/2025/01/Canon-PG-510-Black-Ink.png"
"4455","Canon Pixma TS3340 Printer","https://old.trinatechtonersandprinters.co.ke/wp-content/uploads/2025/01/Canon-PIXMA-TS3340.png"
"5286","Canon Premium Comp 490 Ink CMYK","https://old.trinatechtonersandprinters.co.ke/wp-content/uploads/2026/02/Canon-Premium-Comp-490-Ink-CMYK.webp"
"4356","Canon Print Head BH-4 Black","https://old.trinatechtonersandprinters.co.ke/wp-content/uploads/2025/01/Canon-Print-Head-BH-4.png"
"5521","Canon Ts 3340","https://old.trinatechtonersandprinters.co.ke/wp-content/uploads/2026/02/Canon-Ts-3340.webp"
"5507","ROYAL Canon C-EXV29 Toner Value Each B/Cm/Y","https://old.trinatechtonersandprinters.co.ke/wp-content/uploads/2026/02/Canon-C-EXV29-Toner-Value-Each-BCmY.webp"
"3511","Dell S2721HL 27-INCH Full Hd 8MS LCD Monitor","https://old.trinatechtonersandprinters.co.ke/wp-content/uploads/2024/12/Dell-S2721HL-27-inch-Monitor.png"
"3485","Dell Vostro 3400 Core I3 4GB/1TB/14in Laptop","https://old.trinatechtonersandprinters.co.ke/wp-content/uploads/2024/12/Dell-Vostro-3400-laptop.png"
"3482","Dell Vostro 3400 Core I5 4GB/1TB/14in Laptop","https://old.trinatechtonersandprinters.co.ke/wp-content/uploads/2024/12/Dell-Vostro-3400-laptop.png"
"3480","Dell Vostro 3500 Core I5 4GB/1TB/15.6in UBUNTU Laptop","https://old.trinatechtonersandprinters.co.ke/wp-content/uploads/2024/12/DELL-VOSTRO-3500-laptop.png"
"4048","Eaton 5E 850VA Ups","https://old.trinatechtonersandprinters.co.ke/wp-content/uploads/2025/01/Eaton-UPS.png"
"5339","Epson 101 Ecotank Black Ink Bottle 127ML","https://old.trinatechtonersandprinters.co.ke/wp-content/uploads/2026/02/Epson-101-Ecotank-Black-Ink-Bottle-127ML.webp"
"5338","Epson 101 Ecotank Cyan Tank Ink Bottle 70ML","https://old.trinatechtonersandprinters.co.ke/wp-content/uploads/2026/02/epson-101-ecotank-ink-bottle-cyan-ink-for-printer-refill-70ml-1.webp"
"5337","Epson 101 Ecotank Magenta Ink Bottle 70ML","https://old.trinatechtonersandprinters.co.ke/wp-content/uploads/2026/02/Epson-101-Ecotank-Magenta-Ink-Bottle-70ML.webp"
"5336","Epson 101 Ecotank Yellow Ink Bottle 70ML","https://old.trinatechtonersandprinters.co.ke/wp-content/uploads/2026/02/Epson-101-Ecotank-Yellow-Ink-Bottle-70ML.webp"
"5335","Epson 101/103 Premium Refill Ink For Ecotank Each","https://old.trinatechtonersandprinters.co.ke/wp-content/uploads/2026/02/Epson-101-103-Premium-Refill-Ink-For-Ecotank-Each.webp"
"5334","Epson 103 Ecotank Blacktank Ink Bottle 65ML","https://old.trinatechtonersandprinters.co.ke/wp-content/uploads/2026/02/Epson-103-Ecotank-Blacktank-Ink-Bottle-65ML.webp"
"5333","Epson 103 Ecotank Cyan Tank Ink Bottle 65ML","https://old.trinatechtonersandprinters.co.ke/wp-content/uploads/2026/02/Epson-103-Ecotank-Cyan-Tank-Ink-Bottle-65ML.webp"
"5332","Epson 103 Ecotank Magenta Tank Ink Bottle 65ML","https://old.trinatechtonersandprinters.co.ke/wp-content/uploads/2026/02/Epson-103-Ecotank-Magenta-Tank-Ink-Bottle-65ML.webp"
"5331","Epson 103 Ecotank Yellow Tank Ink Bottle 65ML","https://old.trinatechtonersandprinters.co.ke/wp-content/uploads/2026/02/Epson-103-Ecotank-Yellow-Tank-Ink-Bottle-65ML.webp"
"5330","Epson 110 Ecotank Black Ink Bottle 120ML","https://old.trinatechtonersandprinters.co.ke/wp-content/uploads/2026/02/Epson-110-Ecotank-Black-Ink-Bottle-120ML.webp"
"5329","Epson 112 Ecotank Black Pigment Ink Bottle","https://old.trinatechtonersandprinters.co.ke/wp-content/uploads/2026/02/Epson-112-Ecotank-Black-Pigment-Ink-Bottle.webp"
"5328","Epson 112 Ecotank Cym Ink Bottles Each","https://old.trinatechtonersandprinters.co.ke/wp-content/uploads/2026/02/Epson-112-Ecotank-Cym-Ink-Bottles-Each.webp"
"5327","Epson 664 Black Ink Bottle 70ML (T6641)","https://old.trinatechtonersandprinters.co.ke/wp-content/uploads/2026/02/Epson-664-Black-Ink-Bottle-70ML-T6641.webp"
"5326","Epson 664 Cyan Ink Bottle 70ML (T6642)","https://old.trinatechtonersandprinters.co.ke/wp-content/uploads/2026/02/Epson-664-Cyan-Ink-Bottle-70ML-T6642.webp"
"4445","Epson 664 Ink Bottle","https://old.trinatechtonersandprinters.co.ke/wp-content/uploads/2025/01/Epson-664-Ink.png"
"5325","Epson 664 Magneta Ink Bottle 70ML (T6643)","https://old.trinatechtonersandprinters.co.ke/wp-content/uploads/2026/02/Epson-664-Magneta-Ink-Bottle-70ML-T6643.webp"
"5324","Epson 664 Yellow Ink Bottle 70ML (T6644)","https://old.trinatechtonersandprinters.co.ke/wp-content/uploads/2026/02/Epson-664-Yellow-Ink-Bottle-70ML-T6644.webp"
"5323","Epson 664/673 Refill Ink Compatible Ink Each","https://old.trinatechtonersandprinters.co.ke/wp-content/uploads/2026/02/Epson-664-673-Refill-Ink-Compatible-Ink-Each.webp"
"5322","Epson 673 Black Ink Bottle 70ML","https://old.trinatechtonersandprinters.co.ke/wp-content/uploads/2026/02/Epson-673-Black-Ink-Bottle-70ML.webp"
"5321","Epson 673 Cyan Ink Bottle 70ML","https://old.trinatechtonersandprinters.co.ke/wp-content/uploads/2026/02/Epson-673-Cyan-Ink-Bottle-70ML.webp"
"5320","Epson 673 Light Magenta Ink Bottle 70ML (T6736)","https://old.trinatechtonersandprinters.co.ke/wp-content/uploads/2026/02/Epson-673-Light-Magenta-Ink-Bottle-70ML-T6736.webp"
"5319","Epson 673 Magenta Ink Bottle 70ML (T6733)","https://old.trinatechtonersandprinters.co.ke/wp-content/uploads/2026/02/Epson-673-Magenta-Ink-Bottle-70ML-T6733.webp"
"3420","Epson CO-FH02 Projector","https://old.trinatechtonersandprinters.co.ke/wp-content/uploads/2024/12/epson-co-projector.png"
"3423","Epson EB-FH06 Projector","https://old.trinatechtonersandprinters.co.ke/wp-content/uploads/2024/12/epson-eb-Projector.png"
"3414","Epson EB-X49 Projector","https://old.trinatechtonersandprinters.co.ke/wp-content/uploads/2024/12/epson-eb-Projector.png"
"3433","Epson EH-TW6150 Projector","https://old.trinatechtonersandprinters.co.ke/wp-content/uploads/2024/12/epson-eh-projector.png"
"3425","Epson EH-TW6250 Projector","https://old.trinatechtonersandprinters.co.ke/wp-content/uploads/2024/12/epson-eh-projector.png"
"3580","Epson ERC-31 Ribbon Cartridge","https://old.trinatechtonersandprinters.co.ke/wp-content/uploads/2024/12/Epson-ERC-31-Ribbon.png"
"3578","Epson ERC-38 B Ribbon Cartridge","https://old.trinatechtonersandprinters.co.ke/wp-content/uploads/2024/12/Epson-ERC-38-B-Ribbon.png"
"4511","Epson Ecotank L1800 Single Function Inktank A3 Photo Printer","https://old.trinatechtonersandprinters.co.ke/wp-content/uploads/2025/01/Epson-L1800-Printer.png"
"4496","Epson Ecotank L3210 A4 All-In-One Ink Tank Printer","https://old.trinatechtonersandprinters.co.ke/wp-content/uploads/2025/01/Epson-L3210-Printer.png"
"4499","Epson Ecotank L3250 A4 Wi-Fi All-In-One Ink Tank Printer","https://old.trinatechtonersandprinters.co.ke/wp-content/uploads/2025/01/Epson-L3250-Printer.png"
"4502","Epson Ecotank L4260 A4 Wi-Fi Duplex All-In-One Ink Tank Printer","https://old.trinatechtonersandprinters.co.ke/wp-content/uploads/2025/01/Epson-L4260-Printer.png"
"4493","Epson Ecotank L5290 A4 Wi-Fi All-In-One Ink Tank Printer","https://old.trinatechtonersandprinters.co.ke/wp-content/uploads/2025/01/Epson-L5290-Printer.png"
"4505","Epson Ecotank L6490 A4 Ink Tank Printer","https://old.trinatechtonersandprinters.co.ke/wp-content/uploads/2025/01/Epson-L6490-Printer.png"
"4508","Epson Ecotank L6570 Wi-Fi Duplex Multifunction Adf Inktank Office Printer","https://old.trinatechtonersandprinters.co.ke/wp-content/uploads/2025/01/Epson-L6570-Printer.png"
"4514","Epson L850 Photo All-In-One Ink Tank Printer","https://old.trinatechtonersandprinters.co.ke/wp-content/uploads/2025/01/Epson-L850-Printer.png"
"5317","Epson LQ-2190 Ribbon Cartridge","https://old.trinatechtonersandprinters.co.ke/wp-content/uploads/2026/02/Epson-LQ-2190-Ribbon-Cartridge.webp"
"5316","Epson LQ-350 Generic Ribbon Black Cartridge","https://old.trinatechtonersandprinters.co.ke/wp-content/uploads/2026/02/Epson-LQ-350-Generic-Ribbon-Black-Cartridge.webp"
"5315","Epson LQ-350 Original Ribbon Black Cartridge","https://old.trinatechtonersandprinters.co.ke/wp-content/uploads/2026/02/Epson-LQ-350-Original-Ribbon-Black-Cartridge.webp"
"3576","Epson LQ-590 Ribbon Cartridge","https://old.trinatechtonersandprinters.co.ke/wp-content/uploads/2024/12/Epson-LQ-590-Ribbon.png"
"5314","Epson LQ-590/690 Generic Ribbon Black Cartridge","https://old.trinatechtonersandprinters.co.ke/wp-content/uploads/2026/02/Epson-LQ-590-690-Generic-Ribbon-Black-Cartridge.webp"
"5313","Epson LQ-590/690 Genuine Ribbon Black Cartridge","https://old.trinatechtonersandprinters.co.ke/wp-content/uploads/2026/02/Epson-LQ-590-690-Genuine-Ribbon-Black-Cartridge.webp"
"3574","Epson LQ-680 Ribbon Cartridge","https://old.trinatechtonersandprinters.co.ke/wp-content/uploads/2024/12/Epson-LQ-680-Ribbon.png"
"3569","Epson LQ-690 Ribbon Cartridge","https://old.trinatechtonersandprinters.co.ke/wp-content/uploads/2024/12/Epson-Ribbon-LQ-690.png"
"5312","Epson LX-300/350 Ribbon Cartridge","https://old.trinatechtonersandprinters.co.ke/wp-content/uploads/2026/02/Epson-LX-300-350-Ribbon-Cartridge-1.webp"
"4517","Epson LX-350 Impact Dot Matrix Printer","https://old.trinatechtonersandprinters.co.ke/wp-content/uploads/2025/01/Epson-LX-350-Printer.png"
"3571","Epson LX-350 Ribbon Cartridge","https://old.trinatechtonersandprinters.co.ke/wp-content/uploads/2024/12/Epson-LX-300-Ribbon.png"
"3434","Epson Perfection V39 Scanner","https://old.trinatechtonersandprinters.co.ke/wp-content/uploads/2024/12/epson-v39-scanner.png"
"5311","Epson Ribbon DFX9000 Black Cartridge","https://old.trinatechtonersandprinters.co.ke/wp-content/uploads/2026/02/Epson-Ribbon-DFX9000-Black-Cartridge.webp"
"5310","Epson Ribbon ERC38/39 Original For TM300A Black","https://old.trinatechtonersandprinters.co.ke/wp-content/uploads/2026/02/Epson-Ribbon-ERC38-39-Original-For-TM300A-Black.webp"
"5309","Epson Ribbon LQ-2170/2180/2190 Black","https://old.trinatechtonersandprinters.co.ke/wp-content/uploads/2026/02/Epson-Ribbon-LQ-2170-2180-2190-Black.webp"
"5308","Epson Ribbons LX-350 Black Cartridge","https://old.trinatechtonersandprinters.co.ke/wp-content/uploads/2026/02/Epson-Ribbons-LX-350-Black-Cartridge.webp"
"5318","Epson T6735 Light Cyan Ink Bottle 70ML","https://old.trinatechtonersandprinters.co.ke/wp-content/uploads/2026/02/Epson-T6735-Light-Cyan-Ink-Bottle-70ML.webp"
"5283","Royal Premium Epson 103 Ink CMYK","https://old.trinatechtonersandprinters.co.ke/wp-content/uploads/2026/02/Royal-Premium-Epson-103-Ink-CMYK.webp"
"4599","HP 05A Black Original Laserjet Toner Cartridge (CE505A)","https://old.trinatechtonersandprinters.co.ke/wp-content/uploads/2025/07/HP-05A-Black-Original-LaserJet-Toner-Cartridge.png"
"5185","HP 05A Black Toner Laserjet (CE505A)","https://old.trinatechtonersandprinters.co.ke/wp-content/uploads/2026/02/HP-05A-Black-Toner-Laserjet-CE505A.webp"
"5184","HP 103A Black Neverstop Toner Reload Kit (1103A)","https://old.trinatechtonersandprinters.co.ke/wp-content/uploads/2026/02/HP-103A-Black-Neverstop-Toner-Reload-Kit-1103A.webp"
"5183","HP 104A Black Laser Imaging Drum (W1104A)","https://old.trinatechtonersandprinters.co.ke/wp-content/uploads/2026/02/HP-104A-Black-Laser-Imaging-Drum-W1104A.webp"
"5182","HP 106A Black Toner Cartridge (W1106A)","https://old.trinatechtonersandprinters.co.ke/wp-content/uploads/2026/02/HP-106A-Black-Toner-Cartridge-W1106A.webp"
"4175","HP 107A Black Original Laserjet Toner Cartridge","https://old.trinatechtonersandprinters.co.ke/wp-content/uploads/2025/01/HP-107A-Black-Original-LaserJet-Toner.png"
"5181","HP 107A Black Toner Cartridge (W1107A)","https://old.trinatechtonersandprinters.co.ke/wp-content/uploads/2026/02/HP-107A-Black-Toner-Cartridge-W1107A.webp"
"4793","HP 117A Black Original Laserjet Toner Cartridge","https://old.trinatechtonersandprinters.co.ke/wp-content/uploads/2025/07/HP-117A-Black-Original-Toner.png"
"5180","HP 117A Black Toner Cartridge (W2070A)","https://old.trinatechtonersandprinters.co.ke/wp-content/uploads/2026/02/HP-117A-Black-Toner-Cartridge-W2070A.webp"
"5179","HP 117A Cym Toner Laserjet Cartridge Each (CF214A)","https://old.trinatechtonersandprinters.co.ke/wp-content/uploads/2026/02/HP-117A-Cym-Toner-Laserjet-Cartridge-Each-CF214A.webp"
"5178","HP 11A Black Toner Original Laserjet (Q6511A)","https://old.trinatechtonersandprinters.co.ke/wp-content/uploads/2026/02/HP-11A-Black-Toner-Original-Laserjet-Q6511A.webp"
"5177","HP 120A Imaging Drum (W1120)","https://old.trinatechtonersandprinters.co.ke/wp-content/uploads/2026/02/HP-120A-Imaging-Drum-W1120.webp"
"5502","HP 121 Black Ink Original Cartridge (CC640HE)","https://old.trinatechtonersandprinters.co.ke/wp-content/uploads/2026/02/HP-121-Black-Ink-Original-Cartridge-CC640HE.webp"
"3588","HP 121 Black Original Ink Cartridge","https://old.trinatechtonersandprinters.co.ke/wp-content/uploads/2024/12/HP-121-Black-Ink.png"
"5501","HP 121 Tri Color Ink Original Cartridge (CC640HE)","https://old.trinatechtonersandprinters.co.ke/wp-content/uploads/2026/02/HP-121-Tri-Color-Ink-Original-Cartridge-CC640HE.webp"
"3590","HP 121 Tri-Colour Original Ink Cartridge","https://old.trinatechtonersandprinters.co.ke/wp-content/uploads/2024/12/HP-121-Tri-color-Original-Ink.png"
"5500","HP 122 Black Ink Cartridge (CH561HE)","https://old.trinatechtonersandprinters.co.ke/wp-content/uploads/2026/02/HP-122-Black-Ink-Cartridge-CH561HE.webp"
"3911","HP 122 Black Original Ink Cartridge","https://old.trinatechtonersandprinters.co.ke/wp-content/uploads/2024/12/HP-122-Black-Original-Ink.png"
"5499","HP 122 Tri Color Ink Cartridge (CH562HE)","https://old.trinatechtonersandprinters.co.ke/wp-content/uploads/2026/02/HP-122-Tri-Color-Ink-Cartridge-CH562HE.webp"
"3914","HP 122 Tri-Colour Original Ink Cartridge","https://old.trinatechtonersandprinters.co.ke/wp-content/uploads/2024/12/HP-122-Tri-colour-Original-Ink.png"
"5498","HP 123 Black Ink Advantage Cartridge (C2P10AE)","https://old.trinatechtonersandprinters.co.ke/wp-content/uploads/2026/02/HP-123-Black-Ink-Advantage-Cartridge-C2P10AE.webp"
"5497","HP 123 Black Original Ink Cartridge (F6V17AE)","https://old.trinatechtonersandprinters.co.ke/wp-content/uploads/2026/02/HP-123-Black-Original-Ink-Cartridge-F6V17AE.webp"
"5496","HP 123 Tri Color Original Ink Cartridge (F6V16AE)","https://old.trinatechtonersandprinters.co.ke/wp-content/uploads/2026/02/HP-123-Tri-Color-Original-Ink-Cartridge-F6V16AE.webp"
"3944","HP 123 Tri-Colour Original Ink Cartridge","https://old.trinatechtonersandprinters.co.ke/wp-content/uploads/2024/12/HP-123-Tri-colour-Original-Ink.png"
"5176","HP 125A Black Toner Laserjet Catridge (CB540A)","https://old.trinatechtonersandprinters.co.ke/wp-content/uploads/2026/02/HP-125A-Black-Toner-Laserjet-Catridge-CB540A.webp"
"5175","HP 125A Cyan Toner Laserjet Catridge (CB541A)","https://old.trinatechtonersandprinters.co.ke/wp-content/uploads/2026/02/HP-125A-Cyan-Toner-Laserjet-Catridge-CB541A.webp"
"5174","HP 125A Magneta Toner Laserjet (CB543A)","https://old.trinatechtonersandprinters.co.ke/wp-content/uploads/2026/02/HP-125A-Magneta-Toner-Laserjet-CB543A.webp"
"5173","HP 125A Yellow Toner Laserjet Catridge (CB542A)","https://old.trinatechtonersandprinters.co.ke/wp-content/uploads/2026/02/HP-125A-Yellow-Toner-Laserjet-Catridge-CB542A.webp"
"5172","HP 126A Black Toner Original Laserjet (CE310A)","https://old.trinatechtonersandprinters.co.ke/wp-content/uploads/2026/02/HP-126A-Black-Toner-Original-Laserjet-CE310A.webp"
"5171","HP 126A Cyan Toner Original Laserjet (CE311A)","https://old.trinatechtonersandprinters.co.ke/wp-content/uploads/2026/02/HP-126A-Cyan-Toner-Original-Laserjet-CE311A.webp"
"5170","HP 126A Imaging Drum Laserjet (CE314A)","https://old.trinatechtonersandprinters.co.ke/wp-content/uploads/2026/02/HP-126A-Imaging-Drum-Laserjet-CE314A.webp"
"5169","HP 126A Magneta Toner Original Laserjet (CE313A)","https://old.trinatechtonersandprinters.co.ke/wp-content/uploads/2026/02/HP-126A-Magneta-Toner-Original-Laserjet-CE313A.webp"
"5168","HP 126A Yellow Toner Original Laserjet (CE312A)","https://old.trinatechtonersandprinters.co.ke/wp-content/uploads/2026/02/HP-126A-Yellow-Toner-Original-Laserjet-CE312A.webp"
"5167","HP 128A Black Toner Original Laserjet (CE320A)","https://old.trinatechtonersandprinters.co.ke/wp-content/uploads/2026/02/HP-128A-Black-Toner-Original-Laserjet-CE320A.webp"
"5166","HP 128A Cyan Toner Original Laserjet (CE321A)","https://old.trinatechtonersandprinters.co.ke/wp-content/uploads/2026/02/HP-128A-Cyan-Toner-Original-Laserjet-CE321A-scaled.webp"
"5165","HP 128A Magneta Toner Original Laserjet (CE322A)","https://old.trinatechtonersandprinters.co.ke/wp-content/uploads/2026/02/HP-128A-Magneta-Toner-Original-Laserjet-CE322A-scaled.webp"
"5164","HP 128A Yellow Toner Original Laserjet (CE322A)","https://old.trinatechtonersandprinters.co.ke/wp-content/uploads/2026/02/HP-128A-Yellow-Toner-Original-Laserjet-CE322A.webp"
"5495","HP 129 Black Ink Cartridge (C9364HE)","https://old.trinatechtonersandprinters.co.ke/wp-content/uploads/2026/02/HP-129-Black-Ink-Cartridge-C9364HE.webp"
"3556","HP 12A Black Original Laserjet Toner Cartridge","https://old.trinatechtonersandprinters.co.ke/wp-content/uploads/2024/12/HP-12A-Toner.png"
"5163","HP 12A Black Toner Original Catridge (Q2612A)","https://old.trinatechtonersandprinters.co.ke/wp-content/uploads/2026/02/HP-12A-Black-Toner-Original-Catridge-Q2612A.webp"
"5494","HP 130 Black Ink Original Cartridge (C8767HE)","https://old.trinatechtonersandprinters.co.ke/wp-content/uploads/2026/02/HP-130-Black-Ink-Original-Cartridge-C8767HE.webp"
"5162","HP 130A Black Original Toner Laserjet Catridge (CF350A)","https://old.trinatechtonersandprinters.co.ke/wp-content/uploads/2026/02/HP-130A-Black-Original-Toner-Laserjet-Catridge-CF350A-scaled.webp"
"5161","HP 130A Cyan Original Toner Laserjet (CF351A)","https://old.trinatechtonersandprinters.co.ke/wp-content/uploads/2026/02/HP-130A-Cyan-Original-Toner-Laserjet-CF351A-scaled.webp"
"5160","HP 130A Magneta Original Toner Laserjet (CF353A)","https://old.trinatechtonersandprinters.co.ke/wp-content/uploads/2026/08/5160_hp_hp-130a-magneta-original-toner-laserjet-cf353a.jpg.png"
"5159","HP 130A Yellow Original Toner Laserjet Catridge (CF352A)","https://old.trinatechtonersandprinters.co.ke/wp-content/uploads/2026/02/HP-130A-Yellow-Original-Toner-Laserjet-Catridge-CF352A-scaled.webp"
"4812","HP 131A Black Original Laserjet Toner Cartridge","https://old.trinatechtonersandprinters.co.ke/wp-content/uploads/2025/07/HP-131A-Black-Original-Toner.png"
"5158","HP 131A Black Toner Laserjet (CF210A)","https://old.trinatechtonersandprinters.co.ke/wp-content/uploads/2026/02/HP-131A-Black-Toner-Laserjet-CF210A-scaled.webp"
"5157","HP 131A Cyan Toner Laserjet (CF211A)","https://old.trinatechtonersandprinters.co.ke/wp-content/uploads/2026/02/HP-131A-Cyan-Toner-Laserjet-CF211A-scaled.webp"
"5156","HP 131A Magneta Toner Laserjet (CF213A)","https://old.trinatechtonersandprinters.co.ke/wp-content/uploads/2026/02/HP-131A-Magneta-Toner-Laserjet-CF213A-scaled.webp"
"5155","HP 131A Yellow Toner Laserjet (CF212A)","https://old.trinatechtonersandprinters.co.ke/wp-content/uploads/2026/02/HP-131A-Yellow-Toner-Laserjet-CF212A-scaled.webp"
"5493","HP 134 Tri Color Ink Original Cartridge (C9363HE)","https://old.trinatechtonersandprinters.co.ke/wp-content/uploads/2026/02/HP-134-Tri-Color-Ink-Original-Cartridge-C9363HE.webp"
"5154","HP 136A Black Toner Laserjet Cartridge (W1360A)","https://old.trinatechtonersandprinters.co.ke/wp-content/uploads/2026/02/HP-136A-Black-Toner-Laserjet-Cartridge-W1360A-scaled.webp"
"5153","HP 13A Black Toner Original Laserjet (Q2613A)","https://old.trinatechtonersandprinters.co.ke/wp-content/uploads/2026/02/HP-13A-Black-Toner-Original-Laserjet-Q2613A-scaled.webp"
"5152","HP 140G Refill Powder","https://old.trinatechtonersandprinters.co.ke/wp-content/uploads/2026/02/HP-140G-Refill-Powder.png"
"5151","HP 147A Black Toner Laserjet Cartridge (W1470A)","https://old.trinatechtonersandprinters.co.ke/wp-content/uploads/2026/02/HP-147A-Black-Toner-Laserjet-Cartridge-W1470A-scaled.webp"
"5150","HP 14A Black Toner Laserjet Cartridge (CF214A)","https://old.trinatechtonersandprinters.co.ke/wp-content/uploads/2026/02/HP-14A-Black-Toner-Laserjet-Cartridge-CF214A-scaled.webp"
"3496","HP 15 Celeron 4GB/500GB/15.6in Laptop","https://old.trinatechtonersandprinters.co.ke/wp-content/uploads/2024/12/HP-15-Celeron-Laptop.png"
"3501","HP 15 Core I7 8GB/1TB/15.6in DOS Laptop","https://old.trinatechtonersandprinters.co.ke/wp-content/uploads/2024/12/HP-15-Celeron-Laptop.png"
"4822","HP 150A Black Original Laserjet Toner Cartridge","https://old.trinatechtonersandprinters.co.ke/wp-content/uploads/2025/07/HP-150A-Black-Original-Toner.png"
"5149","HP 150A Black Toner Laserjet Cartridge (W1500A)","https://old.trinatechtonersandprinters.co.ke/wp-content/uploads/2026/02/HP-150A-Black-Toner-Laserjet-Cartridge-W1500A-scaled.webp"
"4592","HP 151A Black Laserjet Toner Cartridge (W1510A)","https://old.trinatechtonersandprinters.co.ke/wp-content/uploads/2025/07/HP-151A-Black-LaserJet-Toner-Cartridge.png"
"5148","HP 151A Black Toner Laserjet Cartridge (W1510A)","https://old.trinatechtonersandprinters.co.ke/wp-content/uploads/2026/02/HP-151A-Black-Toner-Laserjet-Cartridge-W1510A-scaled.webp"
"5147","HP 16A Black Toner Laserjet Cartridge (Q7516A)","https://old.trinatechtonersandprinters.co.ke/wp-content/uploads/2026/02/HP-16A-Black-Toner-Laserjet-Cartridge-Q7516A-scaled.webp"
"4077","HP 17A Black Original Laserjet Toner Cartridge","https://old.trinatechtonersandprinters.co.ke/wp-content/uploads/2025/01/HP-17A-Black-Original-Toner.png"
"5146","HP 17A Black Toner Laserjet (CF217A)","https://old.trinatechtonersandprinters.co.ke/wp-content/uploads/2026/02/HP-17A-Black-Toner-Laserjet-CF217A-scaled.webp"
"5145","HP 19A Imaging Drum Unit","https://old.trinatechtonersandprinters.co.ke/wp-content/uploads/2026/02/HP-19A-Imaging-Drum-Unit-scaled.webp"
"4123","HP 19A Original Laserjet Imaging Drum","https://old.trinatechtonersandprinters.co.ke/wp-content/uploads/2025/01/HP-19A-LaserJet-Imaging-Drum.png"
"3507","HP 200 G4 All-In-One Pc Core I3 10Th Gen 4GB 1TB 18.5in","https://old.trinatechtonersandprinters.co.ke/wp-content/uploads/2024/12/HP-All-in-One-PC-200-G4.png"
"4808","HP 201A Black Original Laserjet Toner Cartridge","https://old.trinatechtonersandprinters.co.ke/wp-content/uploads/2025/07/HP-201A-Black-Original-Toner.png"
"5144","HP 201A Black Toner Laserjet (CF400A)","https://old.trinatechtonersandprinters.co.ke/wp-content/uploads/2026/02/HP-201A-Black-Toner-Laserjet-CF400A-scaled.webp"
"5143","HP 201A Cyan Toner Laserjet (CF401A)","https://old.trinatechtonersandprinters.co.ke/wp-content/uploads/2026/02/HP-201A-Cyan-Toner-Laserjet-CF401A-scaled.webp"
"5142","HP 201A Magneta Toner Laserjet (CF403A)","https://old.trinatechtonersandprinters.co.ke/wp-content/uploads/2026/02/HP-201A-Magneta-Toner-Laserjet-CF403A-scaled.webp"
"5141","HP 201A Yellow Toner Laserjet (CF402A)","https://old.trinatechtonersandprinters.co.ke/wp-content/uploads/2026/02/HP-201A-Yellow-Toner-Laserjet-CF402A-scaled.webp"
"4799","HP 203A Black Original Laserjet Toner Cartridge","https://old.trinatechtonersandprinters.co.ke/wp-content/uploads/2025/07/HP-203A-Black-Original-Toner.png"
"5140","HP 203A Black Toner Laserjet (CF540A)","https://old.trinatechtonersandprinters.co.ke/wp-content/uploads/2026/02/HP-203A-Black-Toner-Laserjet-CF540A-scaled.webp"
"5139","HP 203A Cyan Toner Laserjet (CF541A)","https://old.trinatechtonersandprinters.co.ke/wp-content/uploads/2026/02/HP-203A-Cyan-Toner-Laserjet-CF541A-scaled.webp"
"5138","HP 203A Magneta Toner Laserjet (CF543A)","https://old.trinatechtonersandprinters.co.ke/wp-content/uploads/2026/02/HP-203A-Magneta-Toner-Laserjet-CF543A-scaled.webp"
"5137","HP 203A Yellow Toner Laserjet (CF542A)","https://old.trinatechtonersandprinters.co.ke/wp-content/uploads/2026/02/HP-203A-Yellow-Toner-Laserjet-CF542A-scaled.webp"
"4068","HP 205A Black Original Laserjet Toner Cartridge","https://old.trinatechtonersandprinters.co.ke/wp-content/uploads/2025/01/HP-205A-Black-Original-Toner-Cartridge.png"
"5136","HP 205A Black Toner Laserjet (CF530A)","https://old.trinatechtonersandprinters.co.ke/wp-content/uploads/2026/02/HP-205A-Black-Toner-Laserjet-CF530A-1-scaled.webp"
"5135","HP 205A Cyan Toner Laserjet (CF531A)","https://old.trinatechtonersandprinters.co.ke/wp-content/uploads/2026/02/HP-205A-Cyan-Toner-Laserjet-CF531A-scaled.webp"
"5134","HP 205A Magneta Toner Laserjet (CF533A)","https://old.trinatechtonersandprinters.co.ke/wp-content/uploads/2026/02/HP-205A-Magneta-Toner-Laserjet-CF533A-scaled.webp"
"5133","HP 205A Yellow Toner Laserjet (CF532A)","https://old.trinatechtonersandprinters.co.ke/wp-content/uploads/2026/02/HP-205A-Yellow-Toner-Laserjet-CF532A-scaled.webp"
"4166","HP 207A Black Original Laserjet Toner Cartridge","https://old.trinatechtonersandprinters.co.ke/wp-content/uploads/2025/01/HP-207A-Black-Original-LaserJet-Toner.png"
"5132","HP 207A Black Toner Laserjet Catridge (W2210A)","https://old.trinatechtonersandprinters.co.ke/wp-content/uploads/2026/02/HP-207A-Black-Toner-Laserjet-Catridge-W2210A-scaled.webp"
"5131","HP 207A Cyan, Yellow, Magneta Toners Each","https://old.trinatechtonersandprinters.co.ke/wp-content/uploads/2026/02/HP-207A-Cyan-Yellow-Magneta-Toners-Each-scaled.webp"
"5492","HP 21 Black Original Black Ink Cartridge (C9351AA)","https://old.trinatechtonersandprinters.co.ke/wp-content/uploads/2026/02/HP-21-Black-Original-Black-Ink-Cartridge-C9351AA.webp"
"3908","HP 21 Black Original Ink Cartridge","https://old.trinatechtonersandprinters.co.ke/wp-content/uploads/2024/12/HP-21-Black-Original-Ink.png"
"5130","HP 212A Black Laserjet Toner Cartridge (W2120A)","https://old.trinatechtonersandprinters.co.ke/wp-content/uploads/2026/02/HP-212A-Black-Laserjet-Toner-Cartridge-W2120A-scaled.webp"
"5129","HP 212A Toner Cartridges Cym Each","https://old.trinatechtonersandprinters.co.ke/wp-content/uploads/2026/02/HP-212A-Toner-Cartridges-Cym-Each-scaled.webp"
"4796","HP 216A Black Original Laserjet Toner Cartridge","https://old.trinatechtonersandprinters.co.ke/wp-content/uploads/2025/07/HP-216A-Black-Original-Toner.png"
"5128","HP 216A Black Toner Cartridge (W2410A)","https://old.trinatechtonersandprinters.co.ke/wp-content/uploads/2026/02/HP-216A-Black-Toner-Cartridge-W2410A-scaled.webp"
"5127","HP 216A Yellow, Cyan, Magneta Toners Each","https://old.trinatechtonersandprinters.co.ke/wp-content/uploads/2026/02/HP-216A-Yellow-Cyan-Magneta-Toners-Each-scaled.webp"
"5491","HP 22 Tri Color Ink Cartridge (C9352AE)","https://old.trinatechtonersandprinters.co.ke/wp-content/uploads/2026/02/HP-22-Tri-Color-Ink-Cartridge-C9352AE.webp"
"3904","HP 22 Tri-Colour Original Ink Cartridge","https://old.trinatechtonersandprinters.co.ke/wp-content/uploads/2024/12/HP-22-Tri-colour-Original-Ink.png"
"3495","HP 250 G7 Celeron 4GB/500GB/15.6in Laptop","https://old.trinatechtonersandprinters.co.ke/wp-content/uploads/2024/12/HP-250-G7-Laptop.png"
"3493","HP 250 G7 Core I3 4GB/1TB/15.6in DOS Laptop","https://old.trinatechtonersandprinters.co.ke/wp-content/uploads/2024/12/HP-250-G7-Laptop.png"
"3498","HP 250 G8 10Th Gen Core I7 1TB HDD 8GB RAM 15.6in Laptop","https://old.trinatechtonersandprinters.co.ke/wp-content/uploads/2024/12/HP-250-G8-laptop.png"
"3491","HP 255 G8 Amd Ryzen 3 Core I5 4GB/1TB/DOS Laptop","https://old.trinatechtonersandprinters.co.ke/wp-content/uploads/2024/12/HP-255-G8-AMD-Ryzen-3-Laptop.png"
"4145","HP 26A Black Original Laserjet Toner Cartridge","https://old.trinatechtonersandprinters.co.ke/wp-content/uploads/2025/01/HP-26A-Black-Original-LaserJet-Toner.png"
"5126","HP 26A Black Toner Laserjet (CF226A)","https://old.trinatechtonersandprinters.co.ke/wp-content/uploads/2026/02/HP-26A-Black-Toner-Laserjet-CF226A-scaled.webp"
"5490","HP 27 Black Ink Original Cartridge (C8727AE)","https://old.trinatechtonersandprinters.co.ke/wp-content/uploads/2026/02/HP-27-Black-Ink-Original-Cartridge-C8727AE.webp"
"5125","HP 304A Black Toner Original Laserjet (CC530A)","https://old.trinatechtonersandprinters.co.ke/wp-content/uploads/2026/02/HP-304A-Black-Toner-Original-Laserjet-CC530A-scaled.webp"
"5124","HP 304A Cyan Toner Original Laserjet (CC531A)","https://old.trinatechtonersandprinters.co.ke/wp-content/uploads/2026/02/HP-304A-Cyan-Toner-Original-Laserjet-CC531A-scaled.webp"
"5123","HP 304A Magneta Toner Original Laserjet (CC533A)","https://old.trinatechtonersandprinters.co.ke/wp-content/uploads/2026/02/HP-304A-Magneta-Toner-Original-Laserjet-CC533A-scaled.webp"
"5122","HP 304A Yellow Toner Original Laserjet (CC532A)","https://old.trinatechtonersandprinters.co.ke/wp-content/uploads/2026/02/HP-304A-Yellow-Toner-Original-Laserjet-CC532A-scaled.webp"
"3947","HP 305 Black Original Ink Cartridge","https://old.trinatechtonersandprinters.co.ke/wp-content/uploads/2024/12/HP-305-Black-Original-Ink.png"
"5489","HP 305 Blacktri Color Ink Cartridge Each","https://old.trinatechtonersandprinters.co.ke/wp-content/uploads/2026/02/HP-305-Blacktri-Color-Ink-Cartridge-Each.webp"
"3950","HP 305 Tri-Colour Original Ink Cartridge","https://old.trinatechtonersandprinters.co.ke/wp-content/uploads/2024/12/HP-305-Tri-colour-Original-Ink.png"
"4829","HP 305A Black Original Laserjet Toner Cartridge","https://old.trinatechtonersandprinters.co.ke/wp-content/uploads/2025/07/HP-305A-Black-Original-Toner.png"
"5121","HP 305A Black Toner Catridge (CE410A)","https://old.trinatechtonersandprinters.co.ke/wp-content/uploads/2026/02/HP-305A-Black-Toner-Catridge-CE410A-scaled.webp"
"5120","HP 305A Cyan Toner Catridge (CE411A)","https://old.trinatechtonersandprinters.co.ke/wp-content/uploads/2026/02/HP-305A-Cyan-Toner-Catridge-CE411A-scaled.webp"
"5119","HP 305A Yellow Toner Laserjet (CE412A)","https://old.trinatechtonersandprinters.co.ke/wp-content/uploads/2026/02/HP-305A-Yellow-Toner-Laserjet-CE412A-scaled.webp"
"5117","HP 307A Black Toner Laserjet Cartridge (CE740A)","https://old.trinatechtonersandprinters.co.ke/wp-content/uploads/2026/02/HP-307A-Black-Toner-Laserjet-Cartridge-CE740A-scaled.webp"
"5118","HP 307A Cym Toner Cartridge Each","https://old.trinatechtonersandprinters.co.ke/wp-content/uploads/2026/02/HP-307A-Cym-Toner-Cartridge-Each-scaled.webp"
"4129","HP 30A Black Original Laserjet Toner Cartridge","https://old.trinatechtonersandprinters.co.ke/wp-content/uploads/2025/01/HP-30A-Black-Original-Toner-Cartridge.png"
"5116","HP 30A Black Toner Laserjet (CF230A)","https://old.trinatechtonersandprinters.co.ke/wp-content/uploads/2026/02/HP-30A-Black-Toner-Laserjet-CF230A-scaled.webp"
"4832","HP 312A Black Original Laserjet Toner Cartridge","https://old.trinatechtonersandprinters.co.ke/wp-content/uploads/2025/07/HP-312A-Black-Original-Toner.png"
"5115","HP 312A Black Toner Original Laserjet Catridge (CF380A)","https://old.trinatechtonersandprinters.co.ke/wp-content/uploads/2026/02/HP-312A-Black-Toner-Original-Laserjet-Catridge-CF380A-scaled.webp"
"5114","HP 312A Cyan Toner Original Laserjet Catridge (CF381A)","https://old.trinatechtonersandprinters.co.ke/wp-content/uploads/2026/02/HP-312A-Cyan-Toner-Original-Laserjet-Catridge-CF381A-scaled.webp"
"5113","HP 312A Magneta Toner Original Laserjet (CF383A)","https://old.trinatechtonersandprinters.co.ke/wp-content/uploads/2026/02/HP-312A-Magneta-Toner-Original-Laserjet-CF383A-scaled.webp"
"5112","HP 312A Yellow Toner Original Laserjet (CF382A)","https://old.trinatechtonersandprinters.co.ke/wp-content/uploads/2026/02/HP-312A-Yellow-Toner-Original-Laserjet-CF382A-scaled.webp"
"5111","HP 32A Laserjet Imaging Drum (CF232A)","https://old.trinatechtonersandprinters.co.ke/wp-content/uploads/2026/02/HP-32A-Laserjet-Imaging-Drum-CF232A-scaled.webp"
"4138","HP 32A Original Laserjet Imaging Drum","https://old.trinatechtonersandprinters.co.ke/wp-content/uploads/2025/01/HP-32A-LaserJet-Imaging-Drum.png"
"4587","HP 35A Black Original Laserjet Toner Cartridge (CB435A)","https://old.trinatechtonersandprinters.co.ke/wp-content/uploads/2025/07/HP-35A-Black-Original-LaserJet-Toner-Cartridge.png"
"5110","HP 35A Black Toner Cartridge (CB1500A)","https://old.trinatechtonersandprinters.co.ke/wp-content/uploads/2026/08/5110_hp_hp-35a-black-toner-cartridge-cb1500a.jpg"
"3548","HP 36A Black Original Laserjet Toner Cartridge","https://old.trinatechtonersandprinters.co.ke/wp-content/uploads/2024/12/HP-36A-Toner.png"
"5109","HP 36A Black Toner Laserjet Cartridge (CB436A)","https://old.trinatechtonersandprinters.co.ke/wp-content/uploads/2026/02/HP-36A-Black-Toner-Laserjet-Cartridge-CB436A-scaled.webp"
"4835","HP 37A Black Original Laserjet Toner Cartridge","https://old.trinatechtonersandprinters.co.ke/wp-content/uploads/2025/07/HP-37A-Black-Original-Toner.png"
"5108","HP 37A Black Toner Cartridge (CF237A)","https://old.trinatechtonersandprinters.co.ke/wp-content/uploads/2026/02/HP-37A-Black-Toner-Cartridge-CF237A-scaled.webp"
"5107","HP 410A Black Toner Laserjet (CF410A)","https://old.trinatechtonersandprinters.co.ke/wp-content/uploads/2026/02/HP-410A-Black-Toner-Laserjet-CF410A-scaled.webp"
"5106","HP 410A Cyan Toner Laserjet (CF411A)","https://old.trinatechtonersandprinters.co.ke/wp-content/uploads/2026/02/HP-410A-Cyan-Toner-Laserjet-CF411A-scaled.webp"
"5105","HP 410A Magneta Toner Laserjet (CF413A)","https://old.trinatechtonersandprinters.co.ke/wp-content/uploads/2026/02/HP-410A-Magneta-Toner-Laserjet-CF413A-scaled.webp"
"5104","HP 410A Yellow Toner Laserjet (CF412A)","https://old.trinatechtonersandprinters.co.ke/wp-content/uploads/2026/02/HP-410A-Yellow-Toner-Laserjet-CF412A-scaled.webp"
"4160","HP 415A Black Original Laserjet Toner Cartridge","https://old.trinatechtonersandprinters.co.ke/wp-content/uploads/2025/01/HP-415A-Black-Original-LaserJet-Toner.png"
"5103","HP 415A Black Toner Catridge (W2032A)","https://old.trinatechtonersandprinters.co.ke/wp-content/uploads/2026/02/HP-415A-Black-Toner-Catridge-W2032A-scaled.webp"
"5102","HP 415A Cyan Toner Laserjet (W2031A)","https://old.trinatechtonersandprinters.co.ke/wp-content/uploads/2026/02/HP-415A-Cyan-Toner-Laserjet-W2031A-scaled.webp"
"5101","HP 415A Magneta Toner Laserjet (W2033A)","https://old.trinatechtonersandprinters.co.ke/wp-content/uploads/2026/02/HP-415A-Magneta-Toner-Laserjet-W2033A-scaled.webp"
"5100","HP 415A Yellow Toner Laserjet (W2030A)","https://old.trinatechtonersandprinters.co.ke/wp-content/uploads/2026/02/HP-415A-Yellow-Toner-Laserjet-W2030A-scaled.webp"
"5099","HP 42A Black Toner Original Laserjet (Q5942)","https://old.trinatechtonersandprinters.co.ke/wp-content/uploads/2026/02/HP-42A-Black-Toner-Original-Laserjet-Q5942-scaled.webp"
"5098","HP 49A Black Toner Original Laserjet Catridge (Q5949A)","https://old.trinatechtonersandprinters.co.ke/wp-content/uploads/2026/02/HP-49A-Black-Toner-Original-Laserjet-Catridge-Q5949A-scaled.webp"
"5097","HP 504A Black Toner Original Laserjet (CE250A)","https://old.trinatechtonersandprinters.co.ke/wp-content/uploads/2026/02/HP-504A-Black-Toner-Original-Laserjet-CE250A-scaled.webp"
"5096","HP 504A Cyan Toner Original Laserjet (CE251A)","https://old.trinatechtonersandprinters.co.ke/wp-content/uploads/2026/02/HP-504A-Cyan-Toner-Original-Laserjet-CE251A-scaled.webp"
"5095","HP 504A Magneta Toner Original Laserjet (CE253A)","https://old.trinatechtonersandprinters.co.ke/wp-content/uploads/2026/02/HP-504A-Magneta-Toner-Original-Laserjet-CE253A-scaled.webp"
"5094","HP 504A Yellow Toner Original Laserjet (CE252A)","https://old.trinatechtonersandprinters.co.ke/wp-content/uploads/2026/02/HP-504A-Yellow-Toner-Original-Laserjet-CE252A-scaled.webp"
"4819","HP 507A Black Original Laserjet Toner Cartridge","https://old.trinatechtonersandprinters.co.ke/wp-content/uploads/2025/07/HP-507A-Black-Original-Toner.png"
"5093","HP 507A Black Toner Original Laserjet (CE400A)","https://old.trinatechtonersandprinters.co.ke/wp-content/uploads/2026/02/HP-507A-Black-Toner-Original-Laserjet-CE400A-scaled.webp"
"5092","HP 507A Cyan Toner Original Laserjet (CE401A)","https://old.trinatechtonersandprinters.co.ke/wp-content/uploads/2026/02/HP-507A-Cyan-Toner-Original-Laserjet-CE401A-scaled.webp"
"5091","HP 507A Magneta Toner Original Laserjet (CE403A)","https://old.trinatechtonersandprinters.co.ke/wp-content/uploads/2026/02/HP-507A-Magneta-Toner-Original-Laserjet-CE403A-scaled.webp"
"5090","HP 507A Yellow Toner Original Laserjet (CE402A)","https://old.trinatechtonersandprinters.co.ke/wp-content/uploads/2026/02/HP-507A-Yellow-Toner-Original-Laserjet-CE402A-scaled.webp"
"5088","HP 508A Black Toner Laserjet Cartridge (CF360A)","https://old.trinatechtonersandprinters.co.ke/wp-content/uploads/2026/02/HP-508A-Black-Toner-Laserjet-Cartridge-CF360A-scaled.webp"
"5089","HP 508A Cyan Toner Laserjet Cartridge (CF361A)","https://old.trinatechtonersandprinters.co.ke/wp-content/uploads/2026/02/HP-5085A-Cyan-Toner-Laserjet-Cartridge-CF361A-scaled.webp"
"5087","HP 508A Magneta Toner Laserjet Cartridge (CF363A)","https://old.trinatechtonersandprinters.co.ke/wp-content/uploads/2026/02/HP-508A-Magneta-Toner-Laserjet-Cartridge-CF363A-scaled.webp"
"5086","HP 508A Yellow Toner Laserjet Cartridge (CF362A)","https://old.trinatechtonersandprinters.co.ke/wp-content/uploads/2026/02/HP-508A-Yellow-Toner-Laserjet-Cartridge-CF362A-scaled.webp"
"5085","HP 51A Black Toner Original Laserjet (Q7551A)","https://old.trinatechtonersandprinters.co.ke/wp-content/uploads/2026/02/HP-51A-Black-Toner-Original-Laserjet-Q7551A-scaled.webp"
"5084","HP 53A Black Toner Laserjet Cartridge (Q7553A)","https://old.trinatechtonersandprinters.co.ke/wp-content/uploads/2026/02/HP-53A-Black-Toner-Laserjet-Cartridge-Q7553A-scaled.webp"
"3565","HP 55A Black Original Laserjet Toner Cartridge","https://old.trinatechtonersandprinters.co.ke/wp-content/uploads/2024/12/HP-55A-Toner.png"
"5083","HP 55A Black Toner Original Laserjet Original (CE255A)","https://old.trinatechtonersandprinters.co.ke/wp-content/uploads/2026/02/HP-55A-Black-Toner-Original-Laserjet-Original-CE255A-scaled.webp"
"5082","HP 56A Black Toner Original Laserjet (CE256A)","https://old.trinatechtonersandprinters.co.ke/wp-content/uploads/2026/02/HP-56A-Black-Toner-Original-Laserjet-CE256A-scaled.webp"
"3535","HP 59A Black Original Laserjet Toner Cartridge","https://old.trinatechtonersandprinters.co.ke/wp-content/uploads/2024/12/HP-59A-Toner.png"
"5081","HP 59A Black Toner Catridge (CF259A)","https://old.trinatechtonersandprinters.co.ke/wp-content/uploads/2026/02/HP-59A-Black-Toner-Catridge-CF259A-scaled.webp"
"3926","HP 60 Black Original Ink Cartridge","https://old.trinatechtonersandprinters.co.ke/wp-content/uploads/2024/12/HP-60-Black-Original-Ink.png"
"5488","HP 61 Black Original Ink Cartridge (CH561WA)","https://old.trinatechtonersandprinters.co.ke/wp-content/uploads/2026/02/HP-61-Black-Original-Ink-Cartridge-CH561WA.webp"
"5487","HP 61 Tri Color Original Ink Cartridge","https://old.trinatechtonersandprinters.co.ke/wp-content/uploads/2026/02/HP-61-Tri-Color-Original-Ink-Cartridge.webp"
"3932","HP 61 Tri-Colour Original Ink Cartridge","https://old.trinatechtonersandprinters.co.ke/wp-content/uploads/2024/12/HP-61-Tri-colour-Original-Ink.png"
"5486","HP 63 Black Ink Original Cartridge (F6U62AA)","https://old.trinatechtonersandprinters.co.ke/wp-content/uploads/2026/02/HP-63-Black-Ink-Original-Cartridge-F6U62AA.webp"
"3832","HP 63 Black Original Ink Cartridge","https://old.trinatechtonersandprinters.co.ke/wp-content/uploads/2024/12/HP-63-Black-Original-Ink.png"
"5485","HP 63 Tri Color Ink Cartridge (F6U61AA)","https://old.trinatechtonersandprinters.co.ke/wp-content/uploads/2026/02/HP-63-Tri-Color-Ink-Cartridge-F6U61AA.webp"
"3901","HP 63 Tri-Colour Original Ink Cartridge","https://old.trinatechtonersandprinters.co.ke/wp-content/uploads/2024/12/HP-63-Tri-colour-Original-Ink.png"
"5080","HP 647A Black Toner Laserjet Original Catridge (CE260A)","https://old.trinatechtonersandprinters.co.ke/wp-content/uploads/2026/02/HP-647A-Black-Toner-Laserjet-Original-Catridge-CE260A-scaled.webp"
"5079","HP 648A Cyan Toner Laserjet Original Catridge (CE261A)","https://old.trinatechtonersandprinters.co.ke/wp-content/uploads/2026/02/HP-648A-Cyan-Toner-Laserjet-Original-Catridge-CE261A-scaled.webp"
"5078","HP 648A Magneta Toner Laserjet Original (CE263A)","https://old.trinatechtonersandprinters.co.ke/wp-content/uploads/2026/02/HP-648A-Magneta-Toner-Laserjet-Original-CE263A-scaled.webp"
"5077","HP 648A Yellow Toner Laserjet Original Catridge (CE262A)","https://old.trinatechtonersandprinters.co.ke/wp-content/uploads/2026/02/HP-648A-Yellow-Toner-Laserjet-Original-Catridge-CE262A-scaled.webp"
"5076","HP 64A Black Toner Original Laserjet Cartridge (CC364A)","https://old.trinatechtonersandprinters.co.ke/wp-content/uploads/2026/02/HP-64A-Black-Toner-Original-Laserjet-Cartridge-CC364A-scaled.webp"
"5484","HP 650 Black Ink Advantage Cartridge (CH561HE)","https://old.trinatechtonersandprinters.co.ke/wp-content/uploads/2026/02/HP-650-Black-Ink-Advantage-Cartridge-CH561HE.webp"
"3820","HP 650 Black Original Ink Cartridge","https://old.trinatechtonersandprinters.co.ke/wp-content/uploads/2024/12/HP-650-Black-Ink.png"
"5483","HP 650 Tri Color Ink Advantage Cartridge (CH561HE)","https://old.trinatechtonersandprinters.co.ke/wp-content/uploads/2026/02/HP-650-Tri-Color-Ink-Advantage-Cartridge-CH561HE.webp"
"3825","HP 650 Tri-Colour Original Ink Cartridge","https://old.trinatechtonersandprinters.co.ke/wp-content/uploads/2024/12/HP-650-Tri-color-Ink.png"
"5075","HP 650A Black Toner Original Laserjet (CE270A)","https://old.trinatechtonersandprinters.co.ke/wp-content/uploads/2026/02/HP-650A-Black-Toner-Original-Laserjet-CE270A-scaled.webp"
"5074","HP 650A Cyan Toner Original Laserjet (CE271A)","https://old.trinatechtonersandprinters.co.ke/wp-content/uploads/2026/02/HP-650A-Cyan-Toner-Original-Laserjet-CE271A-scaled.webp"
"5073","HP 650A Magneta Toner Original Laserjet (CE273A)","https://old.trinatechtonersandprinters.co.ke/wp-content/uploads/2026/02/HP-650A-Magneta-Toner-Original-Laserjet-CE273A-scaled.webp"
"5072","HP 650A Yellow Toner Original Laserjet (CE272A)","https://old.trinatechtonersandprinters.co.ke/wp-content/uploads/2026/02/HP-650A-Yellow-Toner-Original-Laserjet-CE272A-scaled.webp"
"5482","HP 651 Tri Color Ink Cartridge (C2P11AE)","https://old.trinatechtonersandprinters.co.ke/wp-content/uploads/2026/02/HP-651-Tri-Color-Ink-Cartridge-C2P11AE.webp"
"5071","HP 651A Black Toner Laserjet Cartridge (CE340A)","https://old.trinatechtonersandprinters.co.ke/wp-content/uploads/2026/02/HP-651A-Black-Toner-Laserjet-Cartridge-CE340A-scaled.webp"
"5070","HP 651A Color Toners Cym Each","https://old.trinatechtonersandprinters.co.ke/wp-content/uploads/2026/02/HP-651A-Color-Toners-Cym-Each-scaled.webp"
"5481","HP 652 Black Ink Cartridge (F6V25AE)","https://old.trinatechtonersandprinters.co.ke/wp-content/uploads/2026/02/HP-652-Black-Ink-Cartridge-F6V25AE.webp"
"3953","HP 652 Black Original Ink Cartridge","https://old.trinatechtonersandprinters.co.ke/wp-content/uploads/2024/12/HP-652-Black-Original-Ink.png"
"5480","HP 652 Tri Color Ink Cartridge (F6V24AE)","https://old.trinatechtonersandprinters.co.ke/wp-content/uploads/2026/02/HP-652-Tri-Color-Ink-Cartridge-F6V24AE.webp"
"3956","HP 652 Tri-Colour Original Ink Cartridge","https://old.trinatechtonersandprinters.co.ke/wp-content/uploads/2024/12/HP-652-Tri-colour-Original-Ink.png"
"5479","HP 655 Black Ink Original Cartridge (CZ109AE)","https://old.trinatechtonersandprinters.co.ke/wp-content/uploads/2026/02/HP-655-Black-Ink-Original-Cartridge-CZ109AE.webp"
"3829","HP 655 Black Original Ink Cartridge","https://old.trinatechtonersandprinters.co.ke/wp-content/uploads/2024/12/HP-655-Black-Ink.png"
"5478","HP 655 Cyan Ink Original Cartridge (CZ119AE)","https://old.trinatechtonersandprinters.co.ke/wp-content/uploads/2026/02/HP-655-Cyan-Ink-Original-Cartridge-CZ119AE.webp"
"5477","HP 655 Magenta Ink Original Cartridge (CZ111AE)","https://old.trinatechtonersandprinters.co.ke/wp-content/uploads/2026/02/HP-655-Magenta-Ink-Original-Cartridge-CZ111AE.webp"
"5476","HP 655 Yellow Ink Original Cartridge (CZ112AE)","https://old.trinatechtonersandprinters.co.ke/wp-content/uploads/2026/02/HP-655-Yellow-Ink-Original-Cartridge-CZ112AE.webp"
"5069","HP 655A Black Toner Laserjet Cartridge (CF450A)","https://old.trinatechtonersandprinters.co.ke/wp-content/uploads/2026/02/HP-655A-Black-Toner-Laserjet-Cartridge-CF450A-scaled.webp"
"5475","HP 655A Cym Toner Cartridge Each","https://old.trinatechtonersandprinters.co.ke/wp-content/uploads/2026/02/HP-655A-Cym-Toner-Cartridge-Each.webp"
"5068","HP 659A Black Toner Laserjet Cartridge (W2010A)","https://old.trinatechtonersandprinters.co.ke/wp-content/uploads/2026/02/HP-659A-Black-Toner-Laserjet-Cartridge-W2010A-scaled.webp"
"5067","HP 659A Cym Toner Each","https://old.trinatechtonersandprinters.co.ke/wp-content/uploads/2026/02/HP-659A-Cym-Toner-Each-scaled.webp"
"5474","HP 711 Black Ink Cartridge","https://old.trinatechtonersandprinters.co.ke/wp-content/uploads/2026/02/HP-711-Black-Ink-Cartridge.webp"
"5473","HP 711 Cyan Ink Cartridge 38ML Genune (CZ130A)","https://old.trinatechtonersandprinters.co.ke/wp-content/uploads/2026/02/HP-711-Cyan-Ink-Cartridge-38ML-Genune-CZ130A.webp"
"5472","HP 711 Maenta Ink Cartridge 38ML Genune (CZ131A)","https://old.trinatechtonersandprinters.co.ke/wp-content/uploads/2026/02/HP-711-Maenta-Ink-Cartridge-38ML-Genune-CZ131A.webp"
"5471","HP 711 Yellow Ink Cartridge 38ML Genune (CZ132A)","https://old.trinatechtonersandprinters.co.ke/wp-content/uploads/2026/02/HP-711-Yellow-Ink-Cartridge-38ML-Genune-CZ132A.webp"
"5307","HP 72 130-ML Black Matte Designjet Ink Each","https://old.trinatechtonersandprinters.co.ke/wp-content/uploads/2026/02/HP-72-130-ML-Black-Matte-Designjet-Ink-Each.webp"
"5306","HP 72 Design Jet Printehead Magnta | Cyan, C9383A","https://old.trinatechtonersandprinters.co.ke/wp-content/uploads/2026/02/HP-72-Design-Jet-Printehead-Magnta-Cyan-C9383A.webp"
"5305","HP 72 Gray | Photo Black Designjet Printhead, C9380A","https://old.trinatechtonersandprinters.co.ke/wp-content/uploads/2026/02/HP-72-Gray-Photo-Black-Designjet-Printhead-C9380A.webp"
"5304","HP 72 Matte Black | Yellow Designjet Printhead, C9384A","https://old.trinatechtonersandprinters.co.ke/wp-content/uploads/2026/02/HP-72-Matte-Black-Yellow-Designjet-Printhead-C9384A.webp"
"5302","HP 727 Black Designjet Ink (130-ML Cartridge)","https://old.trinatechtonersandprinters.co.ke/wp-content/uploads/2026/02/HP-727-Black-Designjet-Ink-130-ML-Cartridge.webp"
"5303","HP 727 Cym Designjet Ink (130-ML Cartridge Each)","https://old.trinatechtonersandprinters.co.ke/wp-content/uploads/2026/02/HP-727-Cym-Designjet-Ink-130-ML-Cartridge-Each.webp"
"5301","HP 728 Black 300ML Matte Designjet Ink Cartridge Each","https://old.trinatechtonersandprinters.co.ke/wp-content/uploads/2026/02/HP-728-Black-300ML-Matte-Designjet-Ink-Cartridge-Each.webp"
"5300","HP 728 Cym High Capacity Ink 130-ML Each","https://old.trinatechtonersandprinters.co.ke/wp-content/uploads/2026/02/HP-728-Cym-High-Capacity-Ink-130-ML-Each.webp"
"5299","HP 730 Designjet Ink Cartridges 130-ML Each","https://old.trinatechtonersandprinters.co.ke/wp-content/uploads/2026/02/HP-730-Designjet-Ink-Cartridges-130-ML-Each.webp"
"5066","HP 76A Black Toner Laserjet Cartridge (CF276A)","https://old.trinatechtonersandprinters.co.ke/wp-content/uploads/2026/02/HP-76A-Black-Toner-Laserjet-Cartridge-CF276A-scaled.webp"
"5298","HP 771 Designjet 775-ML Ink Cartridge Each","https://old.trinatechtonersandprinters.co.ke/wp-content/uploads/2026/02/HP-771-Designjet-775-ML.png"
"3552","HP 78A Black Original Laserjet Toner Cartridge","https://old.trinatechtonersandprinters.co.ke/wp-content/uploads/2024/12/HP-78A-Toner.png"
"5065","HP 78A Black Toner Laserjet (CE278A)","https://old.trinatechtonersandprinters.co.ke/wp-content/uploads/2026/02/HP-78A-Black-Toner-Laserjet-CE278A-scaled.webp"
"5064","HP 79A Black Laserjet Toner Cartridge","https://old.trinatechtonersandprinters.co.ke/wp-content/uploads/2026/02/HP-79A-Black-Laserjet-Toner-Cartridge-scaled.webp"
"4151","HP 79A Black Original Laserjet Toner Cartridge","https://old.trinatechtonersandprinters.co.ke/wp-content/uploads/2025/01/HP-79A-Black-Original-LaserJet-Toner.png"
"4603","HP 80A Black Original Laserjet Toner Cartridge (CF280A)","https://old.trinatechtonersandprinters.co.ke/wp-content/uploads/2025/07/HP-80A-Black-Original-LaserJet-Toner-Cartridge.png"
"5063","HP 80A Black Toner Laserjet (CE280A)","https://old.trinatechtonersandprinters.co.ke/wp-content/uploads/2026/02/HP-80A-Black-Toner-Laserjet-CE280A-scaled.webp"
"4781","HP 81A Black Original Laserjet Toner Cartridge","https://old.trinatechtonersandprinters.co.ke/wp-content/uploads/2025/07/HP-81A-Black-Original-Toner.png"
"5062","HP 81A Black Toner Laserjet Catrigde (CF281A)","https://old.trinatechtonersandprinters.co.ke/wp-content/uploads/2026/02/HP-81A-Black-Toner-Laserjet-Catrigde-CF281A-scaled.webp"
"5061","HP 827A Black Toner Laserjet Cartridge (CF300A)","https://old.trinatechtonersandprinters.co.ke/wp-content/uploads/2026/02/HP-827A-Black-Toner-Laserjet-Cartridge-CF300A-scaled.webp"
"5060","HP 827A Color Toner Cartridges Each","https://old.trinatechtonersandprinters.co.ke/wp-content/uploads/2026/02/HP-827A-Color-Toner-Cartridges-Each-scaled.webp"
"5059","HP 828A Black Drum Laserjet Image (CF358A)","https://old.trinatechtonersandprinters.co.ke/wp-content/uploads/2026/02/HP-828A-Black-Drum-Laserjet-Image-CF358A-scaled.webp"
"5058","HP 828A Drum Units Cym Each","https://old.trinatechtonersandprinters.co.ke/wp-content/uploads/2026/02/HP-828A-Drum-Units-Cym-Each-scaled.webp"
"3542","HP 83A Black Original Laserjet Toner Cartridge","https://old.trinatechtonersandprinters.co.ke/wp-content/uploads/2024/12/HP-83A-Toner.png"
"5057","HP 83A Black Toner Laserjet (CF283A)","https://old.trinatechtonersandprinters.co.ke/wp-content/uploads/2026/02/HP-83A-Black-Toner-Laserjet-CF283A-scaled.webp"
"4580","HP 85A Black Original Laserjet Toner Cartridge","https://old.trinatechtonersandprinters.co.ke/wp-content/uploads/2025/07/HP-85A-Black-LaserJet-Toner.png"
"5056","HP 85A Black Toner Laserjet (CE285A)","https://old.trinatechtonersandprinters.co.ke/wp-content/uploads/2026/02/HP-85A-Black-Toner-Laserjet-CE285A-scaled.webp"
"4790","HP 87A Black Original Laserjet Toner Cartridge","https://old.trinatechtonersandprinters.co.ke/wp-content/uploads/2025/07/HP-87A-Black-Original-Toner.png"
"5055","HP 87A Black Toner Original Laserjet (CF287A)","https://old.trinatechtonersandprinters.co.ke/wp-content/uploads/2026/02/HP-87A-Black-Toner-Original-Laserjet-CF287A-scaled.webp"
"5054","HP 89A Black Toner Cartridge (CF289A)","https://old.trinatechtonersandprinters.co.ke/wp-content/uploads/2026/02/HP-89A-Black-Toner-Cartridge-CF289A-scaled.webp"
"5470","HP 901 Black Ink Cartridge (CC653A)","https://old.trinatechtonersandprinters.co.ke/wp-content/uploads/2026/02/HP-901-Black-Ink-Cartridge-CC653A.png"
"3917","HP 901 Black Original Ink Cartridge","https://old.trinatechtonersandprinters.co.ke/wp-content/uploads/2024/12/HP-901-Black-Original-Ink.png"
"5469","HP 901 Tri Color Ink Cartridge","https://old.trinatechtonersandprinters.co.ke/wp-content/uploads/2026/02/HP-901-Tri-Color-Ink-Cartridge.webp"
"3920","HP 901 Tri-Colour Original Ink Cartridge","https://old.trinatechtonersandprinters.co.ke/wp-content/uploads/2024/12/HP-901-Tri-colour-Original-Ink.png"
"5468","HP 903 Black Ink High Capacity Cartridge (T6M15AE)","https://old.trinatechtonersandprinters.co.ke/wp-content/uploads/2026/02/HP-903-Black-Ink-High-Capacity-Cartridge-T6M15AE.webp"
"5467","HP 903 Cyan Ink Original Cartridge (T6L87AE)","https://old.trinatechtonersandprinters.co.ke/wp-content/uploads/2026/02/HP-903-Cyan-Ink-Original-Cartridge-T6L87AE.webp"
"5466","HP 903 Magenta Ink Original Cartridge (T6L91AE)","https://old.trinatechtonersandprinters.co.ke/wp-content/uploads/2026/02/HP-903-Magenta-Ink-Original-Cartridge-T6L91AE.webp"
"5465","HP 903 Yellow Ink Original Cartridge (T6L95AE)","https://old.trinatechtonersandprinters.co.ke/wp-content/uploads/2026/02/HP-903-Yellow-Ink-Original-Cartridge-T6L95AE.webp"
"5464","HP 903XL Cyan High Capacity Cartridge","https://old.trinatechtonersandprinters.co.ke/wp-content/uploads/2026/02/HP-903XL-Cyan-High-Capacity-Cartridge.webp"
"5463","HP 903XL Magenta Ink High Capacity Cartridge (T6M07AE)","https://old.trinatechtonersandprinters.co.ke/wp-content/uploads/2026/02/HP-903XL-Magenta-Ink-High-Capacity-Cartridge-T6M07AE.webp"
"5462","HP 903XL Yellow Ink High Capacity Cartridge (T6M11AE)","https://old.trinatechtonersandprinters.co.ke/wp-content/uploads/2026/02/HP-903XL-Yellow-Ink-High-Capacity-Cartridge-T6M11AE.webp"
"4787","HP 90A Black Original Laserjet Toner Cartridge","https://old.trinatechtonersandprinters.co.ke/wp-content/uploads/2025/07/HP-90A-Black-Original-Toner.png"
"5053","HP 90A Black Toner Laserjet Original (CE390A)","https://old.trinatechtonersandprinters.co.ke/wp-content/uploads/2026/02/HP-90A-Black-Toner-Laserjet-Original-CE390A-scaled.webp"
"3923","HP 920 Black Original Ink Cartridge","https://old.trinatechtonersandprinters.co.ke/wp-content/uploads/2024/12/HP-920-Black-Original-Ink.png"
"5461","HP 920XL Black Cartridge High Yield Original Ink (CD975AA)","https://old.trinatechtonersandprinters.co.ke/wp-content/uploads/2026/02/HP-920XL-Black-Cartridge-High-Yield-Original-Ink-CD975AA.webp"
"5460","HP 920XL High Yield Ink Cartridge Cmy Each","https://old.trinatechtonersandprinters.co.ke/wp-content/uploads/2026/02/HP-920XL-High-Yield-Ink-Cartridge-Cmy-Each.webp"
"5459","HP 932 Black Ink Original Cartridge (CN0557AE)","https://old.trinatechtonersandprinters.co.ke/wp-content/uploads/2026/02/HP-932-Black-Ink-Original-Cartridge-CN0557AE.webp"
"3962","HP 932 Black Original Ink Cartridge","https://old.trinatechtonersandprinters.co.ke/wp-content/uploads/2024/12/HP-932-Black-Original-Ink.png"
"5458","HP 932XL Black Ink High Yield Cartridge (CN049AE)","https://old.trinatechtonersandprinters.co.ke/wp-content/uploads/2026/02/HP-932XL-Black-Ink-High-Yield-Cartridge-CN049AE.webp"
"5457","HP 933 Color Ink High Yield Cartridge Each","https://old.trinatechtonersandprinters.co.ke/wp-content/uploads/2026/02/HP-933XL-Color-Ink-High-Yield-Cartridge-Cmy-Each.webp"
"5456","HP 933XL Color Ink High Yield Cartridge Cmy Each","https://old.trinatechtonersandprinters.co.ke/wp-content/uploads/2026/02/HP-933XL-Color-Ink-High-Yield-Cartridge-Cmy-Each-1.webp"
"5455","HP 934 Black Ink Original Cartridge (C2P19AE)","https://old.trinatechtonersandprinters.co.ke/wp-content/uploads/2026/02/HP-934-Black-Ink-Original-Cartridge-C2P19AE.webp"
"5454","HP 934XL Black Ink High Yield Cartridge (C2P23AN)","https://old.trinatechtonersandprinters.co.ke/wp-content/uploads/2026/02/HP-934XL-Black-Ink-High-Yield-Cartridge-C2P23AN.webp"
"5453","HP 935 Cyan Ink Original Cartridge (C2P20AE)","https://old.trinatechtonersandprinters.co.ke/wp-content/uploads/2026/02/HP-935-Cyan-Ink-Original-Cartridge-C2P20AE.png"
"5452","HP 935 Magenta Ink Original Cartridge (C2P21AE)","https://old.trinatechtonersandprinters.co.ke/wp-content/uploads/2026/02/HP-935-Magenta-Ink-Original-Cartridge-C2P21AE.webp"
"5451","HP 935 Yellow Ink Original Cartridge (C2P22AE)","https://old.trinatechtonersandprinters.co.ke/wp-content/uploads/2026/02/HP-935-Yellow-Ink-Original-Cartridge-C2P22AE.png"
"5450","HP 935XL Cyan Ink High Yield Cartridge","https://old.trinatechtonersandprinters.co.ke/wp-content/uploads/2026/02/HP-935XL-Cyan-Ink-High-Yield-Cartridge.webp"
"5449","HP 935XL Magenta Ink High Yield Cartridge (C2P25AE)","https://old.trinatechtonersandprinters.co.ke/wp-content/uploads/2026/02/HP-935XL-Magenta-Ink-High-Yield-Cartridge-C2P25AE.webp"
"5448","HP 935XL Yellow Ink High Yield Cartridge","https://old.trinatechtonersandprinters.co.ke/wp-content/uploads/2026/02/HP-935XL-Yellow-Ink-High-Yield-Cartridge.webp"
"5447","HP 950 Black Ink Original Cartridge (CN049AE)","https://old.trinatechtonersandprinters.co.ke/wp-content/uploads/2026/02/HP-950-Black-Ink-Original-Cartridge-CN049AE.webp"
"3959","HP 950 Black Original Ink Cartridge","https://old.trinatechtonersandprinters.co.ke/wp-content/uploads/2024/12/HP-950-Black-Original-Ink.png"
"5446","HP 950XL Black Ink High Yield Cartridge","https://old.trinatechtonersandprinters.co.ke/wp-content/uploads/2026/02/HP-950XL-Black-Ink-High-Yield-Cartridge.webp"
"5445","HP 951XL Color Ink High Yieldcartridge Each","https://old.trinatechtonersandprinters.co.ke/wp-content/uploads/2026/02/HP-951XL-Color-Ink-High-Yieldcartridge-Each.webp"
"5444","HP 952 Black Ink Cartridge","https://old.trinatechtonersandprinters.co.ke/wp-content/uploads/2026/02/HP-952-Black-Ink-Cartridge.webp"
"5443","HP 952 Cym Ink Cartridge Cartridge Each","https://old.trinatechtonersandprinters.co.ke/wp-content/uploads/2026/02/HP-952-Cym-Ink-Cartridge-Cartridge-Each.webp"
"5442","HP 953 Black Cartridge High Yield Ink","https://old.trinatechtonersandprinters.co.ke/wp-content/uploads/2026/02/HP-953-Black-Cartridge-High-Yield-Ink.webp"
"3938","HP 953 Black Original Ink Cartridge","https://old.trinatechtonersandprinters.co.ke/wp-content/uploads/2024/12/HP-953-Black-Original-Ink.png"
"5441","HP 953 Color Cartridge High Yield Ink Each","https://old.trinatechtonersandprinters.co.ke/wp-content/uploads/2026/02/HP-953XL-Color-Cartridge-High-Yield-Ink-Each-2.webp"
"5440","HP 953XL Black Ink High Yield Caetridge","https://old.trinatechtonersandprinters.co.ke/wp-content/uploads/2026/02/HP-953XL-Black-Ink-High-Yield-Caetridge.webp"
"5439","HP 953XL Color Cartridge High Yield Ink Each","https://old.trinatechtonersandprinters.co.ke/wp-content/uploads/2026/02/HP-953XL-Color-Cartridge-High-Yield-Ink-Each-1.webp"
"5438","HP 955 Black Ink Cartridge (L0S60AA)","https://old.trinatechtonersandprinters.co.ke/wp-content/uploads/2026/02/HP-955-Black-Ink-Cartridge-L0S60AA.webp"
"5437","HP 963 Black Ink Cartridge","https://old.trinatechtonersandprinters.co.ke/wp-content/uploads/2026/02/HP-963-Black-Ink-Cartridge.webp"
"5436","HP 9633 Color Ink Cartridge Cym Each","https://old.trinatechtonersandprinters.co.ke/wp-content/uploads/2026/02/HP-963.png"
"5435","HP 963XL Black Ink High Yirld Cartridge","https://old.trinatechtonersandprinters.co.ke/wp-content/uploads/2026/02/HP-963XL-Black-Ink-High-Yirld-Cartridge.webp"
"5434","HP 963XL Color Ink Cartridge Cmy Each","https://old.trinatechtonersandprinters.co.ke/wp-content/uploads/2026/02/HP-963XL-Color-Ink-Cartridge-Cmy-Each.webp"
"5297","HP 973X Black High Yield Pagewide Cartridge","https://old.trinatechtonersandprinters.co.ke/wp-content/uploads/2026/02/HP-973X-Black-High-Yield-Pagewide-Cartridge.webp"
"5296","HP 973X Cmy High Yield Pagewide Cartridge Each","https://old.trinatechtonersandprinters.co.ke/wp-content/uploads/2026/02/HP-973X-Cmy-High-Yield-Pagewide-Cartridge-Each.webp"
"5295","HP Black 970XL/971XL Ink Original Cartridges","https://old.trinatechtonersandprinters.co.ke/wp-content/uploads/2026/02/HP-Black-970XL-971XL-Ink-Original-Cartridges.webp"
"4474","HP Color Laser Mfp 179FNW Printer","https://old.trinatechtonersandprinters.co.ke/wp-content/uploads/2025/01/HP-MFP-179fnw.png"
"4477","HP Color Laserjet Pro Mfp M182N Printer","https://old.trinatechtonersandprinters.co.ke/wp-content/uploads/2025/01/HP-MFP-M182n.png"
"4480","HP Color Laserjet Pro Mfp M183FW Printer","https://old.trinatechtonersandprinters.co.ke/wp-content/uploads/2025/01/HP-MFP-M183fw.png"
"4483","HP Color Laserjet Pro Mfp M283FDN Printer","https://old.trinatechtonersandprinters.co.ke/wp-content/uploads/2025/01/HP-MFP-M283fdn.png"
"4486","HP Color Laserjet Pro Mfp M479DW Printer","https://old.trinatechtonersandprinters.co.ke/wp-content/uploads/2025/01/HP-MFP-M479dw.png"
"4490","HP Deskjet 2710 All-In-One Printer","https://old.trinatechtonersandprinters.co.ke/wp-content/uploads/2025/01/HP-DeskJet-2710.png"
"5294","HP GT51 Black Ink Bottle (MOH57AE)","https://old.trinatechtonersandprinters.co.ke/wp-content/uploads/2026/02/HP-GT51-Black-Ink-Bottle-MOH57AE.webp"
"5293","HP GT52 Cyan Ink Bottle (MOH54AE)","https://old.trinatechtonersandprinters.co.ke/wp-content/uploads/2026/02/HP-GT52-Cyan-Ink-Bottle-MOH54AE.webp"
"5292","HP GT52 Magenta Ink Bottle (MOH55AA)","https://old.trinatechtonersandprinters.co.ke/wp-content/uploads/2026/02/HP-GT52-Magenta-Ink-Bottle-MOH55AA.webp"
"5291","HP GT52 Yellow Ink Bottle (MOH56AA)","https://old.trinatechtonersandprinters.co.ke/wp-content/uploads/2026/02/HP-GT52-Yellow-Ink-Bottle-MOH56AA.webp"
"5290","HP GT53-90-ML Black Original Ink Bottle","https://old.trinatechtonersandprinters.co.ke/wp-content/uploads/2026/02/HP-GT53-90-ML-Black-Original-Ink-Bottle.webp"
"4525","HP GT53XL Original Ink","https://old.trinatechtonersandprinters.co.ke/wp-content/uploads/2025/01/HP-GT53XL-ORIGINAL-INK.png"
"5289","HP M0H50A Tri-Color GT52 Replacement Printhead","https://old.trinatechtonersandprinters.co.ke/wp-content/uploads/2026/02/HP-M0H50A-Tri-Color-GT52-Replacement-Printhead.webp"
"5288","HP M0H51A Black GT51 Replacement Printhead","https://old.trinatechtonersandprinters.co.ke/wp-content/uploads/2026/02/HP-M0H51A-Black-GT51-Replacement-Printhead.webp"
"3502","HP M22F Fhd (1080P) Ips Frameless LED Backlit 22-INCH Monitor","https://old.trinatechtonersandprinters.co.ke/wp-content/uploads/2024/12/HP-M22f-Monitor.png"
"3444","HP Scanjet Pro 3600 F1 Scanner","https://old.trinatechtonersandprinters.co.ke/wp-content/uploads/2024/12/HP-ScanJet-Pro-Scanner.png"
"3504","HP V24I G5 Fhd Monitor","https://old.trinatechtonersandprinters.co.ke/wp-content/uploads/2024/12/HP-V24i-G5-Monitor.png"
"5287","HP X4E75A Black Inktank Printhead","https://old.trinatechtonersandprinters.co.ke/wp-content/uploads/2026/02/HP-X4E75A-Black-Inktank-Printhead.webp"
"3584","Pressure Roller For HP Laserjet 1102/1018/1020 Printers","https://old.trinatechtonersandprinters.co.ke/wp-content/uploads/2024/12/Pressure-Roller-for-HP-LaserJet.png"
"3587","Pressure Roller For HP Laserjet 2050/2055/PRO 400 Printers","https://old.trinatechtonersandprinters.co.ke/wp-content/uploads/2024/12/Pressure-Roller-for-HP-LaserJet.png"
"3582","Teflon Fuser Film Sleeve For HP Laserjet 1102/1020/1018 Printers","https://old.trinatechtonersandprinters.co.ke/wp-content/uploads/2024/12/Teflon-Fuser-Film-Sleeve.png"
"3586","Teflon Fuser Film Sleeve For HP Laserjet 2050/PRO 400 Printers","https://old.trinatechtonersandprinters.co.ke/wp-content/uploads/2024/12/Teflon-Fuser-Film-Sleeve.png"
"4424","Konica Minolta TN216 Toner Cartridge","https://old.trinatechtonersandprinters.co.ke/wp-content/uploads/2025/01/Konica-Minolta-TN216-Toner.png"
"4434","Konica Minolta TN217 Toner Cartridge","https://old.trinatechtonersandprinters.co.ke/wp-content/uploads/2025/01/Konica-Minolta-TN217-Toner.png"
"4431","Konica Minolta TN321 Toner Cartridge","https://old.trinatechtonersandprinters.co.ke/wp-content/uploads/2025/01/Konica-Minolta-TN321-Toner.png"
"4427","Konica Minolta TN324 Toner Cartridge","https://old.trinatechtonersandprinters.co.ke/wp-content/uploads/2025/01/Konica-Minolta-TN324-Toner.png"
"4449","Blade Cleaning Blade For Kyocera Mita KM-2050","https://old.trinatechtonersandprinters.co.ke/wp-content/uploads/2025/01/Blade-KM-2050.png"
"3471","Kyocera Ecosys Fs 1025 Multifunction Laser Printer","https://old.trinatechtonersandprinters.co.ke/wp-content/uploads/2024/12/Kyocera-FS-1025-Multi-Function-Printer.png"
"3457","Kyocera Ecosys M2135DN A4 Mono Multifunction Laser Printer","https://old.trinatechtonersandprinters.co.ke/wp-content/uploads/2024/12/Kyocera-ECOSYS-M2135dn-A4-mfp-Printer.png"
"3450","Kyocera Ecosys MA4500IX Mono Multifunction Laser Printer","https://old.trinatechtonersandprinters.co.ke/wp-content/uploads/2024/12/Kyocera-ECOSYS-MA4500ix-mfp-Printer.png"
"3459","Kyocera MA2000W Monochrome Multifunction Laser Printer","https://old.trinatechtonersandprinters.co.ke/wp-content/uploads/2024/12/Kyocera-MA2000w-mfp-Printer.png"
"5052","Kyocera Royal 1KG Refill Powder","https://old.trinatechtonersandprinters.co.ke/wp-content/uploads/2026/08/5052_kyocera_kyocera-royal-1kg-refill-powder.jpg.png"
"4853","Kyocera TK-1110 Toner Cartridge","https://old.trinatechtonersandprinters.co.ke/wp-content/uploads/2025/07/Kyocera-TK-1110-Toner.png"
"4232","Kyocera TK-1120 Toner Cartridge","https://old.trinatechtonersandprinters.co.ke/wp-content/uploads/2025/01/Kyocera-TK-1120-Toner.png"
"4220","Kyocera TK-1130 Toner Cartridge","https://old.trinatechtonersandprinters.co.ke/wp-content/uploads/2025/01/Kyocera-TK-1130-Toner.png"
"4717","Kyocera TK-1150 Toner Cartridge","https://old.trinatechtonersandprinters.co.ke/wp-content/uploads/2025/07/Kyocera-TK-1150-Toner.png"
"4247","Kyocera TK-1160 Toner Cartridge","https://old.trinatechtonersandprinters.co.ke/wp-content/uploads/2025/01/Kyocera-TK-1160-Toner.png"
"4244","Kyocera TK-1170 Toner Cartridge","https://old.trinatechtonersandprinters.co.ke/wp-content/uploads/2025/01/Kyocera-TK-1170-Toner.png"
"4289","Kyocera TK-1242 Toner Cartridge","https://old.trinatechtonersandprinters.co.ke/wp-content/uploads/2025/01/Kyocera-TK-1242-Toner.png"
"4223","Kyocera TK-130 Toner Cartridge","https://old.trinatechtonersandprinters.co.ke/wp-content/uploads/2025/01/Kyocera-TK-130-Toner.png"
"4268","Kyocera TK-3060 Toner Cartridge","https://old.trinatechtonersandprinters.co.ke/wp-content/uploads/2025/01/Kyocera-TK-3060-Toner.png"
"4298","Kyocera TK-3110 Toner Cartridge","https://old.trinatechtonersandprinters.co.ke/wp-content/uploads/2025/01/Kyocera-TK-3110-Toner.png"
"4214","Kyocera TK-3130 Toner Cartridge","https://old.trinatechtonersandprinters.co.ke/wp-content/uploads/2025/01/Kyocera-TK-3130-Toner.png"
"4256","Kyocera TK-3190 Toner Cartridge","https://old.trinatechtonersandprinters.co.ke/wp-content/uploads/2025/01/Kyocera-TK-3190-Toner.png"
"4262","Kyocera TK-340 Toner Cartridge","https://old.trinatechtonersandprinters.co.ke/wp-content/uploads/2025/01/Kyocera-TK-340-Toner.png"
"4238","Kyocera TK-350 Toner Cartridge","https://old.trinatechtonersandprinters.co.ke/wp-content/uploads/2025/01/Kyocera-TK-350-Toner.png"
"4277","Kyocera TK-360 Toner Cartridge","https://old.trinatechtonersandprinters.co.ke/wp-content/uploads/2025/01/Kyocera-TK-360-Toner.png"
"4838","Kyocera TK-410 Toner Cartridge","https://old.trinatechtonersandprinters.co.ke/wp-content/uploads/2025/07/Kyocera-TK-410-Toner.png"
"4726","Kyocera TK-4175 Toner Cartridge","https://old.trinatechtonersandprinters.co.ke/wp-content/uploads/2025/07/Kyocera-TK-4175-Toner.png"
"4211","Kyocera TK-475 Toner Cartridge","https://old.trinatechtonersandprinters.co.ke/wp-content/uploads/2025/01/Kyocera-Tk-475-Toner.png"
"4265","Kyocera TK-5150 Toner Cartridge","https://old.trinatechtonersandprinters.co.ke/wp-content/uploads/2025/01/Kyocera-TK-5150-Toner.png"
"4286","Kyocera TK-5240 Toner Cartridge","https://old.trinatechtonersandprinters.co.ke/wp-content/uploads/2025/01/Kyocera-TK-5240-Toner.png"
"4292","Kyocera TK-5270 Toner Cartridge","https://old.trinatechtonersandprinters.co.ke/wp-content/uploads/2025/01/Kyocera-TK-5270-Toner.png"
"4295","Kyocera TK-5280 Toner Cartridge","https://old.trinatechtonersandprinters.co.ke/wp-content/uploads/2025/01/Kyocera-TK-5280-Toner.png"
"4301","Kyocera TK-590 Toner Cartridge","https://old.trinatechtonersandprinters.co.ke/wp-content/uploads/2025/01/Kyocera-TK-590-Toner.png"
"4229","Kyocera TK-6115 Toner Cartridge","https://old.trinatechtonersandprinters.co.ke/wp-content/uploads/2025/01/Kyocera-TK-6115-Toner.png"
"4729","Kyocera TK-6325 Toner Cartridge","https://old.trinatechtonersandprinters.co.ke/wp-content/uploads/2025/07/Kyocera-TK-6325-Toner.png"
"4226","Kyocera TK-675 Toner Cartridge","https://old.trinatechtonersandprinters.co.ke/wp-content/uploads/2025/01/Kyocera-TK-675-Toner.png"
"4259","Kyocera TK-7105 Toner Cartridge","https://old.trinatechtonersandprinters.co.ke/wp-content/uploads/2025/01/Kyocera-TK-7105-Toner.png"
"4271","Kyocera TK-7125 Toner Cartridge","https://old.trinatechtonersandprinters.co.ke/wp-content/uploads/2025/01/Kyocera-TK-7125-Toner.png"
"4253","Kyocera TK-715 Toner Cartridge","https://old.trinatechtonersandprinters.co.ke/wp-content/uploads/2025/01/Kyocera-TK-715-Toner.png"
"4841","Kyocera TK-7205 Toner Cartridge","https://old.trinatechtonersandprinters.co.ke/wp-content/uploads/2025/07/Kyocera-TK-7205-Toner.png"
"4274","Kyocera TK-7225 Toner Cartridge","https://old.trinatechtonersandprinters.co.ke/wp-content/uploads/2025/01/Kyocera-TK-7225-Toner.png"
"4250","Kyocera TK-725 Toner Cartridge","https://old.trinatechtonersandprinters.co.ke/wp-content/uploads/2025/01/Kyocera-TK-725-Toner.png"
"4283","Kyocera TK-8325 Toner Cartridge","https://old.trinatechtonersandprinters.co.ke/wp-content/uploads/2025/01/Kyocera-TK-8325-Toner.png"
"4280","Kyocera TK-8335 Toner Cartridge","https://old.trinatechtonersandprinters.co.ke/wp-content/uploads/2025/01/Kyocera-TK-8335-Toner.png"
"4773","Kyocera TK-8365 Toner Cartridge","https://old.trinatechtonersandprinters.co.ke/wp-content/uploads/2025/07/Kyocera-TK-8365-Toner.png"
"3454","Kyocera Taskalfa 2020 A4/A3 Monochrome Multifunction Printer","https://old.trinatechtonersandprinters.co.ke/wp-content/uploads/2024/12/Kyocera-TASKALFA-mfp-Printer.png"
"3452","Kyocera Taskalfa 2321 Monochrome Multifunction A3 Printer","https://old.trinatechtonersandprinters.co.ke/wp-content/uploads/2024/12/Kyocera-TASKALFA-mfp-Printer.png"
"5022","Royal 500G Kyocera Powder","https://old.trinatechtonersandprinters.co.ke/wp-content/uploads/2026/02/Universal-Toner.png"
"3489","Lenovo Ideapad 3 Core I3 4GB/1TB/14""/UBUNTU Laptop","https://old.trinatechtonersandprinters.co.ke/wp-content/uploads/2024/12/Lenovo-IdeaPad-3-Laptop.png"
"3487","Lenovo Ideapad 3 Core I5 4GB/1TB/15.6"" Laptop","https://old.trinatechtonersandprinters.co.ke/wp-content/uploads/2024/12/Lenovo-IdeaPad-3-Laptop.png"
"4044","Mecer 650VA Line Interactive Ups (ME-650-VU)","https://old.trinatechtonersandprinters.co.ke/wp-content/uploads/2025/01/Mecer-UPS.png"
"5275","Bizhub C220/280/360 Toner TN-216/319","https://old.trinatechtonersandprinters.co.ke/wp-content/uploads/2026/02/Bizhub-C220-280-360-Toner-TN-216-319.png"
"5285","CPI10 Ink","https://old.trinatechtonersandprinters.co.ke/wp-content/uploads/2026/02/CPI10-Ink.webp"
"4365","CPMT21 Master Roll For Gestetner Copy Printer","https://old.trinatechtonersandprinters.co.ke/wp-content/uploads/2025/01/CPMT21-Master-Roll.png"
"4372","Copyprinter Ink Cpi 10","https://old.trinatechtonersandprinters.co.ke/wp-content/uploads/2025/01/CPI-10-ink.png"
"5277","DX2330 Master","https://old.trinatechtonersandprinters.co.ke/wp-content/uploads/2026/02/DX2330-Master.webp"
"5276","DX2430 Master","https://old.trinatechtonersandprinters.co.ke/wp-content/uploads/2026/02/DX2430-Master.png"
"5260","Developer Type 26","https://old.trinatechtonersandprinters.co.ke/wp-content/uploads/2026/02/Developer-Type-26-scaled.webp"
"5259","Developer Type 28","https://old.trinatechtonersandprinters.co.ke/wp-content/uploads/2026/02/Developer-Type-28-scaled.webp"
"5284","F11 Ink","https://old.trinatechtonersandprinters.co.ke/wp-content/uploads/2026/02/F11-Ink.webp"
"5282","Gestetner CPMT20 Duplicator Master Paper","https://old.trinatechtonersandprinters.co.ke/wp-content/uploads/2026/02/Gestetner-CPMT20-Duplicator-Master-Paper.webp"
"5281","Gestetner CPMT21 Cpi 10 Master Roll","https://old.trinatechtonersandprinters.co.ke/wp-content/uploads/2026/02/Gestetner-CPMT21-Cpi-10-Master-Roll.webp"
"5224","Gestetner DSM415 Black Toner Cartridge","https://old.trinatechtonersandprinters.co.ke/wp-content/uploads/2026/08/5224_other_gestetner-dsm415-black-toner-cartridge.jpg"
"5223","Gestetner DSM615/DSM618 Black Toner Cartridge","https://old.trinatechtonersandprinters.co.ke/wp-content/uploads/2026/08/5223_other_gestetner-dsm615-dsm618-black-toner-cartridge.jpg.png"
"5258","Km 2050 Blade","https://old.trinatechtonersandprinters.co.ke/wp-content/uploads/2026/02/Km-2050-Blade-scaled.webp"
"5257","Km 2050 Drum","https://old.trinatechtonersandprinters.co.ke/wp-content/uploads/2026/02/Km-2050-Drum-scaled.webp"
"5256","Km 2050 Fingers","https://old.trinatechtonersandprinters.co.ke/wp-content/uploads/2026/02/Km-2050-Fingers-scaled.webp"
"5255","Km 2050 Gear Lever","https://old.trinatechtonersandprinters.co.ke/wp-content/uploads/2026/02/Km-2050-Gear-Lever-scaled.webp"
"5254","Km 2050 Heatroller","https://old.trinatechtonersandprinters.co.ke/wp-content/uploads/2026/02/Km-2050-Heatroller-scaled.webp"
"5253","Km 2050 Main Motor Gear","https://old.trinatechtonersandprinters.co.ke/wp-content/uploads/2026/02/Km-2050-Main-Motor-Gear-scaled.webp"
"5252","Km 2050 Pressure Roller","https://old.trinatechtonersandprinters.co.ke/wp-content/uploads/2026/08/5252_other_km-2050-pressure-roller.jpg.png"
"5251","Km 2560 Upper Fuser Roller","https://old.trinatechtonersandprinters.co.ke/wp-content/uploads/2026/02/Km-2560-Upper-Fuser-Roller-scaled.webp"
"5250","Km 2560/300 Pick Up Rollers","https://old.trinatechtonersandprinters.co.ke/wp-content/uploads/2026/02/Km-2560-300-Pick-Up-Rollers-scaled.webp"
"5249","Km 2560/30I Drum","https://old.trinatechtonersandprinters.co.ke/wp-content/uploads/2026/02/Km-2560-30I-Drum-scaled.webp"
"5248","Km 6525 Drum","https://old.trinatechtonersandprinters.co.ke/wp-content/uploads/2026/02/Km-6525-Drum-scaled.webp"
"5247","Mp 2000 Blade","https://old.trinatechtonersandprinters.co.ke/wp-content/uploads/2026/02/Mp-2000-Blade.png"
"5246","Mp 2000 Drum","https://old.trinatechtonersandprinters.co.ke/wp-content/uploads/2026/02/Mp-2000-Drum-scaled.webp"
"5245","Mp 2000 Fingers","https://old.trinatechtonersandprinters.co.ke/wp-content/uploads/2026/02/Mp-2000-Fingers.webp"
"5244","Mp 2000 Lower Roller","https://old.trinatechtonersandprinters.co.ke/wp-content/uploads/2026/02/Mp-2000-Lower-Roller.webp"
"5243","Mp 2000 Upper Fuser Roller","https://old.trinatechtonersandprinters.co.ke/wp-content/uploads/2026/02/Mp-2000-Upper-Fuser-Roller.webp"
"5263","Opc Drum KM-1800","https://old.trinatechtonersandprinters.co.ke/wp-content/uploads/2026/02/Opc-Drum-KM-1800-scaled.webp"
"5262","Opc Drum KM-2050","https://old.trinatechtonersandprinters.co.ke/wp-content/uploads/2026/02/Opc-Drum-KM-2050-scaled.webp"
"5261","Opc Drum MP2000","https://old.trinatechtonersandprinters.co.ke/wp-content/uploads/2026/02/Opc-Drum-MP2000-scaled.webp"
"5242","Pressure Roller","https://old.trinatechtonersandprinters.co.ke/wp-content/uploads/2026/02/Pressure-Roller-scaled.webp"
"5340","Rz/Rv B4 Digital Duplicator Master Paper For Rz 220","https://old.trinatechtonersandprinters.co.ke/wp-content/uploads/2026/02/Rz-Rv-B4-Digital-Duplicator-Master-Paper-For-Rz-220.webp"
"5272","TN-221 Compatible Toners Each","https://old.trinatechtonersandprinters.co.ke/wp-content/uploads/2026/02/TN-221-Compatible-Toners-Each.png"
"5271","TN-221 Toner Cartridge Each","https://old.trinatechtonersandprinters.co.ke/wp-content/uploads/2026/02/TN-221-Compatible-Toners-Each.png"
"5269","TN-321 Bizhub C224, 284, 364E C224E","https://old.trinatechtonersandprinters.co.ke/wp-content/uploads/2026/08/5269_other_tn-321-bizhub-c224-284-364e-c224e.jpg.png"
"5274","TN210 Toner Cartridge Each","https://old.trinatechtonersandprinters.co.ke/wp-content/uploads/2026/02/TN210-Toner-Cartridge-Each.png"
"5273","TN216 Tonr Original Cartridge Each","https://old.trinatechtonersandprinters.co.ke/wp-content/uploads/2026/02/TN216-Tonr-Original-Cartridge-Each.png"
"5270","TN319 Toner Cartridge Each","https://old.trinatechtonersandprinters.co.ke/wp-content/uploads/2026/02/TN319-Toner-Cartridge-Each.png"
"5268","TN321 Toner Cartridge Each","https://old.trinatechtonersandprinters.co.ke/wp-content/uploads/2026/02/TN321-Toner-Cartridge-Each.png"
"5267","TN323 Black Toner Cartridge","https://old.trinatechtonersandprinters.co.ke/wp-content/uploads/2026/02/TN323-Black-Toner-Cartridge.png"
"5266","TN323 Compatible Toner Cartridge","https://old.trinatechtonersandprinters.co.ke/wp-content/uploads/2026/08/5266_other_tn323-compatible-toner-cartridge.jpg.png"
"5265","TN324/TN512 Compatible Toner Each","https://old.trinatechtonersandprinters.co.ke/wp-content/uploads/2026/08/5265_other_tn324-tn512-compatible-toner-each.webp"
"5264","TN324/TN512 Toner Cartridge Each","https://old.trinatechtonersandprinters.co.ke/wp-content/uploads/2026/02/TN324-TN512-Toner-Cartridge-Each.png"
"5241","Ta 1800 Cleaning Blade","https://old.trinatechtonersandprinters.co.ke/wp-content/uploads/2026/02/Ta-1800-Cleaning-Blade-scaled.webp"
"5240","Ta 1800 Fuser Roller","https://old.trinatechtonersandprinters.co.ke/wp-content/uploads/2026/02/Ta-1800-Fuser-Roller.webp"
"5239","Taskalfa 1800 Drum","https://old.trinatechtonersandprinters.co.ke/wp-content/uploads/2026/02/Taskalfa-1800-Drum.webp"
"5238","Teflon Sleeve","https://old.trinatechtonersandprinters.co.ke/wp-content/uploads/2026/02/Teflon-Sleeve.webp"
"4543","Copyprinter Masters Dx 2330 A4","https://old.trinatechtonersandprinters.co.ke/wp-content/uploads/2025/03/COPY-PRINTER-MASTERS-DX2330-A4.png"
"5220","Ricoh Aficio MP2000 Black Toner Cartridge","https://old.trinatechtonersandprinters.co.ke/wp-content/uploads/2026/02/Ricoh-Aficio-MP2000-Black-Toner-Cartridge-1.webp"
"4452","Ricoh Aficio MP2000 Cleaning Blade","https://old.trinatechtonersandprinters.co.ke/wp-content/uploads/2025/01/MP2000-Cleaning-Blade.png"
"5219","Ricoh Aficio MP201SPF Black Genuine Toner Cartridge","https://old.trinatechtonersandprinters.co.ke/wp-content/uploads/2026/08/5219_ricoh_ricoh-aficio-mp201spf-black-genuine-toner-cartri.jpg.png"
"5218","Ricoh Aficio MP2500 Black Toner Cartridge","https://old.trinatechtonersandprinters.co.ke/wp-content/uploads/2026/02/Ricoh-Aficio-MP2500-Black-Toner-Cartridge.webp"
"5217","Ricoh Aficio MP301SPF Black Toner Cartridge","https://old.trinatechtonersandprinters.co.ke/wp-content/uploads/2026/02/Ricoh-Aficio-MP301SPF-Black-Toner-Cartridge.webp"
"5216","Ricoh Aficio MP3350 Black Toner Cartridge","https://old.trinatechtonersandprinters.co.ke/wp-content/uploads/2026/02/Ricoh-Aficio-MP3350-Black-Toner-Cartridge.webp"
"5222","Ricoh Aficio Mp 3554 Black Toner","https://old.trinatechtonersandprinters.co.ke/wp-content/uploads/2026/02/Ricoh-Aficio-Mp-3554-Black-Toner.webp"
"5221","Ricoh Aficio Mp 4002/4002SP/5002/5002SP Black Compatible","https://old.trinatechtonersandprinters.co.ke/wp-content/uploads/2026/02/Ricoh-Aficio-Mp-4002-4002SP-5002-5002SP-Black-Compatible.webp"
"5237","Ricoh Aficio Mp C2003/3003/6003 Toners Each","https://old.trinatechtonersandprinters.co.ke/wp-content/uploads/2026/02/Ricoh-Aficio-Mp-C2003-3003-6003-Toners-Each.jpg"
"5236","Ricoh Aficio Mp C2011/2003/2503 Compatible Toners Each","https://old.trinatechtonersandprinters.co.ke/wp-content/uploads/2026/02/Ricoh-Aficio-Mp-C2011-2003-2503-Compatible-Toners-Each.webp"
"5235","Ricoh Aficio Mp C2050/C2550/C2030 Compatible Toners Each","https://old.trinatechtonersandprinters.co.ke/wp-content/uploads/2026/02/Ricoh-Aficio-Mp-C2050-C2550-C2030-Compatible-Toners-Each.webp"
"5234","Ricoh Aficio Mp C2051 High Yield Toners Each","https://old.trinatechtonersandprinters.co.ke/wp-content/uploads/2026/02/Ricoh-Aficio-Mp-C2051-High-Yield-Toners-Each.webp"
"5233","Ricoh Aficio Mp C2500 Compatible Toners Each","https://old.trinatechtonersandprinters.co.ke/wp-content/uploads/2026/02/Ricoh-Aficio-Mp-C2500-Compatible-Toners-Each.webp"
"5232","Ricoh Aficio Mp C300/400/401 Cymk Toners Cartridge Each","https://old.trinatechtonersandprinters.co.ke/wp-content/uploads/2026/02/Ricoh-Aficio-Mp-C300-400-401-Cymk-Toners-Cartridge-Each.webp"
"5231","Ricoh Aficio Mp C3000 Compatible Toners Each","https://old.trinatechtonersandprinters.co.ke/wp-content/uploads/2026/02/Ricoh-Aficio-Mp-C3000-Compatible-Toners-Each.webp"
"5230","Ricoh Aficio Mp C4500 B/C/Y/M Toners Each","https://old.trinatechtonersandprinters.co.ke/wp-content/uploads/2026/02/Ricoh-Aficio-Mp-C4500-B-C-Y-M-Toners-Each.webp"
"5229","Ricoh Aficio Mp C5000 Toner Cartridge Each","https://old.trinatechtonersandprinters.co.ke/wp-content/uploads/2026/02/Ricoh-Aficio-Mp-C5000-Toner-Cartridge-Each.webp"
"5228","Ricoh Aficio Mp C6003 Toner Cartridges Each","https://old.trinatechtonersandprinters.co.ke/wp-content/uploads/2026/02/Ricoh-Aficio-Mp-C6003-Toner-Cartridges-Each.webp"
"5215","Ricoh Aficio Sp 5200S Black Toner Cartridge","https://old.trinatechtonersandprinters.co.ke/wp-content/uploads/2026/02/Ricoh-Aficio-Sp-5200S-Black-Toner-Cartridge.webp"
"5214","Ricoh Aficio Type 2220D Black Toner Cartridge","https://old.trinatechtonersandprinters.co.ke/wp-content/uploads/2026/02/Ricoh-Aficio-Type-2220D-Black-Toner-Cartridge.webp"
"4359","Ricoh DX-2330 Master Roll For Ricoh Copy Printer","https://old.trinatechtonersandprinters.co.ke/wp-content/uploads/2025/01/Ricoh-DX-2330-Master-Roll.png"
"5280","Ricoh DX-2330 Master Roll Ricoh Copy Printer","https://old.trinatechtonersandprinters.co.ke/wp-content/uploads/2026/02/Ricoh-DX-2330-Master-Roll-Ricoh-Copy-Printer.webp"
"5279","Ricoh DX-2430 Master Roll Copy Printer","https://old.trinatechtonersandprinters.co.ke/wp-content/uploads/2026/02/Ricoh-DX-2430-Master-Roll-Copy-Printer.webp"
"4362","Ricoh DX-2430 Master Roll For Ricoh Copy Printer","https://old.trinatechtonersandprinters.co.ke/wp-content/uploads/2025/01/Ricoh-DX-2430-Master-Roll.png"
"5213","Ricoh Im 3000/3500/4000 Cymk Toner Cartridges Each","https://old.trinatechtonersandprinters.co.ke/wp-content/uploads/2026/02/Ricoh-Im-3000-3500-4000-Cymk-Toner-Cartridges-Each.webp"
"4386","Ricoh MP2500 Black Toner Cartridge","https://old.trinatechtonersandprinters.co.ke/wp-content/uploads/2025/01/Ricoh-MP2500-Toner.png"
"5210","Ricoh MP4500E For MP4000, MP4001, MP4002, MP5001, MP5001","https://old.trinatechtonersandprinters.co.ke/wp-content/uploads/2026/02/Ricoh-MP4500E-For-MP4000-MP4001-MP4002-MP5001-MP5001.webp"
"4392","Ricoh MPC2503 Toner Cartridge","https://old.trinatechtonersandprinters.co.ke/wp-content/uploads/2025/01/Ricoh-MPC2503-Toner.png"
"5212","Ricoh Mp 2501E Black Toner Cartridge","https://old.trinatechtonersandprinters.co.ke/wp-content/uploads/2026/02/Ricoh-Mp-2501E-Black-Toner-Cartridge.webp"
"5211","Ricoh Mp 3554 Aficio Compatible Black Toner","https://old.trinatechtonersandprinters.co.ke/wp-content/uploads/2026/02/Ricoh-Mp-3554-Aficio-Compatible-Black-Toner.webp"
"5227","Ricoh Mp C2503 Toner For MPC2003/2503","https://old.trinatechtonersandprinters.co.ke/wp-content/uploads/2026/02/Ricoh-Mp-C2503-Toner-For-MPC2003-2503.webp"
"5226","Ricoh Mp C300/400/401 Aficio Compatible Toner Cartridges Each","https://old.trinatechtonersandprinters.co.ke/wp-content/uploads/2026/02/Ricoh-Mp-C300-400-401-Aficio-Compatible-Toner-Cartridges-Each.webp"
"5225","Ricoh Mp C3000 Aficio Toners Each","https://old.trinatechtonersandprinters.co.ke/wp-content/uploads/2026/02/Ricoh-Mp-C3000-Aficio-Toners-Each.webp"
"4389","Ricoh Mpc 3001/3501 Toner","https://old.trinatechtonersandprinters.co.ke/wp-content/uploads/2025/01/Ricoh-MPC-300-13501-Toner.png"
"5349","Ricoh Priport DX-3442C Ink","https://old.trinatechtonersandprinters.co.ke/wp-content/uploads/2026/02/Ricoh-Priport-DX-3442C-Ink.webp"
"4368","Ricoh Priport Ink Dx 2430","https://old.trinatechtonersandprinters.co.ke/wp-content/uploads/2025/01/Ricoh-Ink-DX-2430.png"
"4378","Ricoh Priport Ink JP-12","https://old.trinatechtonersandprinters.co.ke/wp-content/uploads/2025/01/Ricoh-Ink-JP-12.png"
"4677","Ricoh SP5200 Black Toner Cartridge","https://old.trinatechtonersandprinters.co.ke/wp-content/uploads/2025/07/Ricoh-SP5200-Black-Cartridge.png"
"4680","Ricoh Sp 230 Black Toner Cartridge","https://old.trinatechtonersandprinters.co.ke/wp-content/uploads/2025/07/Ricoh-SP-230-Black-Toner.png"
"5209","Ricoh Toner 1270D Black Toner Cartridge","https://old.trinatechtonersandprinters.co.ke/wp-content/uploads/2026/02/Ricoh-Toner-1270D-Black-Toner-Cartridge.webp"
"5208","Ricoh Toner Mp 2014 Black Toner Cartridge","https://old.trinatechtonersandprinters.co.ke/wp-content/uploads/2026/02/Ricoh-Toner-Mp-2014-Black-Toner-Cartridge.webp"
"4381","Ricoh Toner Mp 2220D","https://old.trinatechtonersandprinters.co.ke/wp-content/uploads/2025/01/Ricoh-Toner-2220D.png"
"5207","Ricoh Type 1220D Black Toner Cartridge","https://old.trinatechtonersandprinters.co.ke/wp-content/uploads/2026/02/Ricoh-Type-1220D-Black-Toner-Cartridge.webp"
"5206","Ricoh Type 1230D Black Toner Cartridge","https://old.trinatechtonersandprinters.co.ke/wp-content/uploads/2026/02/Ricoh-Type-1230D-Black-Toner-Cartridge.webp"
"4375","Cz/Cv Riso Compatible Ink","https://old.trinatechtonersandprinters.co.ke/wp-content/uploads/2025/01/CZCV-Ink.png"
"5347","Riso CZ100 (S-7608 A4 Master Roll Compatible For CZ100)","https://old.trinatechtonersandprinters.co.ke/wp-content/uploads/2026/02/Riso-CZ100-S-7608-A4-Master-Roll-Compatible-For-CZ100.webp"
"5348","Riso Cz 100 Black Ink S-4877","https://old.trinatechtonersandprinters.co.ke/wp-content/uploads/2026/02/Riso-Cz-100-Black-Ink-S-4877.webp"
"5278","Riso Cz A4 Master Original For CZ100 (S-7608)","https://old.trinatechtonersandprinters.co.ke/wp-content/uploads/2026/02/Riso-Cz-A4-Master-Original-For-CZ100-S-7608.webp"
"5346","Riso Rz Digital Duplicator Original Ink","https://old.trinatechtonersandprinters.co.ke/wp-content/uploads/2026/02/Riso-Rz-Digital-Duplicator-Original-Ink.webp"
"5345","Riso Rz Type A4-L Master Standard","https://old.trinatechtonersandprinters.co.ke/wp-content/uploads/2026/02/Riso-Rz-Type-A4-L-Master-Standard.webp"
"5344","Riso S-7041E A4 Master Roll Digital Duplicator","https://old.trinatechtonersandprinters.co.ke/wp-content/uploads/2026/02/Riso-S-7041E-A4-Master-Roll-Digital-Duplicator.webp"
"5343","Riso S-8113E Ink For Risograph Black 1000ML","https://old.trinatechtonersandprinters.co.ke/wp-content/uploads/2026/02/Riso-S-8113E-Ink-For-Risograph-Black-1000ML.webp"
"5342","Riso S-8131E Fii Type Duplicator Masters 2 Per Box","https://old.trinatechtonersandprinters.co.ke/wp-content/uploads/2026/02/Riso-S-8131E-Fii-Type-Duplicator-Masters-2-Per-Box.webp"
"5341","Riso S-8188E A4 Master Roll Fii Type","https://old.trinatechtonersandprinters.co.ke/wp-content/uploads/2026/02/Riso-S-8188E-A4-Master-Roll-Fii-Type.webp"
"5400","Royal 12A Black Compatible (Q2612A)","https://old.trinatechtonersandprinters.co.ke/wp-content/uploads/2026/08/5400_royal_royal-12a-black-compatible-q2612a.jpg.png"
"5398","Royal 17A Black Compatible (CF217A)","https://old.trinatechtonersandprinters.co.ke/wp-content/uploads/2026/02/Royal-17A-Black-Compatible-CF217A.webp"
"5429","Royal 203A Black Compatible (CF540A)","https://old.trinatechtonersandprinters.co.ke/wp-content/uploads/2026/02/203A-BLACK.png"
"5428","Royal 203A Cyan Compatible (CF541A)","https://old.trinatechtonersandprinters.co.ke/wp-content/uploads/2026/02/203A-CYAN-1.png"
"5427","Royal 203A Magenta Compatible (CF543A)","https://old.trinatechtonersandprinters.co.ke/wp-content/uploads/2026/02/203A-MAGENTA.png"
"5425","Royal 26A Black Compatible (CF226A)","https://old.trinatechtonersandprinters.co.ke/wp-content/uploads/2026/02/26A-BLACK.png"
"5424","Royal 304A Compatible Toners Each","https://old.trinatechtonersandprinters.co.ke/wp-content/uploads/2026/02/305A304A312A-Y.png"
"5423","Royal 305A Black Compatible (CE410A)","https://old.trinatechtonersandprinters.co.ke/wp-content/uploads/2026/02/305A304A312A-Y.png"
"5421","Royal 305A Magenta Compatible (CE413A)","https://old.trinatechtonersandprinters.co.ke/wp-content/uploads/2026/02/305A304A312A-Y-1.png"
"5420","Royal 305A Yellow Compatible (CE412A)","https://old.trinatechtonersandprinters.co.ke/wp-content/uploads/2026/02/305A304A312A-Y-2.png"
"5419","Royal 410A Yellow Compatible (CF412A)","https://old.trinatechtonersandprinters.co.ke/wp-content/uploads/2026/02/410-YELLOW.png"
"5418","Royal 415A Compatible Each Color (W2030/1/2/3)","https://old.trinatechtonersandprinters.co.ke/wp-content/uploads/2026/02/415A-COMBINED.png"
"5416","Royal 78A Black Compatible (CE278A)","https://old.trinatechtonersandprinters.co.ke/wp-content/uploads/2026/02/78A-BLACK.png"
"5415","Royal 80A Black Compatible (CF280A)","https://old.trinatechtonersandprinters.co.ke/wp-content/uploads/2026/02/Royal-80A-Black-Compatible-CF280A.webp"
"5414","Royal 83A Black Compatible (CF283A)","https://old.trinatechtonersandprinters.co.ke/wp-content/uploads/2026/02/Royal-83A-Black-Compatible-CF283A.webp"
"5413","Royal 85A Black Compatible (CE285A)","https://old.trinatechtonersandprinters.co.ke/wp-content/uploads/2026/02/Royal-85A-Black-Compatible-CE285A-1.webp"
"5411","Royal Compatible 150A","https://old.trinatechtonersandprinters.co.ke/wp-content/uploads/2026/02/150A-BLACK.png"
"5410","Royal Compatible 151A","https://old.trinatechtonersandprinters.co.ke/wp-content/uploads/2026/02/151A.png"
"5409","Royal Compatible 202A","https://old.trinatechtonersandprinters.co.ke/wp-content/uploads/2026/02/202A-BLACK.png"
"5408","Royal Compatible 207A","https://old.trinatechtonersandprinters.co.ke/wp-content/uploads/2026/02/207A-COMBINED.png"
"5407","Royal Compatible 212A","https://old.trinatechtonersandprinters.co.ke/wp-content/uploads/2026/02/212-A-COMBINED.png"
"5406","Royal Compatible 216A","https://old.trinatechtonersandprinters.co.ke/wp-content/uploads/2026/02/216A-BLACK.png"
"5404","Royal Compatible 415A  BLACK","https://old.trinatechtonersandprinters.co.ke/wp-content/uploads/2026/02/415A-COMBINED-1.png"
"3558","Royal Superior 106A (W1106A) Laserjet Toner Cartridge","https://old.trinatechtonersandprinters.co.ke/wp-content/uploads/2024/12/Royal-106A-Toner.png"
"4172","Royal Superior 107A Laserjet Toner Cartridge","https://old.trinatechtonersandprinters.co.ke/wp-content/uploads/2025/01/Royal-Superior-107A-Laserjet-Toner.png"
"4169","Royal Superior 117A Laserjet Toner Cartridge","https://old.trinatechtonersandprinters.co.ke/wp-content/uploads/2025/01/Royal-Superior-117A-Laserjet-Toner.png"
"4193","Royal Superior 125A/128A/131A Laserjet Toner Cartridge","https://old.trinatechtonersandprinters.co.ke/wp-content/uploads/2025/01/Royal-Superior-125A-128A-131A-Laserjet-Toner.png"
"3554","Royal Superior 12A Laserjet Toner Cartridge","https://old.trinatechtonersandprinters.co.ke/wp-content/uploads/2024/12/Royal-12A-Toner.png"
"4178","Royal Superior 136A Laserjet Toner Cartridge","https://old.trinatechtonersandprinters.co.ke/wp-content/uploads/2025/01/Royal-Superior-136A-Laserjet-Toner.png"
"4181","Royal Superior 147A (W1470A) Laserjet Toner Cartridge","https://old.trinatechtonersandprinters.co.ke/wp-content/uploads/2025/01/Royal-Superior-Laserjet-Toner-147A.png"
"4184","Royal Superior 151A (W1510A) Laserjet Toner Cartridge","https://old.trinatechtonersandprinters.co.ke/wp-content/uploads/2025/01/Royal-Superior-151A-Laserjet-Toner.png"
"4074","Royal Superior 17A Laserjet Toner Cartridge","https://old.trinatechtonersandprinters.co.ke/wp-content/uploads/2025/01/Royal-Superior-17A-Toner-Cartridge.png"
"4120","Royal Superior 19A Laserjet Toner Cartridge","https://old.trinatechtonersandprinters.co.ke/wp-content/uploads/2025/01/Royal-Superior-19A-Toner-Cartridge.png"
"4071","Royal Superior 203A Laserjet Toner Cartridge","https://old.trinatechtonersandprinters.co.ke/wp-content/uploads/2025/01/Royal-Superior-203A-Toner-Cartridge.png"
"4065","Royal Superior 205A Laserjet Toner Cartridge","https://old.trinatechtonersandprinters.co.ke/wp-content/uploads/2025/01/Royal-Superior-205A-Toner-Cartridge.png"
"4202","Royal Superior 206A Laserjet Toner Cartridge","https://old.trinatechtonersandprinters.co.ke/wp-content/uploads/2025/01/Royal-Superior-206A-Laserjet-Toner.png"
"4163","Royal Superior 207A Laserjet Toner Cartridge","https://old.trinatechtonersandprinters.co.ke/wp-content/uploads/2025/01/Royal-Superior-207A-Laserjet-Toner.png"
"4154","Royal Superior 216A Laserjet Toner Cartridge","https://old.trinatechtonersandprinters.co.ke/wp-content/uploads/2025/01/Royal-Superior-216A-Laserjet-Toner.png"
"4142","Royal Superior 26A Laserjet Toner Cartridge","https://old.trinatechtonersandprinters.co.ke/wp-content/uploads/2025/01/Royal-Superior-26A-Laserjet-Toner.png"
"4126","Royal Superior 30A Laserjet Toner Cartridge","https://old.trinatechtonersandprinters.co.ke/wp-content/uploads/2025/01/Royal-Superior-30A-Toner-Cartridge.png"
"4135","Royal Superior 32A Laserjet Toner Cartridge","https://old.trinatechtonersandprinters.co.ke/wp-content/uploads/2025/01/Royal-Superior-32A-Laserjet-Toner.png"
"3545","Royal Superior 36A Laserjet Toner Cartridge","https://old.trinatechtonersandprinters.co.ke/wp-content/uploads/2024/12/Royal-Superior-36A-Toner.png"
"4157","Royal Superior 415A Laserjet Toner Cartridge","https://old.trinatechtonersandprinters.co.ke/wp-content/uploads/2025/01/Royal-Superior-415A-Laserjet-Toner.png"
"3562","Royal Superior 55A Laserjet Toner Cartridge","https://old.trinatechtonersandprinters.co.ke/wp-content/uploads/2024/12/Royal-55A-Toner.png"
"3533","Royal Superior 59A Laserjet Toner Cartridge","https://old.trinatechtonersandprinters.co.ke/wp-content/uploads/2024/12/Royal-59A-Toner.png"
"4187","Royal Superior 76A (CF276A) Laserjet Toner Cartridge","https://old.trinatechtonersandprinters.co.ke/wp-content/uploads/2025/01/Royal-Superior-76A-Laserjet-Toner.png"
"3550","Royal Superior 78A Laserjet Toner Cartridge","https://old.trinatechtonersandprinters.co.ke/wp-content/uploads/2024/12/Royal-Superior-78A-Toner.png"
"4148","Royal Superior 79A Laserjet Toner Cartridge","https://old.trinatechtonersandprinters.co.ke/wp-content/uploads/2025/01/Royal-Superior-79A-Laserjet-Toner.png"
"3540","Royal Superior 83A Laserjet Toner Cartridge","https://old.trinatechtonersandprinters.co.ke/wp-content/uploads/2024/12/Royal-Superior-83A-Toner.png"
"3567","Royal Superior 88A Laserjet Toner Cartridge","https://old.trinatechtonersandprinters.co.ke/wp-content/uploads/2024/12/Royal-88A-Toner.png"
"4540","Royal Superior Laserjet Toner Cartridge 150A","https://old.trinatechtonersandprinters.co.ke/wp-content/uploads/2025/03/ROYAL-TONER-CARTRIDGE-150A.png"
"4916","Royal Superior Laserjet Toner Cartridge 202A","https://old.trinatechtonersandprinters.co.ke/wp-content/uploads/2025/11/Royal-Superior-LaserJet-Toner-202A.png"
"4919","Royal Superior Laserjet Toner Cartridge 222A","https://old.trinatechtonersandprinters.co.ke/wp-content/uploads/2025/11/Royal-Superior-LaserJet-Toner-222A.png"
"4922","Royal Superior Laserjet Toner Cartridge 230A","https://old.trinatechtonersandprinters.co.ke/wp-content/uploads/2025/11/Royal-Superior-LaserJet-Toner-230A.png"
"4528","Royal Superior Laserjet Toner Cartridge 85A/35A","https://old.trinatechtonersandprinters.co.ke/wp-content/uploads/2025/01/ROYAL-TONER-85A35A.png"
"4925","Royal Superior Laserjet Toner Cartridge CRG 045/CRG 054/203A/201A","https://old.trinatechtonersandprinters.co.ke/wp-content/uploads/2025/11/Royal-Superior-LaserJet-Toner-CRG045CRG054203A201A.png"
"4932","Royal Superior Laserjet Toner Cartridge CRG-070","https://old.trinatechtonersandprinters.co.ke/wp-content/uploads/2025/11/Royal-Superior-LaserJet-Toner-CRG-070.png"
"4929","Royal Superior Laserjet Toner Cartridge TNP60","https://old.trinatechtonersandprinters.co.ke/wp-content/uploads/2025/11/Royal-Superior-LaserJet-Toner-TNP60.png"
"5051","Royal TK 1110 Original Toner Cartridge","https://old.trinatechtonersandprinters.co.ke/wp-content/uploads/2026/02/TK-1110.png"
"5386","Royal TK 1120 Original Toner Cartridge","https://old.trinatechtonersandprinters.co.ke/wp-content/uploads/2026/02/Royal-TK-1120-Original-Toner-Cartridge.webp"
"5385","Royal TK 1120 Toner Compatible Cartridge","https://old.trinatechtonersandprinters.co.ke/wp-content/uploads/2026/02/Royal-TK-1120-Toner-Compatible-Cartridge.webp"
"5384","Royal TK 1140 Black Toner Cartridge","https://old.trinatechtonersandprinters.co.ke/wp-content/uploads/2026/02/Royal-TK-1140-Black-Toner-Cartridge.webp"
"5383","Royal TK 1150 Black Toner Cartridge","https://old.trinatechtonersandprinters.co.ke/wp-content/uploads/2026/02/Royal-TK-1150-Black-Toner-Cartridge.webp"
"5382","Royal TK 1150 Compatible Black Toner Cartridge","https://old.trinatechtonersandprinters.co.ke/wp-content/uploads/2026/02/Royal-TK-1150-Compatible-Black-Toner-Cartridge.webp"
"5381","Royal TK 1160 Black Toner Cartridge","https://old.trinatechtonersandprinters.co.ke/wp-content/uploads/2026/02/Royal-TK-1160-Black-Toner-Cartridge.webp"
"5380","Royal TK 1170 Black Toner Cartridge","https://old.trinatechtonersandprinters.co.ke/wp-content/uploads/2026/02/Royal-TK-1170-Black-Toner-Cartridge-1.webp"
"5018","Royal TK 1240 Black & TK 1242 Compatible Toner Cartridge","https://old.trinatechtonersandprinters.co.ke/wp-content/uploads/2026/02/TK-1242.png"
"5017","Royal TK 130 Black Toner Cartridge","https://old.trinatechtonersandprinters.co.ke/wp-content/uploads/2026/02/TK-130.png"
"5014","Royal TK 3130 Compatible Black Toner Cartridge","https://old.trinatechtonersandprinters.co.ke/wp-content/uploads/2026/02/TK-3130.png"
"5379","Royal TK 3150 Black Toner Cartridge","https://old.trinatechtonersandprinters.co.ke/wp-content/uploads/2026/02/Royal-TK-3150-Black-Toner-Cartridge.webp"
"5378","Royal TK 3150 Compatible Black Toner Cartridge","https://old.trinatechtonersandprinters.co.ke/wp-content/uploads/2026/02/Royal-TK-3150-Compatible-Black-Toner-Cartridge.webp"
"5396","Royal TK 340 Black Toner Laser Cartridge","https://old.trinatechtonersandprinters.co.ke/wp-content/uploads/2026/02/Royal-TK-340-Black-Toner-Laser-Cartridge.webp"
"5377","Royal TK 410 Compatible Black Toner Cartridge","https://old.trinatechtonersandprinters.co.ke/wp-content/uploads/2026/02/Royal-TK-410-Compatible-Black-Toner-Cartridge.webp"
"5012","Royal TK 410/435 Black Toner Cartridge","https://old.trinatechtonersandprinters.co.ke/wp-content/uploads/2026/02/TK-410-435.png"
"5375","Royal TK 4105 Compatible Black Toner Cartridge","https://old.trinatechtonersandprinters.co.ke/wp-content/uploads/2026/02/Royal-TK-4105-Compatible-Black-Toner-Cartridge.webp"
"5011","Royal TK 4145 Compatible Black Toner Cartridge","https://old.trinatechtonersandprinters.co.ke/wp-content/uploads/2026/02/TK-4145.png"
"5009","Royal TK 4175 Black Compatible Toner","https://old.trinatechtonersandprinters.co.ke/wp-content/uploads/2026/02/TK-4175.png"
"5007","Royal TK 435 Compatible Black Toner Cartridge","https://old.trinatechtonersandprinters.co.ke/wp-content/uploads/2026/02/TK-410-435.png"
"5006","Royal TK 475 Black Toner Cartridge","https://old.trinatechtonersandprinters.co.ke/wp-content/uploads/2026/02/TK-475-1.png"
"5005","Royal TK 475 Compatible Black Toner Cartridge","https://old.trinatechtonersandprinters.co.ke/wp-content/uploads/2026/02/TK-475.png"
"5004","Royal TK 5135 Toners Cymk Cartridges Each","https://old.trinatechtonersandprinters.co.ke/wp-content/uploads/2026/02/TK-5135-C.png"
"5048","Royal TK 5150 Compatible Toner Cartridge Each","https://old.trinatechtonersandprinters.co.ke/wp-content/uploads/2026/08/5048_royal_royal-tk-5150-compatible-toner-cartridge-magenta.jpg.png"
"5374","Royal TK 5230 Colors Cym Compatible Toners Each","https://old.trinatechtonersandprinters.co.ke/wp-content/uploads/2026/02/Royal-TK-5230-Colors-Cym-Compatible-Toners-Each.webp"
"5395","Royal TK 5230 Genuine Toner Cartridge Each","https://old.trinatechtonersandprinters.co.ke/wp-content/uploads/2026/02/Royal-TK-5230-Genuine-Toner-Cartridge-Each.webp"
"5373","Royal TK 5230K Compatible Black Toner","https://old.trinatechtonersandprinters.co.ke/wp-content/uploads/2026/02/Royal-TK-5230K-Compatible-Black-Toner.webp"
"5002","Royal TK 5240 Genuine Toner Cartridges Each","https://old.trinatechtonersandprinters.co.ke/wp-content/uploads/2026/08/5002_royal_royal-tk-5240-genuine-toner-cartridges-each.jpg.png"
"5372","Royal TK 5270 Black Toner Cartridge","https://old.trinatechtonersandprinters.co.ke/wp-content/uploads/2026/02/Royal-TK-5230K-Compatible-Black-Toner.jpg"
"5371","Royal TK 5270 Cmy Toner Cartridge Each","https://old.trinatechtonersandprinters.co.ke/wp-content/uploads/2026/02/Royal-TK-5270-Cmy-Toner-Cartridge-Each.webp"
"5370","Royal TK 5270 Compatible Black Toner Cartridge Each","https://old.trinatechtonersandprinters.co.ke/wp-content/uploads/2026/02/Royal-TK-5270-Compatible-Black-Toner-Cartridge-Each.webp"
"5369","Royal TK 5280 Black Toner Cartridge","https://old.trinatechtonersandprinters.co.ke/wp-content/uploads/2026/02/Royal-TK-5280-Black-Toner-Cartridge.webp"
"5368","Royal TK 5280 Compatible Toner Each","https://old.trinatechtonersandprinters.co.ke/wp-content/uploads/2026/02/Royal-TK-5280-Compatible-Toner-Each.webp"
"5367","Royal TK 5280 Cym Color Toner Each","https://old.trinatechtonersandprinters.co.ke/wp-content/uploads/2026/02/Royal-TK-5280-Cym-Color-Toner-Each.webp"
"5001","Royal TK 5370 Black Toner Cartridge","https://old.trinatechtonersandprinters.co.ke/wp-content/uploads/2026/08/5001_royal_royal-tk-5370-black-toner-cartridge.jpg.png"
"5000","Royal TK 5370 Compatible Toner Cartridge","https://old.trinatechtonersandprinters.co.ke/wp-content/uploads/2026/02/TK-5370C.png"
"4999","Royal TK 5370 Cym Toner Cartridge Each","https://old.trinatechtonersandprinters.co.ke/wp-content/uploads/2026/02/TK-5370C.png"
"5394","Royal TK 590 Compatible Toner Cartridges Each","https://old.trinatechtonersandprinters.co.ke/wp-content/uploads/2026/02/Royal-TK-590-Compatible-Toner-Cartridges-Each.webp"
"4998","Royal TK 590 Toner Cartridges Each","https://old.trinatechtonersandprinters.co.ke/wp-content/uploads/2026/02/TK-590.png"
"5365","Royal TK 6115 Compatible Black Toner Cartridge","https://old.trinatechtonersandprinters.co.ke/wp-content/uploads/2026/02/Royal-TK-6115-Compatible-Black-Toner-Cartridge.webp"
"5047","Royal TK 6305 Black Toner Cartridge","https://old.trinatechtonersandprinters.co.ke/wp-content/uploads/2026/02/TK-6305.png"
"5046","Royal TK 6305 Compatible Black Toner Cartridge","https://old.trinatechtonersandprinters.co.ke/wp-content/uploads/2026/02/TK-6305.png"
"5364","Royal TK 6325 Toner Taskalfa 4002I 5002I 5003I 6002I","https://old.trinatechtonersandprinters.co.ke/wp-content/uploads/2026/02/Royal-TK-6325-Toner-Taskalfa-4002I-5002I-5003I-6002I.webp"
"4997","Royal TK 6345 Black Toner","https://old.trinatechtonersandprinters.co.ke/wp-content/uploads/2026/02/TK-6345.png"
"5045","Royal TK 6705 Black Toner Cartridge","https://old.trinatechtonersandprinters.co.ke/wp-content/uploads/2026/02/TK-6705.png"
"4996","Royal TK 6725 Toner Cartridge","https://old.trinatechtonersandprinters.co.ke/wp-content/uploads/2026/02/TK-6725.png"
"4995","Royal TK 675 Black Toner Cartridge","https://old.trinatechtonersandprinters.co.ke/wp-content/uploads/2026/02/TK-675.png"
"5044","Royal TK 675 Compatible Black Toner Cartridge","https://old.trinatechtonersandprinters.co.ke/wp-content/uploads/2026/02/TK-675.png"
"5362","Royal TK 7105 Compatible Black Toner Cartridge","https://old.trinatechtonersandprinters.co.ke/wp-content/uploads/2026/02/Royal-TK-7105-Compatible-Black-Toner-Cartridge.webp"
"4994","Royal TK 715 Black Toner Cartridge","https://old.trinatechtonersandprinters.co.ke/wp-content/uploads/2026/02/TK-715.png"
"4993","Royal TK 715 Compatible Black Toner","https://old.trinatechtonersandprinters.co.ke/wp-content/uploads/2026/02/TK-715.png"
"5361","Royal TK 7205 Black Toner Cartridge","https://old.trinatechtonersandprinters.co.ke/wp-content/uploads/2026/02/Royal-TK-7205-Black-Toner-Cartridge.webp"
"5360","Royal TK 7205 Compatible Black Toner Cartridge","https://old.trinatechtonersandprinters.co.ke/wp-content/uploads/2026/02/Royal-TK-7205-Compatible-Black-Toner-Cartridge.webp"
"5040","Royal TK 7225 Compatible Black Toner","https://old.trinatechtonersandprinters.co.ke/wp-content/uploads/2026/02/TK-7225.png"
"4992","Royal TK 7235 Black Toner Cartridge","https://old.trinatechtonersandprinters.co.ke/wp-content/uploads/2026/02/TK-7235.png"
"4991","Royal TK 7235 Compatible Black Toner Cartridge","https://old.trinatechtonersandprinters.co.ke/wp-content/uploads/2026/02/TK-7235.png"
"5039","Royal TK 8115 Compatible Toner Cartridge Each","https://old.trinatechtonersandprinters.co.ke/wp-content/uploads/2026/02/TK-8115.png"
"5038","Royal TK 8115 Toner Cartridge Each","https://old.trinatechtonersandprinters.co.ke/wp-content/uploads/2026/02/TK-8115.png"
"5037","Royal TK 8305 Black Toner Cartridge","https://old.trinatechtonersandprinters.co.ke/wp-content/uploads/2026/02/TK-8305.png"
"4990","Royal TK 8305 Compatible Toners Each","https://old.trinatechtonersandprinters.co.ke/wp-content/uploads/2026/02/TK-8305.png"
"5036","Royal TK 8305 Cym Black Toner Each","https://old.trinatechtonersandprinters.co.ke/wp-content/uploads/2026/02/TK-8305.png"
"5035","Royal TK 8325 Black Toner Cartridge","https://old.trinatechtonersandprinters.co.ke/wp-content/uploads/2026/02/TK-8325-COMBINED-YMCB.png"
"5034","Royal TK 8325 Cmy Cartridge","https://old.trinatechtonersandprinters.co.ke/wp-content/uploads/2026/02/TK-8325-COMBINED-YMCB.png"
"5033","Royal TK 8335  black Each Toner Cartridge","https://old.trinatechtonersandprinters.co.ke/wp-content/uploads/2026/02/TK-8335-K-1.png"
"5032","Royal TK 8335CMYK Compatible Toner Cartridge Each","https://old.trinatechtonersandprinters.co.ke/wp-content/uploads/2026/02/TK-8335YKM.png"
"5031","Royal TK 8345 Cym Color Toner Cartridge","https://old.trinatechtonersandprinters.co.ke/wp-content/uploads/2026/02/TK-8345-C-1.png"
"5030","Royal TK 8345K Black Toner Cartridge","https://old.trinatechtonersandprinters.co.ke/wp-content/uploads/2026/08/5030_royal_royal-tk-8345k-black-toner-cartridge.jpg.png"
"4989","Royal TK 8365 Compatible Black Toner","https://old.trinatechtonersandprinters.co.ke/wp-content/uploads/2026/02/TK-8365.png"
"5393","Royal TK 8505 Compatible Toner Cartridge Each","https://old.trinatechtonersandprinters.co.ke/wp-content/uploads/2026/02/Royal-TK-8505-Compatible-Toner-Cartridge-Each.webp"
"5392","Royal TK 8505 Toner Cartridge Each","https://old.trinatechtonersandprinters.co.ke/wp-content/uploads/2026/02/Royal-TK-8505-Toner-Cartridge-Each.webp"
"5391","Royal TK 8515 Compatible Toners CMYK Each","https://old.trinatechtonersandprinters.co.ke/wp-content/uploads/2026/02/Royal-TK-8515-Compatible-Toners-CMYK-Each.webp"
"5390","Royal TK 8515C Cyan Cartridge","https://old.trinatechtonersandprinters.co.ke/wp-content/uploads/2026/02/Royal-TK-8515C-Cyan-Cartridge.webp"
"5389","Royal TK 8515K Black Cartridge","https://old.trinatechtonersandprinters.co.ke/wp-content/uploads/2026/02/Royal-TK-8515K-Black-Cartridge.webp"
"5388","Royal TK 8515M Magenta Cartridge","https://old.trinatechtonersandprinters.co.ke/wp-content/uploads/2026/02/Royal-TK-8515M-Magenta-Cartridge.webp"
"5387","Royal TK 8515Y Yellow Cartridge","https://old.trinatechtonersandprinters.co.ke/wp-content/uploads/2026/02/Royal-TK-8515Y-Yellow-Cartridge.webp"
"5029","Royal TK 8525 Cmy Toner Each","https://old.trinatechtonersandprinters.co.ke/wp-content/uploads/2026/08/5029_royal_royal-tk-8525-cmy-toner-each.jpg.png"
"5028","Royal TK 8525 Compatible Toner Cartridge CMYK Each","https://old.trinatechtonersandprinters.co.ke/wp-content/uploads/2026/08/5028_royal_royal-tk-8525-compatible-toner-cartridge-cmyk-ea.jpg.png"
"5359","Royal TK 8545K Black Toner Cartridge","https://old.trinatechtonersandprinters.co.ke/wp-content/uploads/2026/02/Royal-TK-8545K-Black-Toner-Cartridge.webp"
"5025","Royal TK 8555 Cym Toner Cartridge","https://old.trinatechtonersandprinters.co.ke/wp-content/uploads/2026/08/5025_royal_royal-tk-8555-cym-toner-cartridge.jpg.png"
"5024","Royal TK 8555K Compatible Black Toner","https://old.trinatechtonersandprinters.co.ke/wp-content/uploads/2026/02/TK-8555-K.png"
"5358","Royal TK 8705 Black Toner Each Cym","https://old.trinatechtonersandprinters.co.ke/wp-content/uploads/2026/02/Royal-TK-8705-Black-Toner-Each-Cym.webp"
"4986","Royal Toner Cartridge 070","https://old.trinatechtonersandprinters.co.ke/wp-content/uploads/2026/08/4986_royal_royal-toner-cartridge-070.jpg.png"
"4985","Royal Toner Cartridge 407S","https://old.trinatechtonersandprinters.co.ke/wp-content/uploads/2026/02/407-S.JPG-1.png"
"4984","Royal Toner Cartridge 4521","https://old.trinatechtonersandprinters.co.ke/wp-content/uploads/2026/02/4521-BLACK.png"
"4983","Royal Toner Cartridge 85A/35A Black","https://old.trinatechtonersandprinters.co.ke/wp-content/uploads/2026/02/85A-35A-BLACK.png"
"4979","Royal Toner Refill Powder","https://old.trinatechtonersandprinters.co.ke/wp-content/uploads/2026/08/4979_royal_royal-toner-refill-powder.jpg.png"
"4310","Samsung MLT-D101S Black Toner Cartridge","https://old.trinatechtonersandprinters.co.ke/wp-content/uploads/2025/01/Samsung-MLT-D101S-Black-Toner.png"
"4320","Samsung MLT-D103L Black Toner Cartridge","https://old.trinatechtonersandprinters.co.ke/wp-content/uploads/2025/01/Samsung-MLT-D103L-Black-Toner.png"
"4307","Samsung MLT-D105S Black Toner Cartridge","https://old.trinatechtonersandprinters.co.ke/wp-content/uploads/2025/01/Samsung-MLT-D105S-Black-Toner.png"
"4304","Samsung MLT-D108S Black Toner Cartridge","https://old.trinatechtonersandprinters.co.ke/wp-content/uploads/2025/01/Samsung-MLT-D108S-Black-Toner.png"
"4323","Samsung MLT-D109S Black Toner Cartridge","https://old.trinatechtonersandprinters.co.ke/wp-content/uploads/2025/01/Samsung-MLT-D109S-Black-Toner.png"
"4313","Samsung MLT-D111S Black Toner Cartridge","https://old.trinatechtonersandprinters.co.ke/wp-content/uploads/2025/01/Samsung-MLT-D111S-Black-Toner.png"
"4326","Samsung MLT-D203S Black Toner Cartridge","https://old.trinatechtonersandprinters.co.ke/wp-content/uploads/2025/01/Samsung-MLT-D203S-Black-Toner.png"
"4317","Samsung MLT-D305L Black Toner Cartridge","https://old.trinatechtonersandprinters.co.ke/wp-content/uploads/2025/01/Samsung-MLT-D305L-Black-Toner.png"
"5205","Sharp 202","https://old.trinatechtonersandprinters.co.ke/wp-content/uploads/2026/02/Sharp-202.webp"
"5197","Sharp AR-016FT Black Toner Cartridge","https://old.trinatechtonersandprinters.co.ke/wp-content/uploads/2026/02/Sharp-AR-016FT-Black-Toner-Cartridge.webp"
"5196","Sharp AR-201/202FT Black Toner Cartridge","https://old.trinatechtonersandprinters.co.ke/wp-content/uploads/2026/02/Sharp-AR-201202FT-Black-Toner-Cartridge.webp"
"4412","Sharp AR-310FT Toner Cartridge","https://old.trinatechtonersandprinters.co.ke/wp-content/uploads/2025/01/Sharp-AR-310FT-Toner.png"
"4409","Sharp AR-450FT Toner Cartridge","https://old.trinatechtonersandprinters.co.ke/wp-content/uploads/2025/01/Sharp-AR-450FT-Toner.png"
"5204","Sharp Ar 021","https://old.trinatechtonersandprinters.co.ke/wp-content/uploads/2026/02/Sharp-Ar-27-Ft.webp"
"5203","Sharp Ar 27 Ft","https://old.trinatechtonersandprinters.co.ke/wp-content/uploads/2026/02/Sharp-Ar-27-Ft-1.webp"
"5202","Sharp Ar 310","https://old.trinatechtonersandprinters.co.ke/wp-content/uploads/2026/02/Sharp-Ar-310.webp"
"5201","Sharp Ar 312","https://old.trinatechtonersandprinters.co.ke/wp-content/uploads/2026/02/Sharp-Ar-312.webp"
"5200","Sharp Ar 450","https://old.trinatechtonersandprinters.co.ke/wp-content/uploads/2026/02/Sharp-Ar-450.webp"
"5199","Sharp Ar/Mx 500FT Black Toner Cartridge","https://old.trinatechtonersandprinters.co.ke/wp-content/uploads/2026/02/Sharp-ArMx-500FT-Black-Toner-Cartridge.webp"
"5198","Sharp Ar/Mx 560FT Black Toner Cartridge","https://old.trinatechtonersandprinters.co.ke/wp-content/uploads/2026/02/Sharp-ArMx-560FT-Black-Toner-Cartridge.webp"
"4415","Sharp MX-235FT Toner Cartridge","https://old.trinatechtonersandprinters.co.ke/wp-content/uploads/2025/01/Sharp-MX-235FT-Toner.png"
"4421","Sharp MX-237FT Toner Cartridge","https://old.trinatechtonersandprinters.co.ke/wp-content/uploads/2025/01/Sharp-MX-237FT-Toner.png"
"4418","Sharp MX-238FT Toner Cartridge","https://old.trinatechtonersandprinters.co.ke/wp-content/uploads/2025/01/Sharp-MX-238FT-Toner.png"
"5189","Sharp MX-23FT-BA Black Toner Cartridge","https://old.trinatechtonersandprinters.co.ke/wp-content/uploads/2026/02/Sharp-MX-23FT-BA-Black-Toner-Cartridge.webp"
"5188","Sharp MX-23FT-CA (Cyan) Ma (Magenta) Ya (Yellow) Toners Each","https://old.trinatechtonersandprinters.co.ke/wp-content/uploads/2026/02/Sharp-MX-23FT-CA-Cyan-Ma-Magenta-Ya-Yellow-Toners-Each.webp"
"5187","Sharp MX-312FT Black Toner Cartridge","https://old.trinatechtonersandprinters.co.ke/wp-content/uploads/2026/02/Sharp-MX-312FT-Black-Toner-Cartridge.webp"
"5186","Sharp MX-561NT Compatible Toner Cartridge","https://old.trinatechtonersandprinters.co.ke/wp-content/uploads/2026/02/Sharp-MX-561NT-Compatible-Toner-Cartridge.webp"
"5195","Sharp Mx 235 Ft","https://old.trinatechtonersandprinters.co.ke/wp-content/uploads/2026/02/Sharp-Mx-235-Ft.webp"
"5194","Sharp Mx 235/236FT Black Ar Toner Cartridge","https://old.trinatechtonersandprinters.co.ke/wp-content/uploads/2026/02/Sharp-Mx-235236FT-Black-Ar-Toner-Cartridge.webp"
"5193","Sharp Mx 237","https://old.trinatechtonersandprinters.co.ke/wp-content/uploads/2026/02/Sharp-Mx-237.webp"
"5192","Sharp Mx 238 Ft","https://old.trinatechtonersandprinters.co.ke/wp-content/uploads/2026/02/Sharp-Mx-238-Ft.webp"
"5191","Sharp Mx 500","https://old.trinatechtonersandprinters.co.ke/wp-content/uploads/2026/02/Sharp-Mx-500.webp"
"5190","Sharp Mx 560/561/460","https://old.trinatechtonersandprinters.co.ke/wp-content/uploads/2026/02/Sharp-Mx-560-561-460-1.webp"
"4035","Toshiba 1TB Canvio Basics Portable External Hard Drive","https://old.trinatechtonersandprinters.co.ke/wp-content/uploads/2025/01/Toshiba-1TB-External-Hard-Drive.png"
"4032","Toshiba 2TB Canvio Basics Portable External Hard Drive","https://old.trinatechtonersandprinters.co.ke/wp-content/uploads/2025/01/Toshiba-2TB-External-Hard-Drive.png"
"4978","Toshiba T-2507P Toner Cartridge","https://old.trinatechtonersandprinters.co.ke/wp-content/uploads/2026/02/Toshiba-T-2507P-Toner-Cartridge.webp"
"4976","Toshiba T-5070P Black Toner Cartridge","https://old.trinatechtonersandprinters.co.ke/wp-content/uploads/2026/02/Toshiba-T-5070P-Black-Toner-Cartridge.webp"
"4975","Toshiba T-5070P Compatible Black Toner Cartridge","https://old.trinatechtonersandprinters.co.ke/wp-content/uploads/2026/02/Toshiba-T-5070P-Compatible-Black-Toner-Cartridge.webp"
"4974","Toshiba T-5070U Toner Cartridge E-Studio","https://old.trinatechtonersandprinters.co.ke/wp-content/uploads/2026/02/Toshiba-T-5070U-Toner-Cartridge-E-Studio.webp"
"4977","Toshiba T3008P Black Toner Cartridge","https://old.trinatechtonersandprinters.co.ke/wp-content/uploads/2026/02/Toshiba-T3008P-Black-Toner-Cartridge.webp"
"4973","Toshiba Toner T-2320D E Studio 230/232/280/200L","https://old.trinatechtonersandprinters.co.ke/wp-content/uploads/2026/02/Toshiba-Toner-T-2320D-E-Studio-230232280200L.webp"
"4041","Transcend 1TB Portable External Hard Disk","https://old.trinatechtonersandprinters.co.ke/wp-content/uploads/2025/01/Transcend-1TB-External-Hard-Disk.png"
"4038","Transcend 2TB Portable External Hard Disk","https://old.trinatechtonersandprinters.co.ke/wp-content/uploads/2025/01/Transcend-2TB-External-Hard-Disk.png"
"9001","HP LaserJet Pro 2320 Printer","https://old.trinatechtonersandprinters.co.ke/wp-content/uploads/2026/08/9001_hp_hp-laserjet-pro-2320-printer.jpg.png"
"9002","HP LaserJet M141a Printer","https://old.trinatechtonersandprinters.co.ke/wp-content/uploads/2026/08/9002_hp_hp-laserjet-m141a-printer.jpg"
"9003","Kyocera ECOSYS FS-4125idn Printer","https://old.trinatechtonersandprinters.co.ke/wp-content/uploads/2026/08/9003_kyocera_kyocera-ecosys-fs-4125idn-printer.jpg.png"
"9004","Kyocera ECOSYS MA4000cix Printer","https://old.trinatechtonersandprinters.co.ke/wp-content/uploads/2026/08/9004_kyocera_kyocera-ecosys-ma4000cix-printer.jpg.png"
"9005","Kyocera ECOSYS M4125idn Printer","https://old.trinatechtonersandprinters.co.ke/wp-content/uploads/2026/08/9005_kyocera_kyocera-ecosys-m4125idn-printer.jpg.png"
"9007","Kyocera 2020 Platen Cover","https://old.trinatechtonersandprinters.co.ke/wp-content/uploads/2026/08/9007_kyocera_kyocera-2020-platen-cover.jpg.png"
"9101","Kyocera ECOSYS M4125idn Printer","https://old.trinatechtonersandprinters.co.ke/wp-content/uploads/2026/08/9101_kyocera_kyocera-ecosys-m4125idn-printer.jpg.png"
"9102","Kyocera ECOSYS MA4000cix Printer","https://old.trinatechtonersandprinters.co.ke/wp-content/uploads/2026/08/9102_kyocera_kyocera-ecosys-ma4000cix-printer.jpg.png"
"9104","Kyocera 2020 Platen Cover","https://old.trinatechtonersandprinters.co.ke/wp-content/uploads/2026/08/9104_kyocera_kyocera-2020-platen-cover.jpg.png"
"9105","Epson EB-W01 WXGA Projector","https://old.trinatechtonersandprinters.co.ke/wp-content/uploads/2026/08/9105_epson_epson-eb-w01-wxga-projector.jpg.png"
"9106","Epson EPOS Cash Drawer ECH410","https://old.trinatechtonersandprinters.co.ke/wp-content/uploads/2026/08/9106_epson_epson-epos-cash-drawer-ech410.jpg.png"
"9107","Epson WiFi Adaptor ELPAP11","https://old.trinatechtonersandprinters.co.ke/wp-content/uploads/2026/08/9107_epson_epson-wifi-adaptor-elpap11.jpg.png"
"9108","Epson EPOS AF-250 Thermal Printer","https://old.trinatechtonersandprinters.co.ke/wp-content/uploads/2026/08/9108_epson_epson-epos-af-250-thermal-printer.png"
"9109","HP LaserJet MFP M236dw Printer","https://old.trinatechtonersandprinters.co.ke/wp-content/uploads/2026/08/9109_hp_hp-laserjet-mfp-m236dw-printer.jpg.png"
"9110","HP LaserJet MFP M236sdn Printer","https://old.trinatechtonersandprinters.co.ke/wp-content/uploads/2026/08/9110_hp_hp-laserjet-mfp-m236sdn-printer.jpg.png"
"9111","HP LaserJet Enterprise M507dn Printer","https://old.trinatechtonersandprinters.co.ke/wp-content/uploads/2026/08/9111_hp_hp-laserjet-enterprise-m507dn-printer.jpg.png"
"9112","HP Color LaserJet Professional CP5225dn Printer","https://old.trinatechtonersandprinters.co.ke/wp-content/uploads/2026/08/9112_hp_hp-color-laserjet-professional-cp5225dn-printer.webp"
"9113","HP Color LaserJet Pro 3203dw Printer","https://old.trinatechtonersandprinters.co.ke/wp-content/uploads/2026/08/9113_hp_hp-color-laserjet-pro-3203dw-printer.jpg"
"9114","HP LaserJet Pro MFP 3103fdw Printer","https://old.trinatechtonersandprinters.co.ke/wp-content/uploads/2026/08/9114_hp_hp-laserjet-pro-mfp-3103fdw-printer.jpg.png"
"9115","HP ScanJet Pro 2600 f1 Scanner","https://old.trinatechtonersandprinters.co.ke/wp-content/uploads/2026/08/9115_hp_hp-scanjet-pro-2600-f1-scanner.jpg.png"
"9116","HP Smart Tank 530 Printer","https://old.trinatechtonersandprinters.co.ke/wp-content/uploads/2026/08/9116_hp_hp-smart-tank-530-printer.jpg.png"
"9201","Kyocera ECOSYS MA4000wifx Printer","https://old.trinatechtonersandprinters.co.ke/wp-content/uploads/2026/08/9201_kyocera_kyocera-ecosys-ma4000wifx-printer.jpg.png"
"9202","Kyocera ECOSYS MA2600cwfx Printer","https://old.trinatechtonersandprinters.co.ke/wp-content/uploads/2026/08/9202_kyocera_kyocera-ecosys-ma2600cwfx-printer.jpg.png"
"9203","Kyocera TASKalfa 8003i Printer","https://old.trinatechtonersandprinters.co.ke/wp-content/uploads/2026/08/9203_kyocera_kyocera-taskalfa-8003i-printer.jpg.png"
"9205","Epson Dot Matrix LQ-350 Printer","https://old.trinatechtonersandprinters.co.ke/wp-content/uploads/2026/08/9205_epson_epson-dot-matrix-lq-350-printer.jpg"
"9206","Epson Dot Matrix LX-350 Printer","https://old.trinatechtonersandprinters.co.ke/wp-content/uploads/2026/08/9206_epson_epson-dot-matrix-lx-350-printer.webp"
"9207","Epson EcoTank L3250 Printer","https://old.trinatechtonersandprinters.co.ke/wp-content/uploads/2026/08/9207_epson_epson-ecotank-l3250-printer.jpg.png"
"9209","Epson EcoTank L3210 Printer","https://old.trinatechtonersandprinters.co.ke/wp-content/uploads/2026/08/9209_epson_epson-ecotank-l3210-printer.jpg.png"
"9210","Epson EB-W55 WXGA Projector","https://old.trinatechtonersandprinters.co.ke/wp-content/uploads/2026/08/9210_epson_epson-eb-w55-wxga-projector.jpg.png"
"9211","Epson TM-T20III Thermal Printer","https://old.trinatechtonersandprinters.co.ke/wp-content/uploads/2026/08/9211_epson_epson-tm-t20iii-thermal-printer.jpg"
"9212","Epson EcoTank L8050 Photo Printer","https://old.trinatechtonersandprinters.co.ke/wp-content/uploads/2026/08/9212_epson_epson-ecotank-l8050-photo-printer.jpg.png"
"9214","HP DeskJet 2320 All-in-One Printer","https://old.trinatechtonersandprinters.co.ke/wp-content/uploads/2026/08/9214_hp_hp-deskjet-2320-all-in-one-printer.jpg.png"
"9215","HP LaserJet M211d Printer","https://old.trinatechtonersandprinters.co.ke/wp-content/uploads/2026/08/9215_hp_hp-laserjet-m211d-printer.jpg.png"
"9216","HP LaserJet MFP M141a Printer","https://old.trinatechtonersandprinters.co.ke/wp-content/uploads/2026/08/9216_hp_hp-laserjet-mfp-m141a-printer.jpg.png"
"9217","HP LaserJet MFP M141W Printer","https://old.trinatechtonersandprinters.co.ke/wp-content/uploads/2026/08/9217_hp_hp-laserjet-mfp-m141w-printer.jpg.png"
"9218","HP Color LaserJet Enterprise MFP M578dn Printer","https://old.trinatechtonersandprinters.co.ke/wp-content/uploads/2026/08/9218_hp_hp-color-laserjet-enterprise-mfp-m578dn-printer.jpg.png"
"9219","HP LaserJet Pro MFP 4103dw Printer","https://old.trinatechtonersandprinters.co.ke/wp-content/uploads/2026/08/9219_hp_hp-laserjet-pro-mfp-4103dw-printer.jpg.png"
"9220","HP LaserJet Pro MFP 4103fdw Printer","https://old.trinatechtonersandprinters.co.ke/wp-content/uploads/2026/08/9220_hp_hp-laserjet-pro-mfp-4103fdw-printer.jpg.png"
"9221","HP LaserJet Enterprise M611dn Printer","https://old.trinatechtonersandprinters.co.ke/wp-content/uploads/2026/08/9221_hp_hp-laserjet-enterprise-m611dn-printer.jpg.png"
"9222","HP Color LaserJet Pro MFP 3303fdn Printer","https://old.trinatechtonersandprinters.co.ke/wp-content/uploads/2026/08/9222_hp_hp-color-laserjet-pro-mfp-3303fdn-printer.jpg"
"9223","HP Color LaserJet Pro MFP 4303fdw Printer","https://old.trinatechtonersandprinters.co.ke/wp-content/uploads/2026/08/9223_hp_hp-color-laserjet-pro-mfp-4303fdw-printer.jpg"
"9224","HP Color LaserJet Pro MFP 4303dw Printer","https://old.trinatechtonersandprinters.co.ke/wp-content/uploads/2026/08/9224_hp_hp-color-laserjet-pro-mfp-4303dw-printer.jpg"
"9225","HP LaserJet Pro 4003dn Printer","https://old.trinatechtonersandprinters.co.ke/wp-content/uploads/2026/08/9225_hp_hp-laserjet-pro-4003dn-printer.jpg"
"9226","HP LaserJet Pro 4003dw Printer","https://old.trinatechtonersandprinters.co.ke/wp-content/uploads/2026/08/9226_hp_hp-laserjet-pro-4003dw-printer.jpg.png"
"9227","HP LaserJet Pro MFP 4103fdn Printer","https://old.trinatechtonersandprinters.co.ke/wp-content/uploads/2026/08/9227_hp_hp-laserjet-pro-mfp-4103fdn-printer.jpg.png"
"9228","HP OfficeJet Pro 9730 Wide Format All-in-One Printer","https://old.trinatechtonersandprinters.co.ke/wp-content/uploads/2026/08/9228_hp_hp-officejet-pro-9730-wide-format-all-in-one-pri.jpg"
"9229","HP Smart Tank 580 Printer","https://old.trinatechtonersandprinters.co.ke/wp-content/uploads/2026/08/9229_hp_hp-smart-tank-580-printer.png"
"9230","HP Smart Tank 581 Printer","https://old.trinatechtonersandprinters.co.ke/wp-content/uploads/2026/08/9230_hp_hp-smart-tank-581-printer.jpg.png"
"9231","HP Smart Tank 582 Printer","https://old.trinatechtonersandprinters.co.ke/wp-content/uploads/2026/08/9231_hp_hp-smart-tank-582-printer.jpg.png"
"9232","HP Smart Tank 585 Printer","https://old.trinatechtonersandprinters.co.ke/wp-content/uploads/2026/08/9232_hp_hp-smart-tank-585-printer.jpg.png"