"Product Name","Product URL","Category","Description Status","Priority","Notes"
"Kyocera Royal 1KG Refill Powder","https://trinatechweb1.base44.app/product?id=5052","Royal Toners","HAS DESCRIPTION","MEDIUM","Thin/placeholder description (31 chars)"
"Royal 05A Black Compatible (CE505A)","https://trinatechweb1.base44.app/product?id=5403","Royal Hp Compatible Toners","HAS DESCRIPTION","MEDIUM","Thin/placeholder description (34 chars)"
"Royal 201A Black Compatible (CF540A)","https://trinatechweb1.base44.app/product?id=5433","Royal Hp Compatible Toners","HAS DESCRIPTION","MEDIUM","Thin/placeholder description (35 chars)"
"Royal 203A Black Compatible (CF540A)","https://trinatechweb1.base44.app/product?id=5429","Royal Hp Compatible Toners","HAS DESCRIPTION","MEDIUM","Thin/placeholder description (35 chars)"
"Royal 500G Kyocera Powder","https://trinatechweb1.base44.app/product?id=5022","Royal Toners","HAS DESCRIPTION","MEDIUM","Thin/placeholder description (25 chars)"
"Royal 80A Black Compatible (CF280A)","https://trinatechweb1.base44.app/product?id=5415","Royal Hp Compatible Toners","HAS DESCRIPTION","MEDIUM","Thin/placeholder description (34 chars)"
"Royal 83A Black Compatible (CF283A)","https://trinatechweb1.base44.app/product?id=5414","Royal Hp Compatible Toners","HAS DESCRIPTION","MEDIUM","Thin/placeholder description (34 chars)"
"Royal 85A Black Compatible (CE285A)","https://trinatechweb1.base44.app/product?id=5413","Royal Hp Compatible Toners","HAS DESCRIPTION","MEDIUM","Thin/placeholder description (34 chars)"
"ROYAL Canon C-EXV29 Toner Value Each B/Cm/Y","https://trinatechweb1.base44.app/product?id=5507","Canon Toners","HAS DESCRIPTION","MEDIUM","Thin/placeholder description (37 chars)"
"Royal Compatible 212A","https://trinatechweb1.base44.app/product?id=5407","Royal Hp Compatible Toners","HAS DESCRIPTION","MEDIUM","Thin/placeholder description (21 chars)"
"Royal HP 500G Refill Powder","https://trinatechweb1.base44.app/product?id=5020","Royal Toners","HAS DESCRIPTION","MEDIUM","Thin/placeholder description (27 chars)"
"Royal HP Refill Powder 1KG","https://trinatechweb1.base44.app/product?id=5019","Royal Toners","HAS DESCRIPTION","MEDIUM","Thin/placeholder description (26 chars)"
"Royal TK 8335CMYK Compatible Toner Cartridge Each","https://trinatechweb1.base44.app/product?id=5032","Royal Toners","HAS DESCRIPTION","MEDIUM","Thin/placeholder description (49 chars)"
"Royal TK 8515 Compatible Toners CMYK Each","https://trinatechweb1.base44.app/product?id=5391","Royal Kyocera Compatible Toners","HAS DESCRIPTION","MEDIUM","Thin/placeholder description (41 chars)"
"Royal TK 8515Y Yellow Cartridge","https://trinatechweb1.base44.app/product?id=5387","Royal Kyocera Compatible Toners","HAS DESCRIPTION","MEDIUM","Thin/placeholder description (31 chars)"
"Royal TK 8525 Compatible Toner Cartridge CMYK Each","https://trinatechweb1.base44.app/product?id=5028","Royal Toners","HAS DESCRIPTION","MEDIUM","Thin/placeholder description (50 chars)"
"Royal TK 8525K Black Toner Catridge","https://trinatechweb1.base44.app/product?id=5027","Royal Toners","HAS DESCRIPTION","MEDIUM","Thin/placeholder description (35 chars)"
"Royal TK 8545 Cmy Toner Each","https://trinatechweb1.base44.app/product?id=5026","Royal Toners","HAS DESCRIPTION","MEDIUM","Thin/placeholder description (28 chars)"
"Royal TK 8545K Black Toner Cartridge","https://trinatechweb1.base44.app/product?id=5359","Royal Kyocera Compatible Toners","HAS DESCRIPTION","MEDIUM","Thin/placeholder description (36 chars)"
"Royal TK 8555 Cym Toner Cartridge","https://trinatechweb1.base44.app/product?id=5025","Royal Toners","HAS DESCRIPTION","MEDIUM","Thin/placeholder description (33 chars)"
"Royal TK 8555K Compatible Black Toner","https://trinatechweb1.base44.app/product?id=5024","Royal Toners","HAS DESCRIPTION","MEDIUM","Thin/placeholder description (37 chars)"
"Royal TK 8705 Black Toner Each Cym","https://trinatechweb1.base44.app/product?id=5358","Royal Kyocera Compatible Toners","HAS DESCRIPTION","MEDIUM","Thin/placeholder description (34 chars)"
"Royal Toner Cartridge 407S","https://trinatechweb1.base44.app/product?id=4985","Royal Toners","HAS DESCRIPTION","MEDIUM","Thin/placeholder description (26 chars)"
"Royal Toner Cartridge W1816A Black","https://trinatechweb1.base44.app/product?id=4980","Royal Toners","HAS DESCRIPTION","MEDIUM","Thin/placeholder description (34 chars)"
"3210D Toner Cartridge","https://trinatechweb1.base44.app/product?id=9539","Inks & Toner Cartridges","HAS DESCRIPTION","LOW",""
"Apc Back-Ups 650VA","https://trinatechweb1.base44.app/product?id=4051","Computers & Computer Accessories > External Hard Disks","HAS DESCRIPTION","LOW",""
"Asus X515 Celeron 4GB/256SSD/15.6 Laptop","https://trinatechweb1.base44.app/product?id=3473","Laptops","HAS DESCRIPTION","LOW",""
"Asus X543U Core I5 8GB1TB15.6WIN 10 Laptop","https://trinatechweb1.base44.app/product?id=3475","Laptops","HAS DESCRIPTION","LOW",""
"Bizhub C220/280/360 Toner TN-216/319","https://trinatechweb1.base44.app/product?id=5275","Brother Toners","HAS DESCRIPTION","LOW",""
"Blade Cleaning Blade For Kyocera Mita KM-2050","https://trinatechweb1.base44.app/product?id=4449","Printer Parts","HAS DESCRIPTION","LOW",""
"Blade Cleaning Blade For Kyocera Mita KM-2050","https://trinatechweb1.base44.app/product?id=9622","Maintenance Kits & Spare Parts","HAS DESCRIPTION","LOW",""
"Brother BT-D60 BK Black High Yield Ink Bottle","https://trinatechweb1.base44.app/product?id=5559","Brother Toners","HAS DESCRIPTION","LOW",""
"Brother BT5000C BT5000Y BT5000M Inks Each","https://trinatechweb1.base44.app/product?id=5561","Brother Toners","HAS DESCRIPTION","LOW",""
"Brother BT6000BK Ink Bottle Black","https://trinatechweb1.base44.app/product?id=5560","Brother Toners","HAS DESCRIPTION","LOW",""
"Brother DR-2305 Drum Unit","https://trinatechweb1.base44.app/product?id=5558","Brother Toners","HAS DESCRIPTION","LOW",""
"Brother DR1000 Toner Cartridge","https://trinatechweb1.base44.app/product?id=9579","Brother Toners","HAS DESCRIPTION","LOW",""
"Brother DR2405 Toner Cartridge","https://trinatechweb1.base44.app/product?id=9580","Brother Toners","HAS DESCRIPTION","LOW",""
"Brother DR3355 Toner Cartridge","https://trinatechweb1.base44.app/product?id=9581","Brother Toners","HAS DESCRIPTION","LOW",""
"Brother DR3437 Toner Cartridge","https://trinatechweb1.base44.app/product?id=9582","Brother Toners","HAS DESCRIPTION","LOW",""
"Brother LC3717 Black Ink Cartridges","https://trinatechweb1.base44.app/product?id=5357","Brother Inks Cartridges","HAS DESCRIPTION","LOW",""
"Brother LC3717C Cyan Ink Cartridges","https://trinatechweb1.base44.app/product?id=5356","Brother Inks Cartridges","HAS DESCRIPTION","LOW",""
"Brother LC3717M Magneta Ink Cartridges","https://trinatechweb1.base44.app/product?id=5355","Brother Inks Cartridges","HAS DESCRIPTION","LOW",""
"Brother LC3717Y Yellow Ink Cartridges","https://trinatechweb1.base44.app/product?id=5354","Brother Inks Cartridges","HAS DESCRIPTION","LOW",""
"Brother LC3719XL Black Ink Cartridges","https://trinatechweb1.base44.app/product?id=5353","Brother Inks Cartridges","HAS DESCRIPTION","LOW",""
"Brother LC3719XL Cyan Ink Cartridges","https://trinatechweb1.base44.app/product?id=5352","Brother Inks Cartridges","HAS DESCRIPTION","LOW",""
"Brother LC3719XL Magenta Ink Cartridges","https://trinatechweb1.base44.app/product?id=5351","Brother Inks Cartridges","HAS DESCRIPTION","LOW",""
"Brother LC3719XL Yellow Ink Cartridges","https://trinatechweb1.base44.app/product?id=5350","Brother Inks Cartridges","HAS DESCRIPTION","LOW",""
"Brother TN-1000 Black Toner Cartridge","https://trinatechweb1.base44.app/product?id=4967","Brother Toners","HAS DESCRIPTION","LOW",""
"Brother TN-2130 Black Toner Cartridge","https://trinatechweb1.base44.app/product?id=5557","Brother Toners","HAS DESCRIPTION","LOW",""
"Brother TN-2280 Black Toner Cartridge","https://trinatechweb1.base44.app/product?id=4968","Brother Toners","HAS DESCRIPTION","LOW",""
"Brother TN-2305 Black Toner Cartridge","https://trinatechweb1.base44.app/product?id=4969","Brother Toners","HAS DESCRIPTION","LOW",""
"Brother TN-2350 Black Toner Cartridge","https://trinatechweb1.base44.app/product?id=4395","Inks & Toner Cartridges","HAS DESCRIPTION","LOW",""
"Brother TN-2355 Black Toner Cartridge","https://trinatechweb1.base44.app/product?id=5556","Brother Toners","HAS DESCRIPTION","LOW",""
"Brother TN-2405 Black Toner Cartridge","https://trinatechweb1.base44.app/product?id=5555","Brother Toners","HAS DESCRIPTION","LOW",""
"Brother TN-261 Toners CMYK Cartridges Each","https://trinatechweb1.base44.app/product?id=5554","Brother Toners","HAS DESCRIPTION","LOW",""
"Brother TN-273 Black Toner Cartridge","https://trinatechweb1.base44.app/product?id=5553","Brother Toners","HAS DESCRIPTION","LOW",""
"Brother TN-273 Color Toner Cartridges Each","https://trinatechweb1.base44.app/product?id=5552","Brother Toners","HAS DESCRIPTION","LOW",""
"Brother TN-277 Color Toner Cartridges Each","https://trinatechweb1.base44.app/product?id=5551","Brother Toners","HAS DESCRIPTION","LOW",""
"Brother TN-277BK Black Original Toner Cartridge","https://trinatechweb1.base44.app/product?id=5550","Brother Toners","HAS DESCRIPTION","LOW",""
"Brother TN-3145 Black Toner Cartridge","https://trinatechweb1.base44.app/product?id=5549","Brother Toners","HAS DESCRIPTION","LOW",""
"Brother TN-3250 Black Toner Cartridge","https://trinatechweb1.base44.app/product?id=5548","Brother Toners","HAS DESCRIPTION","LOW",""
"Brother TN-3290 Black Toner Cartridge","https://trinatechweb1.base44.app/product?id=5547","Brother Toners","HAS DESCRIPTION","LOW",""
"Brother TN-3350 Black Toner Cartridge","https://trinatechweb1.base44.app/product?id=5546","Brother Toners","HAS DESCRIPTION","LOW",""
"Brother TN-3350 Toner Cartridge","https://trinatechweb1.base44.app/product?id=4403","Inks & Toner Cartridges","HAS DESCRIPTION","LOW",""
"Brother TN-3437 Black Toner High Capacity","https://trinatechweb1.base44.app/product?id=5545","Brother Toners","HAS DESCRIPTION","LOW",""
"Canon 045 Cym Toner Cartridges Each","https://trinatechweb1.base44.app/product?id=5520","Canon Toners","HAS DESCRIPTION","LOW",""
"Canon 045BK Black Toner Cartridge","https://trinatechweb1.base44.app/product?id=5519","Canon Toners","HAS DESCRIPTION","LOW",""
"Canon 067 Original Toner Cartridge CRG-067","https://trinatechweb1.base44.app/product?id=9521","Canon Toners","HAS DESCRIPTION","LOW",""
"Canon 069 Original Toner Cartridge CRG-069","https://trinatechweb1.base44.app/product?id=9515","Canon Toners","HAS DESCRIPTION","LOW",""
"Canon 070 Original Toner Cartridge CRG-070","https://trinatechweb1.base44.app/product?id=9620","Canon Toners","HAS DESCRIPTION","LOW",""
"Canon 070 Original Toner Cartridge CRG-070","https://trinatechweb1.base44.app/product?id=9621","Canon Toners","HAS DESCRIPTION","LOW",""
"Canon 718 Black Original Laser Toner Cartridge","https://trinatechweb1.base44.app/product?id=5518","Canon Toners","HAS DESCRIPTION","LOW",""
"Canon 718 Cyan Original Laser Toner Cartridge","https://trinatechweb1.base44.app/product?id=5517","Canon Toners","HAS DESCRIPTION","LOW",""
"Canon 718 Magenta Original Laser Toner Cartridge","https://trinatechweb1.base44.app/product?id=5516","Canon Toners","HAS DESCRIPTION","LOW",""
"Canon 719 Black Original Laser Toner Cartridge","https://trinatechweb1.base44.app/product?id=5515","Canon Toners","HAS DESCRIPTION","LOW",""
"Canon 719 Yellow Original Laser Toner Cartridge","https://trinatechweb1.base44.app/product?id=5514","Canon Toners","HAS DESCRIPTION","LOW",""
"Canon C-Exv 18 Black Toner","https://trinatechweb1.base44.app/product?id=4208","Inks & Toner Cartridges","HAS DESCRIPTION","LOW",""
"Canon C-Exv 33 Black Original Toner Cartridge","https://trinatechweb1.base44.app/product?id=5513","Canon Toners","HAS DESCRIPTION","LOW",""
"Canon C-Exv 42 Black Toner","https://trinatechweb1.base44.app/product?id=4205","Inks & Toner Cartridges","HAS DESCRIPTION","LOW",""
"Canon C-Exv 43 Black Toner Cartridge","https://trinatechweb1.base44.app/product?id=5512","Canon Toners","HAS DESCRIPTION","LOW",""
"Canon C-Exv 51L Cym Toner Cartridges Each","https://trinatechweb1.base44.app/product?id=5511","Canon Toners","HAS DESCRIPTION","LOW",""
"Canon C-Exv 54 Toners Each Bcmy","https://trinatechweb1.base44.app/product?id=5510","Canon Toners","HAS DESCRIPTION","LOW",""
"Canon C-EXV12 Black Original Laser Toner Cartridge","https://trinatechweb1.base44.app/product?id=5509","Canon Toners","HAS DESCRIPTION","LOW",""
"Canon C-EXV14 Black Original Laser Toner Cartridge","https://trinatechweb1.base44.app/product?id=5508","Canon Toners","HAS DESCRIPTION","LOW",""
"Canon C-EXV35 Toner Cartridge","https://trinatechweb1.base44.app/product?id=9530","Canon Toners","HAS DESCRIPTION","LOW",""
"Canon C-EXV40 Toner Cartridge","https://trinatechweb1.base44.app/product?id=9541","Canon Toners","HAS DESCRIPTION","LOW",""
"Canon C-EXV49 Toner Bcmy","https://trinatechweb1.base44.app/product?id=5506","Canon Toners","HAS DESCRIPTION","LOW",""
"Canon C-EXV51 Black Laser Toner Cartridge","https://trinatechweb1.base44.app/product?id=5505","Canon Toners","HAS DESCRIPTION","LOW",""
"Canon C-EXV51 Toner Each Bcym","https://trinatechweb1.base44.app/product?id=5504","Canon Toners","HAS DESCRIPTION","LOW",""
"Canon C-EXV52 Black Toner Cartridge","https://trinatechweb1.base44.app/product?id=5503","Canon Toners","HAS DESCRIPTION","LOW",""
"Canon C-EXV59 Toner Cartridge","https://trinatechweb1.base44.app/product?id=9576","Canon Toners","HAS DESCRIPTION","LOW",""
"Canon Canoscan Lide 300 Scanner","https://trinatechweb1.base44.app/product?id=3442","Scanner","HAS DESCRIPTION","LOW",""
"Canon Cartridge 045","https://trinatechweb1.base44.app/product?id=9558","Canon Toners","HAS DESCRIPTION","LOW",""
"Canon CL-41 Color Ink Original Cartridge Each","https://trinatechweb1.base44.app/product?id=5543","Canon Ink Cartridges","HAS DESCRIPTION","LOW",""
"Canon CL-441 Color Ink Original Cartridge","https://trinatechweb1.base44.app/product?id=5542","Canon Ink Cartridges","HAS DESCRIPTION","LOW",""
"Canon CL-446 Color Ink Original Cartridge","https://trinatechweb1.base44.app/product?id=5541","Canon Ink Cartridges","HAS DESCRIPTION","LOW",""
"Canon CL-511 Color Ink Original Cartridge","https://trinatechweb1.base44.app/product?id=5540","Canon Ink Cartridges","HAS DESCRIPTION","LOW",""
"Canon CL-56 Color Ink Original Cartridge","https://trinatechweb1.base44.app/product?id=5539","Canon Ink Cartridges","HAS DESCRIPTION","LOW",""
"Canon CLI-36 Color Ink Original Cartridge","https://trinatechweb1.base44.app/product?id=5538","Canon Ink Cartridges","HAS DESCRIPTION","LOW",""
"Canon CLI-451 Black Ink Cartridge","https://trinatechweb1.base44.app/product?id=5537","Canon Ink Cartridges","HAS DESCRIPTION","LOW",""
"Canon CLI-451 Cyan Ink Original Cartridge","https://trinatechweb1.base44.app/product?id=5536","Canon Ink Cartridges","HAS DESCRIPTION","LOW",""
"Canon CLI-451 Magenta Ink Original Cartridge","https://trinatechweb1.base44.app/product?id=5535","Canon Ink Cartridges","HAS DESCRIPTION","LOW",""
"Canon CLI-451 Yellow Ink Original Cartridge","https://trinatechweb1.base44.app/product?id=5534","Canon Ink Cartridges","HAS DESCRIPTION","LOW",""
"Canon CRG-057 Toner Cartridge","https://trinatechweb1.base44.app/product?id=9535","Canon Toners","HAS DESCRIPTION","LOW",""
"Canon I-Sensys MF3010 Mfp All-In-One Laser Printer","https://trinatechweb1.base44.app/product?id=4470","Printers & Copiers","HAS DESCRIPTION","LOW",""
"Canon PG-445 Black Ink Original Cartridge","https://trinatechweb1.base44.app/product?id=5533","Canon Ink Cartridges","HAS DESCRIPTION","LOW",""
"Canon PG-46 Black Ink Original Cartridge","https://trinatechweb1.base44.app/product?id=5532","Canon Ink Cartridges","HAS DESCRIPTION","LOW",""
"Canon PG-510 Black Ink Original Cartridge","https://trinatechweb1.base44.app/product?id=5531","Canon Ink Cartridges","HAS DESCRIPTION","LOW",""
"Canon PGI-1400XL Black Ink Cartridge","https://trinatechweb1.base44.app/product?id=5530","Canon Ink Cartridges","HAS DESCRIPTION","LOW",""
"Canon PGI-1400XL Cyan Ink Cartridge","https://trinatechweb1.base44.app/product?id=5529","Canon Ink Cartridges","HAS DESCRIPTION","LOW",""
"Canon PGI-1400XL Magenta Ink Cartridge","https://trinatechweb1.base44.app/product?id=5528","Canon Ink Cartridges","HAS DESCRIPTION","LOW",""
"Canon PGI-1400XL Yellow Ink Cartridge","https://trinatechweb1.base44.app/product?id=5527","Canon Ink Cartridges","HAS DESCRIPTION","LOW",""
"Canon PGI-2400XL Black Ink Cartridge","https://trinatechweb1.base44.app/product?id=5526","Canon Ink Cartridges","HAS DESCRIPTION","LOW",""
"Canon PGI-2400XL Cyan Ink Cartridge","https://trinatechweb1.base44.app/product?id=5525","Canon Ink Cartridges","HAS DESCRIPTION","LOW",""
"Canon PGI-2400XL Magenta Ink Cartridge","https://trinatechweb1.base44.app/product?id=5524","Canon Ink Cartridges","HAS DESCRIPTION","LOW",""
"Canon PGI-2400XL Yellow Ink Cartridge","https://trinatechweb1.base44.app/product?id=5523","Canon Ink Cartridges","HAS DESCRIPTION","LOW",""
"Canon PGI-35 Black Ink Original Cartridge","https://trinatechweb1.base44.app/product?id=5522","Canon Ink Cartridges","HAS DESCRIPTION","LOW",""
"Canon Pixma CL-411 Color Ink Cartridge","https://trinatechweb1.base44.app/product?id=4341","Inks & Toner Cartridges","HAS DESCRIPTION","LOW",""
"Canon Pixma CL-446 Color Ink Cartridge","https://trinatechweb1.base44.app/product?id=4347","Inks & Toner Cartridges","HAS DESCRIPTION","LOW",""
"Canon Pixma CL-511 Color Ink Cartridge","https://trinatechweb1.base44.app/product?id=4334","Inks & Toner Cartridges","HAS DESCRIPTION","LOW",""
"Canon Pixma CL-56 Color Ink Cartridge","https://trinatechweb1.base44.app/product?id=4353","Inks & Toner Cartridges","HAS DESCRIPTION","LOW",""
"Canon Pixma G3420 Printer","https://trinatechweb1.base44.app/product?id=4461","Printers & Copiers","HAS DESCRIPTION","LOW",""
"Canon Pixma G3430 Printer","https://trinatechweb1.base44.app/product?id=4464","Printers & Copiers","HAS DESCRIPTION","LOW",""
"Canon Pixma G640 Printer","https://trinatechweb1.base44.app/product?id=4467","Printers & Copiers","HAS DESCRIPTION","LOW",""
"Canon Pixma MG2550S Printer","https://trinatechweb1.base44.app/product?id=4458","Printers & Copiers","HAS DESCRIPTION","LOW",""
"Canon Pixma PG-440 Black Ink Cartridge","https://trinatechweb1.base44.app/product?id=4337","Inks & Toner Cartridges","HAS DESCRIPTION","LOW",""
"Canon Pixma PG-445 Black Ink Cartridge","https://trinatechweb1.base44.app/product?id=4344","Inks & Toner Cartridges","HAS DESCRIPTION","LOW",""
"Canon Pixma PG-46 Black Ink Cartridge","https://trinatechweb1.base44.app/product?id=4350","Inks & Toner Cartridges","HAS DESCRIPTION","LOW",""
"Canon Pixma PG-510 Black Ink Cartridge","https://trinatechweb1.base44.app/product?id=4329","Inks & Toner Cartridges","HAS DESCRIPTION","LOW",""
"Canon Pixma TS3340 Printer","https://trinatechweb1.base44.app/product?id=4455","Printers & Copiers","HAS DESCRIPTION","LOW",""
"Canon Premium Comp 490 Ink CMYK","https://trinatechweb1.base44.app/product?id=5286","Master Rolls & Inks","HAS DESCRIPTION","LOW",""
"Canon Print Head BH-4 Black","https://trinatechweb1.base44.app/product?id=4356","Printer Parts","HAS DESCRIPTION","LOW",""
"Canon Ts 3340","https://trinatechweb1.base44.app/product?id=5521","Canon Toners","HAS DESCRIPTION","LOW",""
"Compatible Brother TN-2355 ~ DR-2305 Black Toner","https://trinatechweb1.base44.app/product?id=5544","Brother Toners","HAS DESCRIPTION","LOW",""
"Copyprinter Ink Cpi 10","https://trinatechweb1.base44.app/product?id=4372","Inks & Toner Cartridges","HAS DESCRIPTION","LOW",""
"Copyprinter Masters Dx 2330 A4","https://trinatechweb1.base44.app/product?id=4543","Master Roll","HAS DESCRIPTION","LOW",""
"CPI10 Ink","https://trinatechweb1.base44.app/product?id=5285","Master Rolls & Inks","HAS DESCRIPTION","LOW",""
"CPMT21 Master Roll For Gestetner Copy Printer","https://trinatechweb1.base44.app/product?id=4365","Inks & Toner Cartridges","HAS DESCRIPTION","LOW",""
"Cz/Cv Riso Compatible Ink","https://trinatechweb1.base44.app/product?id=4375","Inks & Toner Cartridges","HAS DESCRIPTION","LOW",""
"Dell S2721HL 27-INCH Full Hd 8MS LCD Monitor","https://trinatechweb1.base44.app/product?id=3511","Monitors","HAS DESCRIPTION","LOW",""
"Dell Vostro 3400 Core I3 4GB/1TB/14in Laptop","https://trinatechweb1.base44.app/product?id=3485","Laptops","HAS DESCRIPTION","LOW",""
"Dell Vostro 3400 Core I5 4GB/1TB/14in Laptop","https://trinatechweb1.base44.app/product?id=3482","Laptops","HAS DESCRIPTION","LOW",""
"Dell Vostro 3500 Core I5 4GB/1TB/15.6in UBUNTU Laptop","https://trinatechweb1.base44.app/product?id=3480","Laptops","HAS DESCRIPTION","LOW",""
"Developer Type 26","https://trinatechweb1.base44.app/product?id=5260","Maintenance Kits & Spare Parts","HAS DESCRIPTION","LOW",""
"Developer Type 28","https://trinatechweb1.base44.app/product?id=5259","Maintenance Kits & Spare Parts","HAS DESCRIPTION","LOW",""
"DX2330 Master","https://trinatechweb1.base44.app/product?id=5277","Master Rolls & Inks","HAS DESCRIPTION","LOW",""
"DX2430 Master","https://trinatechweb1.base44.app/product?id=5276","Master Rolls & Inks","HAS DESCRIPTION","LOW",""
"Eaton 5E 850VA Ups","https://trinatechweb1.base44.app/product?id=4048","UPS","HAS DESCRIPTION","LOW",""
"EP Universal Ink BK 1000ML","https://trinatechweb1.base44.app/product?id=9520","Inks & Toner Cartridges","HAS DESCRIPTION","LOW",""
"EP Universal Ink C 1000ML","https://trinatechweb1.base44.app/product?id=9553","Inks & Toner Cartridges","HAS DESCRIPTION","LOW",""
"EP Universal Ink LC 1000ML","https://trinatechweb1.base44.app/product?id=9583","Inks & Toner Cartridges","HAS DESCRIPTION","LOW",""
"EP Universal Ink LM 1000ML","https://trinatechweb1.base44.app/product?id=9584","Inks & Toner Cartridges","HAS DESCRIPTION","LOW",""
"EP Universal Ink M 1000ML","https://trinatechweb1.base44.app/product?id=9554","Inks & Toner Cartridges","HAS DESCRIPTION","LOW",""
"EP Universal Ink Y 1000ML","https://trinatechweb1.base44.app/product?id=9555","Inks & Toner Cartridges","HAS DESCRIPTION","LOW",""
"Epson 101 Ecotank Black Ink Bottle 127ML","https://trinatechweb1.base44.app/product?id=5339","Epson Ribbons & Inks","HAS DESCRIPTION","LOW",""
"Epson 101 Ecotank Cyan Tank Ink Bottle 70ML","https://trinatechweb1.base44.app/product?id=5338","Epson Ribbons & Inks","HAS DESCRIPTION","LOW",""
"Epson 101 Ecotank Magenta Ink Bottle 70ML","https://trinatechweb1.base44.app/product?id=5337","Epson Ribbons & Inks","HAS DESCRIPTION","LOW",""
"Epson 101 Ecotank Yellow Ink Bottle 70ML","https://trinatechweb1.base44.app/product?id=5336","Epson Ribbons & Inks","HAS DESCRIPTION","LOW",""
"Epson 101/103 Premium Refill Ink For Ecotank Each","https://trinatechweb1.base44.app/product?id=5335","Epson Ribbons & Inks","HAS DESCRIPTION","LOW",""
"Epson 103 Ecotank Blacktank Ink Bottle 65ML","https://trinatechweb1.base44.app/product?id=5334","Epson Ribbons & Inks","HAS DESCRIPTION","LOW",""
"Epson 103 Ecotank Cyan Tank Ink Bottle 65ML","https://trinatechweb1.base44.app/product?id=5333","Epson Ribbons & Inks","HAS DESCRIPTION","LOW",""
"Epson 103 Ecotank Magenta Tank Ink Bottle 65ML","https://trinatechweb1.base44.app/product?id=5332","Epson Ribbons & Inks","HAS DESCRIPTION","LOW",""
"Epson 103 Ecotank Yellow Tank Ink Bottle 65ML","https://trinatechweb1.base44.app/product?id=5331","Epson Ribbons & Inks","HAS DESCRIPTION","LOW",""
"Epson 110 Ecotank Black Ink Bottle 120ML","https://trinatechweb1.base44.app/product?id=5330","Epson Ribbons & Inks","HAS DESCRIPTION","LOW",""
"Epson 112 Ecotank Black Pigment Ink Bottle","https://trinatechweb1.base44.app/product?id=5329","Epson Ribbons & Inks","HAS DESCRIPTION","LOW",""
"Epson 112 Ecotank Cym Ink Bottles Each","https://trinatechweb1.base44.app/product?id=5328","Epson Ribbons & Inks","HAS DESCRIPTION","LOW",""
"Epson 664 Black Ink Bottle 70ML (T6641)","https://trinatechweb1.base44.app/product?id=5327","Epson Ribbons & Inks","HAS DESCRIPTION","LOW",""
"Epson 664 Cyan Ink Bottle 70ML (T6642)","https://trinatechweb1.base44.app/product?id=5326","Epson Ribbons & Inks","HAS DESCRIPTION","LOW",""
"Epson 664 Ink Bottle","https://trinatechweb1.base44.app/product?id=4445","Inks & Toner Cartridges","HAS DESCRIPTION","LOW",""
"Epson 664 Magneta Ink Bottle 70ML (T6643)","https://trinatechweb1.base44.app/product?id=5325","Epson Ribbons & Inks","HAS DESCRIPTION","LOW",""
"Epson 664 Yellow Ink Bottle 70ML (T6644)","https://trinatechweb1.base44.app/product?id=5324","Epson Ribbons & Inks","HAS DESCRIPTION","LOW",""
"Epson 664/673 Refill Ink Compatible Ink Each","https://trinatechweb1.base44.app/product?id=5323","Epson Ribbons & Inks","HAS DESCRIPTION","LOW",""
"Epson 673 Black Ink Bottle 70ML","https://trinatechweb1.base44.app/product?id=5322","Epson Ribbons & Inks","HAS DESCRIPTION","LOW",""
"Epson 673 Cyan Ink Bottle 70ML","https://trinatechweb1.base44.app/product?id=5321","Epson Ribbons & Inks","HAS DESCRIPTION","LOW",""
"Epson 673 Light Magenta Ink Bottle 70ML (T6736)","https://trinatechweb1.base44.app/product?id=5320","Epson Ribbons & Inks","HAS DESCRIPTION","LOW",""
"Epson 673 Magenta Ink Bottle 70ML (T6733)","https://trinatechweb1.base44.app/product?id=5319","Epson Ribbons & Inks","HAS DESCRIPTION","LOW",""
"Epson CO-FH02 Projector","https://trinatechweb1.base44.app/product?id=3420","Projectors","HAS DESCRIPTION","LOW",""
"Epson Dot Matrix LQ-350 Printer","https://trinatechweb1.base44.app/product?id=9205","Printers & Copiers","HAS DESCRIPTION","LOW",""
"Epson Dot Matrix LX-350 Printer","https://trinatechweb1.base44.app/product?id=9206","Printers & Copiers","HAS DESCRIPTION","LOW",""
"Epson EB-FH06 Projector","https://trinatechweb1.base44.app/product?id=3423","Projectors","HAS DESCRIPTION","LOW",""
"Epson EB-W01 WXGA Projector","https://trinatechweb1.base44.app/product?id=9105","Projectors","HAS DESCRIPTION","LOW",""
"Epson EB-W55 WXGA Projector","https://trinatechweb1.base44.app/product?id=9210","Projectors","HAS DESCRIPTION","LOW",""
"Epson EB-X49 Projector","https://trinatechweb1.base44.app/product?id=3414","Projectors","HAS DESCRIPTION","LOW",""
"Epson Ecotank L1800 Single Function Inktank A3 Photo Printer","https://trinatechweb1.base44.app/product?id=4511","Printers & Copiers","HAS DESCRIPTION","LOW",""
"Epson Ecotank L3210 A4 All-In-One Ink Tank Printer","https://trinatechweb1.base44.app/product?id=4496","Printers & Copiers","HAS DESCRIPTION","LOW",""
"Epson EcoTank L3210 Printer","https://trinatechweb1.base44.app/product?id=9209","Printers & Copiers","HAS DESCRIPTION","LOW",""
"Epson Ecotank L3250 A4 Wi-Fi All-In-One Ink Tank Printer","https://trinatechweb1.base44.app/product?id=4499","Printers & Copiers","HAS DESCRIPTION","LOW",""
"Epson EcoTank L3250 Printer","https://trinatechweb1.base44.app/product?id=9207","Printers & Copiers","HAS DESCRIPTION","LOW",""
"Epson EcoTank L3252 Printer","https://trinatechweb1.base44.app/product?id=9208","Printers & Copiers","HAS DESCRIPTION","LOW",""
"Epson Ecotank L4260 A4 Wi-Fi Duplex All-In-One Ink Tank Printer","https://trinatechweb1.base44.app/product?id=4502","Printers & Copiers","HAS DESCRIPTION","LOW",""
"Epson EcoTank L4260 All-in-One Printer","https://trinatechweb1.base44.app/product?id=9213","Printers & Copiers","HAS DESCRIPTION","LOW",""
"Epson Ecotank L5290 A4 Wi-Fi All-In-One Ink Tank Printer","https://trinatechweb1.base44.app/product?id=4493","Printers & Copiers","HAS DESCRIPTION","LOW",""
"Epson Ecotank L6490 A4 Ink Tank Printer","https://trinatechweb1.base44.app/product?id=4505","Printers & Copiers","HAS DESCRIPTION","LOW",""
"Epson Ecotank L6570 Wi-Fi Duplex Multifunction Adf Inktank Office Printer","https://trinatechweb1.base44.app/product?id=4508","Printers & Copiers","HAS DESCRIPTION","LOW",""
"Epson EcoTank L8050 Photo Printer","https://trinatechweb1.base44.app/product?id=9212","Printers & Copiers","HAS DESCRIPTION","LOW",""
"Epson EH-TW6150 Projector","https://trinatechweb1.base44.app/product?id=3433","Projectors","HAS DESCRIPTION","LOW",""
"Epson EH-TW6250 Projector","https://trinatechweb1.base44.app/product?id=3425","Projectors","HAS DESCRIPTION","LOW",""
"Epson EPOS AF-250 Thermal Printer","https://trinatechweb1.base44.app/product?id=9108","Printers & Copiers","HAS DESCRIPTION","LOW",""
"Epson EPOS Cash Drawer ECH410","https://trinatechweb1.base44.app/product?id=9106","Printers & Copiers","HAS DESCRIPTION","LOW",""
"Epson ERC-31 Ribbon Cartridge","https://trinatechweb1.base44.app/product?id=3580","Inks & Toner Cartridges","HAS DESCRIPTION","LOW",""
"Epson ERC-38 B Ribbon Cartridge","https://trinatechweb1.base44.app/product?id=3578","Inks & Toner Cartridges","HAS DESCRIPTION","LOW",""
"Epson L850 Photo All-In-One Ink Tank Printer","https://trinatechweb1.base44.app/product?id=4514","Printers & Copiers","HAS DESCRIPTION","LOW",""
"Epson LQ-2190 Ribbon Cartridge","https://trinatechweb1.base44.app/product?id=5317","Epson Ribbons & Inks","HAS DESCRIPTION","LOW",""
"Epson LQ-350 Generic Ribbon Black Cartridge","https://trinatechweb1.base44.app/product?id=5316","Epson Ribbons & Inks","HAS DESCRIPTION","LOW",""
"Epson LQ-350 Original Ribbon Black Cartridge","https://trinatechweb1.base44.app/product?id=5315","Epson Ribbons & Inks","HAS DESCRIPTION","LOW",""
"Epson LQ-590 Ribbon Cartridge","https://trinatechweb1.base44.app/product?id=3576","Inks & Toner Cartridges","HAS DESCRIPTION","LOW",""
"Epson LQ-590/690 Generic Ribbon Black Cartridge","https://trinatechweb1.base44.app/product?id=5314","Epson Ribbons & Inks","HAS DESCRIPTION","LOW",""
"Epson LQ-590/690 Genuine Ribbon Black Cartridge","https://trinatechweb1.base44.app/product?id=5313","Epson Ribbons & Inks","HAS DESCRIPTION","LOW",""
"Epson LQ-680 Ribbon Cartridge","https://trinatechweb1.base44.app/product?id=3574","Inks & Toner Cartridges","HAS DESCRIPTION","LOW",""
"Epson LQ-690 Printer","https://trinatechweb1.base44.app/product?id=9204","Printers & Copiers","HAS DESCRIPTION","LOW",""
"Epson LQ-690 Ribbon Cartridge","https://trinatechweb1.base44.app/product?id=3569","Inks & Toner Cartridges","HAS DESCRIPTION","LOW",""
"Epson LX-300/350 Ribbon Cartridge","https://trinatechweb1.base44.app/product?id=5312","Epson Ribbons & Inks","HAS DESCRIPTION","LOW",""
"Epson LX-350 Impact Dot Matrix Printer","https://trinatechweb1.base44.app/product?id=4517","Printers & Copiers","HAS DESCRIPTION","LOW",""
"Epson LX-350 Ribbon Cartridge","https://trinatechweb1.base44.app/product?id=3571","Inks & Toner Cartridges","HAS DESCRIPTION","LOW",""
"Epson Perfection V39 Scanner","https://trinatechweb1.base44.app/product?id=3434","Scanner","HAS DESCRIPTION","LOW",""
"Epson Ribbon DFX9000 Black Cartridge","https://trinatechweb1.base44.app/product?id=5311","Epson Ribbons & Inks","HAS DESCRIPTION","LOW",""
"Epson Ribbon ERC38/39 Original For TM300A Black","https://trinatechweb1.base44.app/product?id=5310","Epson Ribbons & Inks","HAS DESCRIPTION","LOW",""
"Epson Ribbon LQ-2170/2180/2190 Black","https://trinatechweb1.base44.app/product?id=5309","Epson Ribbons & Inks","HAS DESCRIPTION","LOW",""
"Epson Ribbons LX-350 Black Cartridge","https://trinatechweb1.base44.app/product?id=5308","Epson Ribbons & Inks","HAS DESCRIPTION","LOW",""
"Epson T6735 Light Cyan Ink Bottle 70ML","https://trinatechweb1.base44.app/product?id=5318","Epson Ribbons & Inks","HAS DESCRIPTION","LOW",""
"Epson TM-T20III Thermal Printer","https://trinatechweb1.base44.app/product?id=9211","Printers & Copiers","HAS DESCRIPTION","LOW",""
"Epson WiFi Adaptor ELPAP11","https://trinatechweb1.base44.app/product?id=9107","Printers & Copiers","HAS DESCRIPTION","LOW",""
"F11 Ink","https://trinatechweb1.base44.app/product?id=5284","Master Rolls & Inks","HAS DESCRIPTION","LOW",""
"Gestetner CPMT20 Duplicator Master Paper","https://trinatechweb1.base44.app/product?id=5282","Master Rolls & Inks","HAS DESCRIPTION","LOW",""
"Gestetner CPMT21 Cpi 10 Master Roll","https://trinatechweb1.base44.app/product?id=5281","Master Rolls & Inks","HAS DESCRIPTION","LOW",""
"Gestetner DSM415 Black Toner Cartridge","https://trinatechweb1.base44.app/product?id=5224","Ricoh Toners","HAS DESCRIPTION","LOW",""
"Gestetner DSM615/DSM618 Black Toner Cartridge","https://trinatechweb1.base44.app/product?id=5223","Ricoh Toners","HAS DESCRIPTION","LOW",""
"HP 05A Black Original Laserjet Toner Cartridge (CE505A)","https://trinatechweb1.base44.app/product?id=4599","Inks & Toner Cartridges","HAS DESCRIPTION","LOW",""
"HP 05A Black Toner Laserjet (CE505A)","https://trinatechweb1.base44.app/product?id=5185","HP Original Toners","HAS DESCRIPTION","LOW",""
"HP 103A Black Neverstop Toner Reload Kit (1103A)","https://trinatechweb1.base44.app/product?id=5184","HP Original Toners","HAS DESCRIPTION","LOW",""
"HP 104A Black Laser Imaging Drum (W1104A)","https://trinatechweb1.base44.app/product?id=5183","HP Original Toners","HAS DESCRIPTION","LOW",""
"HP 106A Black Toner Cartridge (W1106A)","https://trinatechweb1.base44.app/product?id=5182","HP Original Toners","HAS DESCRIPTION","LOW",""
"HP 107A Black Original Laserjet Toner Cartridge","https://trinatechweb1.base44.app/product?id=4175","Inks & Toner Cartridges","HAS DESCRIPTION","LOW",""
"HP 107A Black Toner Cartridge (W1107A)","https://trinatechweb1.base44.app/product?id=5181","HP Original Toners","HAS DESCRIPTION","LOW",""
"HP 117A Black Original Laserjet Toner Cartridge","https://trinatechweb1.base44.app/product?id=4793","Inks & Toner Cartridges","HAS DESCRIPTION","LOW",""
"HP 117A Black Toner Cartridge (W2070A)","https://trinatechweb1.base44.app/product?id=5180","HP Original Toners","HAS DESCRIPTION","LOW",""
"HP 117A Cym Toner Laserjet Cartridge Each (CF214A)","https://trinatechweb1.base44.app/product?id=5179","HP Original Toners","HAS DESCRIPTION","LOW",""
"HP 11A Black Toner Original Laserjet (Q6511A)","https://trinatechweb1.base44.app/product?id=5178","HP Original Toners","HAS DESCRIPTION","LOW",""
"HP 120A Imaging Drum (W1120)","https://trinatechweb1.base44.app/product?id=5177","HP Original Toners","HAS DESCRIPTION","LOW",""
"HP 121 Black Ink Original Cartridge (CC640HE)","https://trinatechweb1.base44.app/product?id=5502","Original Hp Ink Cartridges","HAS DESCRIPTION","LOW",""
"HP 121 Black Original Ink Cartridge","https://trinatechweb1.base44.app/product?id=3588","Inks & Toner Cartridges","HAS DESCRIPTION","LOW",""
"HP 121 Tri Color Ink Original Cartridge (CC640HE)","https://trinatechweb1.base44.app/product?id=5501","Original Hp Ink Cartridges","HAS DESCRIPTION","LOW",""
"HP 121 Tri-Colour Original Ink Cartridge","https://trinatechweb1.base44.app/product?id=3590","Inks & Toner Cartridges","HAS DESCRIPTION","LOW",""
"HP 122 Black Ink Cartridge (CH561HE)","https://trinatechweb1.base44.app/product?id=5500","Original Hp Ink Cartridges","HAS DESCRIPTION","LOW",""
"HP 122 Black Original Ink Cartridge","https://trinatechweb1.base44.app/product?id=3911","Inks & Toner Cartridges","HAS DESCRIPTION","LOW",""
"HP 122 Tri Color Ink Cartridge (CH562HE)","https://trinatechweb1.base44.app/product?id=5499","Original Hp Ink Cartridges","HAS DESCRIPTION","LOW",""
"HP 122 Tri-Colour Original Ink Cartridge","https://trinatechweb1.base44.app/product?id=3914","Inks & Toner Cartridges","HAS DESCRIPTION","LOW",""
"HP 123 Black Ink Advantage Cartridge (C2P10AE)","https://trinatechweb1.base44.app/product?id=5498","Original Hp Ink Cartridges","HAS DESCRIPTION","LOW",""
"HP 123 Black Original Ink Cartridge (F6V17AE)","https://trinatechweb1.base44.app/product?id=5497","Original Hp Ink Cartridges","HAS DESCRIPTION","LOW",""
"HP 123 Tri Color Original Ink Cartridge (F6V16AE)","https://trinatechweb1.base44.app/product?id=5496","Original Hp Ink Cartridges","HAS DESCRIPTION","LOW",""
"HP 123 Tri-Colour Original Ink Cartridge","https://trinatechweb1.base44.app/product?id=3944","Inks & Toner Cartridges","HAS DESCRIPTION","LOW",""
"HP 125A Black Toner Laserjet Catridge (CB540A)","https://trinatechweb1.base44.app/product?id=5176","HP Original Toners","HAS DESCRIPTION","LOW",""
"HP 125A Cyan Toner Laserjet Catridge (CB541A)","https://trinatechweb1.base44.app/product?id=5175","HP Original Toners","HAS DESCRIPTION","LOW",""
"HP 125A Magneta Toner Laserjet (CB543A)","https://trinatechweb1.base44.app/product?id=5174","HP Original Toners","HAS DESCRIPTION","LOW",""
"HP 125A Yellow Toner Laserjet Catridge (CB542A)","https://trinatechweb1.base44.app/product?id=5173","HP Original Toners","HAS DESCRIPTION","LOW",""
"HP 126A Black Toner Original Laserjet (CE310A)","https://trinatechweb1.base44.app/product?id=5172","HP Original Toners","HAS DESCRIPTION","LOW",""
"HP 126A Cyan Toner Original Laserjet (CE311A)","https://trinatechweb1.base44.app/product?id=5171","HP Original Toners","HAS DESCRIPTION","LOW",""
"HP 126A Imaging Drum Laserjet (CE314A)","https://trinatechweb1.base44.app/product?id=5170","HP Original Toners","HAS DESCRIPTION","LOW",""
"HP 126A Magneta Toner Original Laserjet (CE313A)","https://trinatechweb1.base44.app/product?id=5169","HP Original Toners","HAS DESCRIPTION","LOW",""
"HP 126A Yellow Toner Original Laserjet (CE312A)","https://trinatechweb1.base44.app/product?id=5168","HP Original Toners","HAS DESCRIPTION","LOW",""
"HP 128A Black Toner Original Laserjet (CE320A)","https://trinatechweb1.base44.app/product?id=5167","HP Original Toners","HAS DESCRIPTION","LOW",""
"HP 128A Cyan Toner Original Laserjet (CE321A)","https://trinatechweb1.base44.app/product?id=5166","HP Original Toners","HAS DESCRIPTION","LOW",""
"HP 128A Magneta Toner Original Laserjet (CE322A)","https://trinatechweb1.base44.app/product?id=5165","HP Original Toners","HAS DESCRIPTION","LOW",""
"HP 128A Yellow Toner Original Laserjet (CE322A)","https://trinatechweb1.base44.app/product?id=5164","HP Original Toners","HAS DESCRIPTION","LOW",""
"HP 129 Black Ink Cartridge (C9364HE)","https://trinatechweb1.base44.app/product?id=5495","Original Hp Ink Cartridges","HAS DESCRIPTION","LOW",""
"HP 12A Black Original Laserjet Toner Cartridge","https://trinatechweb1.base44.app/product?id=3556","Inks & Toner Cartridges","HAS DESCRIPTION","LOW",""
"HP 12A Black Toner Original Catridge (Q2612A)","https://trinatechweb1.base44.app/product?id=5163","HP Original Toners","HAS DESCRIPTION","LOW",""
"HP 130 Black Ink Original Cartridge (C8767HE)","https://trinatechweb1.base44.app/product?id=5494","Original Hp Ink Cartridges","HAS DESCRIPTION","LOW",""
"HP 130A Black Original Toner Laserjet Catridge (CF350A)","https://trinatechweb1.base44.app/product?id=5162","HP Original Toners","HAS DESCRIPTION","LOW",""
"HP 130A Cyan Original Toner Laserjet (CF351A)","https://trinatechweb1.base44.app/product?id=5161","HP Original Toners","HAS DESCRIPTION","LOW",""
"HP 130A Magneta Original Toner Laserjet (CF353A)","https://trinatechweb1.base44.app/product?id=5160","HP Original Toners","HAS DESCRIPTION","LOW",""
"HP 130A Yellow Original Toner Laserjet Catridge (CF352A)","https://trinatechweb1.base44.app/product?id=5159","HP Original Toners","HAS DESCRIPTION","LOW",""
"HP 131A Black Original Laserjet Toner Cartridge","https://trinatechweb1.base44.app/product?id=4812","Inks & Toner Cartridges","HAS DESCRIPTION","LOW",""
"HP 131A Black Toner Laserjet (CF210A)","https://trinatechweb1.base44.app/product?id=5158","HP Original Toners","HAS DESCRIPTION","LOW",""
"HP 131A Cyan Toner Laserjet (CF211A)","https://trinatechweb1.base44.app/product?id=5157","HP Original Toners","HAS DESCRIPTION","LOW",""
"HP 131A Magneta Toner Laserjet (CF213A)","https://trinatechweb1.base44.app/product?id=5156","HP Original Toners","HAS DESCRIPTION","LOW",""
"HP 131A Yellow Toner Laserjet (CF212A)","https://trinatechweb1.base44.app/product?id=5155","HP Original Toners","HAS DESCRIPTION","LOW",""
"HP 134 Tri Color Ink Original Cartridge (C9363HE)","https://trinatechweb1.base44.app/product?id=5493","Original Hp Ink Cartridges","HAS DESCRIPTION","LOW",""
"HP 136A Black Toner Laserjet Cartridge (W1360A)","https://trinatechweb1.base44.app/product?id=5154","HP Original Toners","HAS DESCRIPTION","LOW",""
"HP 13A Black Toner Original Laserjet (Q2613A)","https://trinatechweb1.base44.app/product?id=5153","HP Original Toners","HAS DESCRIPTION","LOW",""
"HP 140G Refill Powder","https://trinatechweb1.base44.app/product?id=5152","HP Original Toners","HAS DESCRIPTION","LOW",""
"HP 147A Black Toner Laserjet Cartridge (W1470A)","https://trinatechweb1.base44.app/product?id=5151","HP Original Toners","HAS DESCRIPTION","LOW",""
"HP 14A Black Toner Laserjet Cartridge (CF214A)","https://trinatechweb1.base44.app/product?id=5150","HP Original Toners","HAS DESCRIPTION","LOW",""
"HP 15 Celeron 4GB/500GB/15.6in Laptop","https://trinatechweb1.base44.app/product?id=3496","Laptops","HAS DESCRIPTION","LOW",""
"HP 15 Core I7 8GB/1TB/15.6in DOS Laptop","https://trinatechweb1.base44.app/product?id=3501","Laptops","HAS DESCRIPTION","LOW",""
"HP 150A Black Original Laserjet Toner Cartridge","https://trinatechweb1.base44.app/product?id=4822","Inks & Toner Cartridges","HAS DESCRIPTION","LOW",""
"HP 150A Black Toner Laserjet Cartridge (W1500A)","https://trinatechweb1.base44.app/product?id=5149","HP Original Toners","HAS DESCRIPTION","LOW",""
"HP 151A Black Laserjet Toner Cartridge (W1510A)","https://trinatechweb1.base44.app/product?id=4592","Inks & Toner Cartridges","HAS DESCRIPTION","LOW",""
"HP 151A Black Toner Laserjet Cartridge (W1510A)","https://trinatechweb1.base44.app/product?id=5148","HP Original Toners","HAS DESCRIPTION","LOW",""
"HP 16A Black Toner Laserjet Cartridge (Q7516A)","https://trinatechweb1.base44.app/product?id=5147","HP Original Toners","HAS DESCRIPTION","LOW",""
"HP 17A Black Original Laserjet Toner Cartridge","https://trinatechweb1.base44.app/product?id=4077","Inks & Toner Cartridges","HAS DESCRIPTION","LOW",""
"HP 17A Black Toner Laserjet (CF217A)","https://trinatechweb1.base44.app/product?id=5146","HP Original Toners","HAS DESCRIPTION","LOW",""
"HP 19A Imaging Drum Unit","https://trinatechweb1.base44.app/product?id=5145","HP Original Toners","HAS DESCRIPTION","LOW",""
"HP 19A Original Laserjet Imaging Drum","https://trinatechweb1.base44.app/product?id=4123","Inks & Toner Cartridges","HAS DESCRIPTION","LOW",""
"HP 200 G4 All-In-One Pc Core I3 10Th Gen 4GB 1TB 21.5in","https://trinatechweb1.base44.app/product?id=3507","Computers & Computer Accessories","HAS DESCRIPTION","LOW",""
"HP 201A Black Original Laserjet Toner Cartridge","https://trinatechweb1.base44.app/product?id=4808","Inks & Toner Cartridges","HAS DESCRIPTION","LOW",""
"HP 201A Black Toner Laserjet (CF400A)","https://trinatechweb1.base44.app/product?id=5144","HP Original Toners","HAS DESCRIPTION","LOW",""
"HP 201A Cyan Toner Laserjet (CF401A)","https://trinatechweb1.base44.app/product?id=5143","HP Original Toners","HAS DESCRIPTION","LOW",""
"HP 201A Magneta Toner Laserjet (CF403A)","https://trinatechweb1.base44.app/product?id=5142","HP Original Toners","HAS DESCRIPTION","LOW",""
"HP 201A Yellow Toner Laserjet (CF402A)","https://trinatechweb1.base44.app/product?id=5141","HP Original Toners","HAS DESCRIPTION","LOW",""
"HP 203A Black Original Laserjet Toner Cartridge","https://trinatechweb1.base44.app/product?id=4799","Inks & Toner Cartridges","HAS DESCRIPTION","LOW",""
"HP 203A Black Toner Laserjet (CF540A)","https://trinatechweb1.base44.app/product?id=5140","HP Original Toners","HAS DESCRIPTION","LOW",""
"HP 203A Cyan Toner Laserjet (CF541A)","https://trinatechweb1.base44.app/product?id=5139","HP Original Toners","HAS DESCRIPTION","LOW",""
"HP 203A Magneta Toner Laserjet (CF543A)","https://trinatechweb1.base44.app/product?id=5138","HP Original Toners","HAS DESCRIPTION","LOW",""
"HP 203A Yellow Toner Laserjet (CF542A)","https://trinatechweb1.base44.app/product?id=5137","HP Original Toners","HAS DESCRIPTION","LOW",""
"HP 205A Black Original Laserjet Toner Cartridge","https://trinatechweb1.base44.app/product?id=4068","Inks & Toner Cartridges","HAS DESCRIPTION","LOW",""
"HP 205A Black Toner Laserjet (CF530A)","https://trinatechweb1.base44.app/product?id=5136","HP Original Toners","HAS DESCRIPTION","LOW",""
"HP 205A Cyan Toner Laserjet (CF531A)","https://trinatechweb1.base44.app/product?id=5135","HP Original Toners","HAS DESCRIPTION","LOW",""
"HP 205A Magneta Toner Laserjet (CF533A)","https://trinatechweb1.base44.app/product?id=5134","HP Original Toners","HAS DESCRIPTION","LOW",""
"HP 205A Yellow Toner Laserjet (CF532A)","https://trinatechweb1.base44.app/product?id=5133","HP Original Toners","HAS DESCRIPTION","LOW",""
"HP 207A Black Original Laserjet Toner Cartridge","https://trinatechweb1.base44.app/product?id=4166","Inks & Toner Cartridges","HAS DESCRIPTION","LOW",""
"HP 207A Black Toner Laserjet Catridge (W2210A)","https://trinatechweb1.base44.app/product?id=5132","HP Original Toners","HAS DESCRIPTION","LOW",""
"HP 207A Cyan, Yellow, Magneta Toners Each","https://trinatechweb1.base44.app/product?id=5131","HP Original Toners","HAS DESCRIPTION","LOW",""
"HP 21 Black Original Black Ink Cartridge (C9351AA)","https://trinatechweb1.base44.app/product?id=5492","Original Hp Ink Cartridges","HAS DESCRIPTION","LOW",""
"HP 21 Black Original Ink Cartridge","https://trinatechweb1.base44.app/product?id=3908","Inks & Toner Cartridges","HAS DESCRIPTION","LOW",""
"HP 212A Black Laserjet Toner Cartridge (W2120A)","https://trinatechweb1.base44.app/product?id=5130","HP Original Toners","HAS DESCRIPTION","LOW",""
"HP 212A Toner Cartridges Cym Each","https://trinatechweb1.base44.app/product?id=5129","HP Original Toners","HAS DESCRIPTION","LOW",""
"HP 216A Black Original Laserjet Toner Cartridge","https://trinatechweb1.base44.app/product?id=4796","Inks & Toner Cartridges","HAS DESCRIPTION","LOW",""
"HP 216A Black Toner Cartridge (W2410A)","https://trinatechweb1.base44.app/product?id=5128","HP Original Toners","HAS DESCRIPTION","LOW",""
"HP 216A Yellow, Cyan, Magneta Toners Each","https://trinatechweb1.base44.app/product?id=5127","HP Original Toners","HAS DESCRIPTION","LOW",""
"HP 22 Tri Color Ink Cartridge (C9352AE)","https://trinatechweb1.base44.app/product?id=5491","Original Hp Ink Cartridges","HAS DESCRIPTION","LOW",""
"HP 22 Tri-Colour Original Ink Cartridge","https://trinatechweb1.base44.app/product?id=3904","Inks & Toner Cartridges","HAS DESCRIPTION","LOW",""
"HP 222A Black Original Laserjet Toner Cartridge","https://trinatechweb1.base44.app/product?id=9612","HP Original Toners","HAS DESCRIPTION","LOW",""
"HP 222A Black Original Laserjet Toner Cartridge","https://trinatechweb1.base44.app/product?id=9616","HP Original Toners","HAS DESCRIPTION","LOW",""
"HP 222A Cyan Original Laserjet Toner Cartridge","https://trinatechweb1.base44.app/product?id=9617","HP Original Toners","HAS DESCRIPTION","LOW",""
"HP 222A Magenta Original Laserjet Toner Cartridge","https://trinatechweb1.base44.app/product?id=9619","HP Original Toners","HAS DESCRIPTION","LOW",""
"HP 222A Yellow Original Laserjet Toner Cartridge","https://trinatechweb1.base44.app/product?id=9618","HP Original Toners","HAS DESCRIPTION","LOW",""
"HP 230A Cyan Original Laserjet Toner Cartridge","https://trinatechweb1.base44.app/product?id=9613","HP Original Toners","HAS DESCRIPTION","LOW",""
"HP 230A Magenta Original Laserjet Toner Cartridge","https://trinatechweb1.base44.app/product?id=9615","HP Original Toners","HAS DESCRIPTION","LOW",""
"HP 230A Yellow Original Laserjet Toner Cartridge","https://trinatechweb1.base44.app/product?id=9614","HP Original Toners","HAS DESCRIPTION","LOW",""
"HP 250 G7 Celeron 4GB/500GB/15.6in Laptop","https://trinatechweb1.base44.app/product?id=3495","Laptops","HAS DESCRIPTION","LOW",""
"HP 250 G7 Core I3 4GB/1TB/15.6in DOS Laptop","https://trinatechweb1.base44.app/product?id=3493","Laptops","HAS DESCRIPTION","LOW",""
"HP 250 G8 10Th Gen Core I7 1TB HDD 8GB RAM 15.6in Laptop","https://trinatechweb1.base44.app/product?id=3498","Laptops","HAS DESCRIPTION","LOW",""
"HP 255 G8 Amd Ryzen 3 Core I5 4GB/1TB/DOS Laptop","https://trinatechweb1.base44.app/product?id=3491","Laptops","HAS DESCRIPTION","LOW",""
"HP 26A Black Original Laserjet Toner Cartridge","https://trinatechweb1.base44.app/product?id=4145","Inks & Toner Cartridges","HAS DESCRIPTION","LOW",""
"HP 26A Black Toner Laserjet (CF226A)","https://trinatechweb1.base44.app/product?id=5126","HP Original Toners","HAS DESCRIPTION","LOW",""
"HP 27 Black Ink Original Cartridge (C8727AE)","https://trinatechweb1.base44.app/product?id=5490","Original Hp Ink Cartridges","HAS DESCRIPTION","LOW",""
"HP 304A Black Toner Original Laserjet (CC530A)","https://trinatechweb1.base44.app/product?id=5125","HP Original Toners","HAS DESCRIPTION","LOW",""
"HP 304A Cyan Toner Original Laserjet (CC531A)","https://trinatechweb1.base44.app/product?id=5124","HP Original Toners","HAS DESCRIPTION","LOW",""
"HP 304A Magneta Toner Original Laserjet (CC533A)","https://trinatechweb1.base44.app/product?id=5123","HP Original Toners","HAS DESCRIPTION","LOW",""
"HP 304A Yellow Toner Original Laserjet (CC532A)","https://trinatechweb1.base44.app/product?id=5122","HP Original Toners","HAS DESCRIPTION","LOW",""
"HP 305 Black Original Ink Cartridge","https://trinatechweb1.base44.app/product?id=3947","Inks & Toner Cartridges","HAS DESCRIPTION","LOW",""
"HP 305 Blacktri Color Ink Cartridge Each","https://trinatechweb1.base44.app/product?id=5489","Original Hp Ink Cartridges","HAS DESCRIPTION","LOW",""
"HP 305 Tri-Colour Original Ink Cartridge","https://trinatechweb1.base44.app/product?id=3950","Inks & Toner Cartridges","HAS DESCRIPTION","LOW",""
"HP 305A Black Original Laserjet Toner Cartridge","https://trinatechweb1.base44.app/product?id=4829","Inks & Toner Cartridges","HAS DESCRIPTION","LOW",""
"HP 305A Black Toner Catridge (CE410A)","https://trinatechweb1.base44.app/product?id=5121","HP Original Toners","HAS DESCRIPTION","LOW",""
"HP 305A Cyan Toner Catridge (CE411A)","https://trinatechweb1.base44.app/product?id=5120","HP Original Toners","HAS DESCRIPTION","LOW",""
"HP 305A Yellow Toner Laserjet (CE412A)","https://trinatechweb1.base44.app/product?id=5119","HP Original Toners","HAS DESCRIPTION","LOW",""
"HP 307A Black Toner Laserjet Cartridge (CE740A)","https://trinatechweb1.base44.app/product?id=5117","HP Original Toners","HAS DESCRIPTION","LOW",""
"HP 307A Cym Toner Cartridge Each","https://trinatechweb1.base44.app/product?id=5118","HP Original Toners","HAS DESCRIPTION","LOW",""
"HP 30A Black Original Laserjet Toner Cartridge","https://trinatechweb1.base44.app/product?id=4129","Inks & Toner Cartridges","HAS DESCRIPTION","LOW",""
"HP 30A Black Toner Laserjet (CF230A)","https://trinatechweb1.base44.app/product?id=5116","HP Original Toners","HAS DESCRIPTION","LOW",""
"HP 312A Black Original Laserjet Toner Cartridge","https://trinatechweb1.base44.app/product?id=4832","Inks & Toner Cartridges","HAS DESCRIPTION","LOW",""
"HP 312A Black Toner Original Laserjet Catridge (CF380A)","https://trinatechweb1.base44.app/product?id=5115","HP Original Toners","HAS DESCRIPTION","LOW",""
"HP 312A Cyan Toner Original Laserjet Catridge (CF381A)","https://trinatechweb1.base44.app/product?id=5114","HP Original Toners","HAS DESCRIPTION","LOW",""
"HP 312A Magneta Toner Original Laserjet (CF383A)","https://trinatechweb1.base44.app/product?id=5113","HP Original Toners","HAS DESCRIPTION","LOW",""
"HP 312A Yellow Toner Original Laserjet (CF382A)","https://trinatechweb1.base44.app/product?id=5112","HP Original Toners","HAS DESCRIPTION","LOW",""
"HP 32A Laserjet Imaging Drum (CF232A)","https://trinatechweb1.base44.app/product?id=5111","HP Original Toners","HAS DESCRIPTION","LOW",""
"HP 32A Original Laserjet Imaging Drum","https://trinatechweb1.base44.app/product?id=4138","Inks & Toner Cartridges","HAS DESCRIPTION","LOW",""
"HP 35A Black Original Laserjet Toner Cartridge (CB435A)","https://trinatechweb1.base44.app/product?id=4587","Inks & Toner Cartridges","HAS DESCRIPTION","LOW",""
"HP 35A Black Toner Cartridge (CB1500A)","https://trinatechweb1.base44.app/product?id=5110","HP Original Toners","HAS DESCRIPTION","LOW",""
"HP 36A Black Original Laserjet Toner Cartridge","https://trinatechweb1.base44.app/product?id=3548","Inks & Toner Cartridges","HAS DESCRIPTION","LOW",""
"HP 36A Black Toner Laserjet Cartridge (CB436A)","https://trinatechweb1.base44.app/product?id=5109","HP Original Toners","HAS DESCRIPTION","LOW",""
"HP 37A Black Original Laserjet Toner Cartridge","https://trinatechweb1.base44.app/product?id=4835","Inks & Toner Cartridges","HAS DESCRIPTION","LOW",""
"HP 37A Black Toner Cartridge (CF237A)","https://trinatechweb1.base44.app/product?id=5108","HP Original Toners","HAS DESCRIPTION","LOW",""
"HP 410A Black Toner Laserjet (CF410A)","https://trinatechweb1.base44.app/product?id=5107","HP Original Toners","HAS DESCRIPTION","LOW",""
"HP 410A Cyan Toner Laserjet (CF411A)","https://trinatechweb1.base44.app/product?id=5106","HP Original Toners","HAS DESCRIPTION","LOW",""
"HP 410A Magneta Toner Laserjet (CF413A)","https://trinatechweb1.base44.app/product?id=5105","HP Original Toners","HAS DESCRIPTION","LOW",""
"HP 410A Yellow Toner Laserjet (CF412A)","https://trinatechweb1.base44.app/product?id=5104","HP Original Toners","HAS DESCRIPTION","LOW",""
"HP 415A Black Original Laserjet Toner Cartridge","https://trinatechweb1.base44.app/product?id=4160","Inks & Toner Cartridges","HAS DESCRIPTION","LOW",""
"HP 415A Black Toner Catridge (W2032A)","https://trinatechweb1.base44.app/product?id=5103","HP Original Toners","HAS DESCRIPTION","LOW",""
"HP 415A Cyan Toner Laserjet (W2031A)","https://trinatechweb1.base44.app/product?id=5102","HP Original Toners","HAS DESCRIPTION","LOW",""
"HP 415A Magneta Toner Laserjet (W2033A)","https://trinatechweb1.base44.app/product?id=5101","HP Original Toners","HAS DESCRIPTION","LOW",""
"HP 415A Yellow Toner Laserjet (W2030A)","https://trinatechweb1.base44.app/product?id=5100","HP Original Toners","HAS DESCRIPTION","LOW",""
"HP 42A Black Toner Original Laserjet (Q5942)","https://trinatechweb1.base44.app/product?id=5099","HP Original Toners","HAS DESCRIPTION","LOW",""
"HP 49A Black Toner Original Laserjet Catridge (Q5949A)","https://trinatechweb1.base44.app/product?id=5098","HP Original Toners","HAS DESCRIPTION","LOW",""
"HP 504A Black Toner Original Laserjet (CE250A)","https://trinatechweb1.base44.app/product?id=5097","HP Original Toners","HAS DESCRIPTION","LOW",""
"HP 504A Cyan Toner Original Laserjet (CE251A)","https://trinatechweb1.base44.app/product?id=5096","HP Original Toners","HAS DESCRIPTION","LOW",""
"HP 504A Magneta Toner Original Laserjet (CE253A)","https://trinatechweb1.base44.app/product?id=5095","HP Original Toners","HAS DESCRIPTION","LOW",""
"HP 504A Yellow Toner Original Laserjet (CE252A)","https://trinatechweb1.base44.app/product?id=5094","HP Original Toners","HAS DESCRIPTION","LOW",""
"HP 507A Black Original Laserjet Toner Cartridge","https://trinatechweb1.base44.app/product?id=4819","Inks & Toner Cartridges","HAS DESCRIPTION","LOW",""
"HP 507A Black Toner Original Laserjet (CE400A)","https://trinatechweb1.base44.app/product?id=5093","HP Original Toners","HAS DESCRIPTION","LOW",""
"HP 507A Cyan Toner Original Laserjet (CE401A)","https://trinatechweb1.base44.app/product?id=5092","HP Original Toners","HAS DESCRIPTION","LOW",""
"HP 507A Magneta Toner Original Laserjet (CE403A)","https://trinatechweb1.base44.app/product?id=5091","HP Original Toners","HAS DESCRIPTION","LOW",""
"HP 507A Yellow Toner Original Laserjet (CE402A)","https://trinatechweb1.base44.app/product?id=5090","HP Original Toners","HAS DESCRIPTION","LOW",""
"HP 508A Black Toner Laserjet Cartridge (CF360A)","https://trinatechweb1.base44.app/product?id=5088","HP Original Toners","HAS DESCRIPTION","LOW",""
"HP 508A Cyan Toner Laserjet Cartridge (CF361A)","https://trinatechweb1.base44.app/product?id=5089","HP Original Toners","HAS DESCRIPTION","LOW",""
"HP 508A Magneta Toner Laserjet Cartridge (CF363A)","https://trinatechweb1.base44.app/product?id=5087","HP Original Toners","HAS DESCRIPTION","LOW",""
"HP 508A Yellow Toner Laserjet Cartridge (CF362A)","https://trinatechweb1.base44.app/product?id=5086","HP Original Toners","HAS DESCRIPTION","LOW",""
"HP 51A Black Toner Original Laserjet (Q7551A)","https://trinatechweb1.base44.app/product?id=5085","HP Original Toners","HAS DESCRIPTION","LOW",""
"HP 53A Black Toner Laserjet Cartridge (Q7553A)","https://trinatechweb1.base44.app/product?id=5084","HP Original Toners","HAS DESCRIPTION","LOW",""
"HP 55A Black Original Laserjet Toner Cartridge","https://trinatechweb1.base44.app/product?id=3565","Inks & Toner Cartridges","HAS DESCRIPTION","LOW",""
"HP 55A Black Toner Original Laserjet Original (CE255A)","https://trinatechweb1.base44.app/product?id=5083","HP Original Toners","HAS DESCRIPTION","LOW",""
"HP 56A Black Toner Original Laserjet (CE256A)","https://trinatechweb1.base44.app/product?id=5082","HP Original Toners","HAS DESCRIPTION","LOW",""
"HP 59A Black Original Laserjet Toner Cartridge","https://trinatechweb1.base44.app/product?id=3535","Inks & Toner Cartridges","HAS DESCRIPTION","LOW",""
"HP 59A Black Toner Catridge (CF259A)","https://trinatechweb1.base44.app/product?id=5081","HP Original Toners","HAS DESCRIPTION","LOW",""
"HP 60 Black Original Ink Cartridge","https://trinatechweb1.base44.app/product?id=3926","Inks & Toner Cartridges","HAS DESCRIPTION","LOW",""
"HP 61 Black Original Ink Cartridge (CH561WA)","https://trinatechweb1.base44.app/product?id=5488","Original Hp Ink Cartridges","HAS DESCRIPTION","LOW",""
"HP 61 Tri Color Original Ink Cartridge","https://trinatechweb1.base44.app/product?id=5487","Original Hp Ink Cartridges","HAS DESCRIPTION","LOW",""
"HP 61 Tri-Colour Original Ink Cartridge","https://trinatechweb1.base44.app/product?id=3932","Inks & Toner Cartridges","HAS DESCRIPTION","LOW",""
"HP 63 Black Ink Original Cartridge (F6U62AA)","https://trinatechweb1.base44.app/product?id=5486","Original Hp Ink Cartridges","HAS DESCRIPTION","LOW",""
"HP 63 Black Original Ink Cartridge","https://trinatechweb1.base44.app/product?id=3832","Inks & Toner Cartridges","HAS DESCRIPTION","LOW",""
"HP 63 Tri Color Ink Cartridge (F6U61AA)","https://trinatechweb1.base44.app/product?id=5485","Original Hp Ink Cartridges","HAS DESCRIPTION","LOW",""
"HP 63 Tri-Colour Original Ink Cartridge","https://trinatechweb1.base44.app/product?id=3901","Inks & Toner Cartridges","HAS DESCRIPTION","LOW",""
"HP 647A Black Toner Laserjet Original Catridge (CE260A)","https://trinatechweb1.base44.app/product?id=5080","HP Original Toners","HAS DESCRIPTION","LOW",""
"HP 648A Cyan Toner Laserjet Original Catridge (CE261A)","https://trinatechweb1.base44.app/product?id=5079","HP Original Toners","HAS DESCRIPTION","LOW",""
"HP 648A Magneta Toner Laserjet Original (CE263A)","https://trinatechweb1.base44.app/product?id=5078","HP Original Toners","HAS DESCRIPTION","LOW",""
"HP 648A Yellow Toner Laserjet Original Catridge (CE262A)","https://trinatechweb1.base44.app/product?id=5077","HP Original Toners","HAS DESCRIPTION","LOW",""
"HP 64A Black Toner Original Laserjet Cartridge (CC364A)","https://trinatechweb1.base44.app/product?id=5076","HP Original Toners","HAS DESCRIPTION","LOW",""
"HP 650 Black Ink Advantage Cartridge (CH561HE)","https://trinatechweb1.base44.app/product?id=5484","Original Hp Ink Cartridges","HAS DESCRIPTION","LOW",""
"HP 650 Black Original Ink Cartridge","https://trinatechweb1.base44.app/product?id=3820","Inks & Toner Cartridges","HAS DESCRIPTION","LOW",""
"HP 650 Tri Color Ink Advantage Cartridge (CH561HE)","https://trinatechweb1.base44.app/product?id=5483","Original Hp Ink Cartridges","HAS DESCRIPTION","LOW",""
"HP 650 Tri-Colour Original Ink Cartridge","https://trinatechweb1.base44.app/product?id=3825","Inks & Toner Cartridges","HAS DESCRIPTION","LOW",""
"HP 650A Black Toner Original Laserjet (CE270A)","https://trinatechweb1.base44.app/product?id=5075","HP Original Toners","HAS DESCRIPTION","LOW",""
"HP 650A Cyan Toner Original Laserjet (CE271A)","https://trinatechweb1.base44.app/product?id=5074","HP Original Toners","HAS DESCRIPTION","LOW",""
"HP 650A Magneta Toner Original Laserjet (CE273A)","https://trinatechweb1.base44.app/product?id=5073","HP Original Toners","HAS DESCRIPTION","LOW",""
"HP 650A Yellow Toner Original Laserjet (CE272A)","https://trinatechweb1.base44.app/product?id=5072","HP Original Toners","HAS DESCRIPTION","LOW",""
"HP 651 Tri Color Ink Cartridge (C2P11AE)","https://trinatechweb1.base44.app/product?id=5482","Original Hp Ink Cartridges","HAS DESCRIPTION","LOW",""
"HP 651A Black Toner Laserjet Cartridge (CE340A)","https://trinatechweb1.base44.app/product?id=5071","HP Original Toners","HAS DESCRIPTION","LOW",""
"HP 651A Color Toners Cym Each","https://trinatechweb1.base44.app/product?id=5070","HP Original Toners","HAS DESCRIPTION","LOW",""
"HP 652 Black Ink Cartridge (F6V25AE)","https://trinatechweb1.base44.app/product?id=5481","Original Hp Ink Cartridges","HAS DESCRIPTION","LOW",""
"HP 652 Black Original Ink Cartridge","https://trinatechweb1.base44.app/product?id=3953","Inks & Toner Cartridges","HAS DESCRIPTION","LOW",""
"HP 652 Tri Color Ink Cartridge (F6V24AE)","https://trinatechweb1.base44.app/product?id=5480","Original Hp Ink Cartridges","HAS DESCRIPTION","LOW",""
"HP 652 Tri-Colour Original Ink Cartridge","https://trinatechweb1.base44.app/product?id=3956","Inks & Toner Cartridges","HAS DESCRIPTION","LOW",""
"HP 655 Black Ink Original Cartridge (CZ109AE)","https://trinatechweb1.base44.app/product?id=5479","Original Hp Ink Cartridges","HAS DESCRIPTION","LOW",""
"HP 655 Black Original Ink Cartridge","https://trinatechweb1.base44.app/product?id=3829","Inks & Toner Cartridges","HAS DESCRIPTION","LOW",""
"HP 655 Cyan Ink Original Cartridge (CZ110AE)","https://trinatechweb1.base44.app/product?id=5478","Original Hp Ink Cartridges","HAS DESCRIPTION","LOW",""
"HP 655 Magenta Ink Original Cartridge (CZ111AE)","https://trinatechweb1.base44.app/product?id=5477","Original Hp Ink Cartridges","HAS DESCRIPTION","LOW",""
"HP 655 Yellow Ink Original Cartridge (CZ112AE)","https://trinatechweb1.base44.app/product?id=5476","Original Hp Ink Cartridges","HAS DESCRIPTION","LOW",""
"HP 655A Black Toner Laserjet Cartridge (CF450A)","https://trinatechweb1.base44.app/product?id=5069","HP Original Toners","HAS DESCRIPTION","LOW",""
"HP 655A Cym Toner Cartridge Each","https://trinatechweb1.base44.app/product?id=5475","Original Hp Ink Cartridges","HAS DESCRIPTION","LOW",""
"HP 659A Black Toner Laserjet Cartridge (W2010A)","https://trinatechweb1.base44.app/product?id=5068","HP Original Toners","HAS DESCRIPTION","LOW",""
"HP 659A Cym Toner Each","https://trinatechweb1.base44.app/product?id=5067","HP Original Toners","HAS DESCRIPTION","LOW",""
"HP 711 Black Ink Cartridge","https://trinatechweb1.base44.app/product?id=5474","Original Hp Ink Cartridges","HAS DESCRIPTION","LOW",""
"HP 711 Cyan Ink Cartridge 29ml Genuine (CZ130A)","https://trinatechweb1.base44.app/product?id=5473","Original Hp Ink Cartridges","HAS DESCRIPTION","LOW",""
"HP 711 Magenta Ink Cartridge 29ml Genuine (CZ131A)","https://trinatechweb1.base44.app/product?id=5472","Original Hp Ink Cartridges","HAS DESCRIPTION","LOW",""
"HP 711 Yellow Ink Cartridge 38ML Genune (CZ132A)","https://trinatechweb1.base44.app/product?id=5471","Original Hp Ink Cartridges","HAS DESCRIPTION","LOW",""
"HP 72 130-ML Black Matte Designjet Ink Each","https://trinatechweb1.base44.app/product?id=5307","Master Rolls & Inks","HAS DESCRIPTION","LOW",""
"HP 72 Design Jet Printehead Magnta | Cyan, C9383A","https://trinatechweb1.base44.app/product?id=5306","Master Rolls & Inks","HAS DESCRIPTION","LOW",""
"HP 72 Gray | Photo Black Designjet Printhead, C9380A","https://trinatechweb1.base44.app/product?id=5305","Master Rolls & Inks","HAS DESCRIPTION","LOW",""
"HP 72 Matte Black | Yellow Designjet Printhead, C9384A","https://trinatechweb1.base44.app/product?id=5304","Master Rolls & Inks","HAS DESCRIPTION","LOW",""
"HP 727 Black Designjet Ink (130-ML Cartridge)","https://trinatechweb1.base44.app/product?id=5302","Master Rolls & Inks","HAS DESCRIPTION","LOW",""
"HP 727 Cym Designjet Ink (130-ML Cartridge Each)","https://trinatechweb1.base44.app/product?id=5303","Master Rolls & Inks","HAS DESCRIPTION","LOW",""
"HP 728 Black 300ML Matte Designjet Ink Cartridge Each","https://trinatechweb1.base44.app/product?id=5301","Master Rolls & Inks","HAS DESCRIPTION","LOW",""
"HP 728 Cym High Capacity Ink 130-ML Each","https://trinatechweb1.base44.app/product?id=5300","Master Rolls & Inks","HAS DESCRIPTION","LOW",""
"HP 730 Designjet Ink Cartridges 130-ML Each","https://trinatechweb1.base44.app/product?id=5299","Master Rolls & Inks","HAS DESCRIPTION","LOW",""
"HP 76A Black Toner Laserjet Cartridge (CF276A)","https://trinatechweb1.base44.app/product?id=5066","HP Original Toners","HAS DESCRIPTION","LOW",""
"HP 771 Designjet 775-ML Ink Cartridge Each","https://trinatechweb1.base44.app/product?id=5298","Master Rolls & Inks","HAS DESCRIPTION","LOW",""
"HP 78A Black Original Laserjet Toner Cartridge","https://trinatechweb1.base44.app/product?id=3552","Inks & Toner Cartridges","HAS DESCRIPTION","LOW",""
"HP 78A Black Toner Laserjet (CE278A)","https://trinatechweb1.base44.app/product?id=5065","HP Original Toners","HAS DESCRIPTION","LOW",""
"HP 79A Black Laserjet Toner Cartridge","https://trinatechweb1.base44.app/product?id=5064","HP Original Toners","HAS DESCRIPTION","LOW",""
"HP 79A Black Original Laserjet Toner Cartridge","https://trinatechweb1.base44.app/product?id=4151","Inks & Toner Cartridges","HAS DESCRIPTION","LOW",""
"HP 80A Black Original Laserjet Toner Cartridge (CF280A)","https://trinatechweb1.base44.app/product?id=4603","Inks & Toner Cartridges","HAS DESCRIPTION","LOW",""
"HP 80A Black Toner Laserjet (CE280A)","https://trinatechweb1.base44.app/product?id=5063","HP Original Toners","HAS DESCRIPTION","LOW",""
"HP 81A Black Original Laserjet Toner Cartridge","https://trinatechweb1.base44.app/product?id=4781","Inks & Toner Cartridges","HAS DESCRIPTION","LOW",""
"HP 81A Black Toner Laserjet Catrigde (CF281A)","https://trinatechweb1.base44.app/product?id=5062","HP Original Toners","HAS DESCRIPTION","LOW",""
"HP 827A Black Toner Laserjet Cartridge (CF300A)","https://trinatechweb1.base44.app/product?id=5061","HP Original Toners","HAS DESCRIPTION","LOW",""
"HP 827A Color Toner Cartridges Each","https://trinatechweb1.base44.app/product?id=5060","HP Original Toners","HAS DESCRIPTION","LOW",""
"HP 828A Black Drum Laserjet Image (CF358A)","https://trinatechweb1.base44.app/product?id=5059","HP Original Toners","HAS DESCRIPTION","LOW",""
"HP 828A Drum Units Cym Each","https://trinatechweb1.base44.app/product?id=5058","HP Original Toners","HAS DESCRIPTION","LOW",""
"HP 83A Black Original Laserjet Toner Cartridge","https://trinatechweb1.base44.app/product?id=3542","Inks & Toner Cartridges","HAS DESCRIPTION","LOW",""
"HP 83A Black Toner Laserjet (CF283A)","https://trinatechweb1.base44.app/product?id=5057","HP Original Toners","HAS DESCRIPTION","LOW",""
"HP 85A Black Original Laserjet Toner Cartridge","https://trinatechweb1.base44.app/product?id=4580","Inks & Toner Cartridges","HAS DESCRIPTION","LOW",""
"HP 85A Black Toner Laserjet (CE285A)","https://trinatechweb1.base44.app/product?id=5056","HP Original Toners","HAS DESCRIPTION","LOW",""
"HP 87A Black Original Laserjet Toner Cartridge","https://trinatechweb1.base44.app/product?id=4790","Inks & Toner Cartridges","HAS DESCRIPTION","LOW",""
"HP 87A Black Toner Original Laserjet (CF287A)","https://trinatechweb1.base44.app/product?id=5055","HP Original Toners","HAS DESCRIPTION","LOW",""
"HP 89A Black Toner Cartridge (CF289A)","https://trinatechweb1.base44.app/product?id=5054","HP Original Toners","HAS DESCRIPTION","LOW",""
"HP 901 Black Ink Cartridge (CC653A)","https://trinatechweb1.base44.app/product?id=5470","Original Hp Ink Cartridges","HAS DESCRIPTION","LOW",""
"HP 901 Black Original Ink Cartridge","https://trinatechweb1.base44.app/product?id=3917","Inks & Toner Cartridges","HAS DESCRIPTION","LOW",""
"HP 901 Tri Color Ink Cartridge","https://trinatechweb1.base44.app/product?id=5469","Original Hp Ink Cartridges","HAS DESCRIPTION","LOW",""
"HP 901 Tri-Colour Original Ink Cartridge","https://trinatechweb1.base44.app/product?id=3920","Inks & Toner Cartridges","HAS DESCRIPTION","LOW",""
"HP 903 Black Ink High Capacity Cartridge (T6M15AE)","https://trinatechweb1.base44.app/product?id=5468","Original Hp Ink Cartridges","HAS DESCRIPTION","LOW",""
"HP 903 Cyan Ink Original Cartridge (T6L87AE)","https://trinatechweb1.base44.app/product?id=5467","Original Hp Ink Cartridges","HAS DESCRIPTION","LOW",""
"HP 903 Magenta Ink Original Cartridge (T6L91AE)","https://trinatechweb1.base44.app/product?id=5466","Original Hp Ink Cartridges","HAS DESCRIPTION","LOW",""
"HP 903 Yellow Ink Original Cartridge (T6L95AE)","https://trinatechweb1.base44.app/product?id=5465","Original Hp Ink Cartridges","HAS DESCRIPTION","LOW",""
"HP 903XL Cyan High Capacity Cartridge","https://trinatechweb1.base44.app/product?id=5464","Original Hp Ink Cartridges","HAS DESCRIPTION","LOW",""
"HP 903XL Magenta Ink High Capacity Cartridge (T6M07AE)","https://trinatechweb1.base44.app/product?id=5463","Original Hp Ink Cartridges","HAS DESCRIPTION","LOW",""
"HP 903XL Yellow Ink High Capacity Cartridge (T6M11AE)","https://trinatechweb1.base44.app/product?id=5462","Original Hp Ink Cartridges","HAS DESCRIPTION","LOW",""
"HP 90A Black Original Laserjet Toner Cartridge","https://trinatechweb1.base44.app/product?id=4787","Inks & Toner Cartridges","HAS DESCRIPTION","LOW",""
"HP 90A Black Toner Laserjet Original (CE390A)","https://trinatechweb1.base44.app/product?id=5053","HP Original Toners","HAS DESCRIPTION","LOW",""
"HP 920 Black Original Ink Cartridge","https://trinatechweb1.base44.app/product?id=3923","Inks & Toner Cartridges","HAS DESCRIPTION","LOW",""
"HP 920XL Black Cartridge High Yield Original Ink (CD975AA)","https://trinatechweb1.base44.app/product?id=5461","Original Hp Ink Cartridges","HAS DESCRIPTION","LOW",""
"HP 920XL High Yield Ink Cartridge Cmy Each","https://trinatechweb1.base44.app/product?id=5460","Original Hp Ink Cartridges","HAS DESCRIPTION","LOW",""
"HP 932 Black Ink Original Cartridge (CN0557AE)","https://trinatechweb1.base44.app/product?id=5459","Original Hp Ink Cartridges","HAS DESCRIPTION","LOW",""
"HP 932 Black Original Ink Cartridge","https://trinatechweb1.base44.app/product?id=3962","Inks & Toner Cartridges","HAS DESCRIPTION","LOW",""
"HP 932XL Black Ink High Yield Cartridge (CN049AE)","https://trinatechweb1.base44.app/product?id=5458","Original Hp Ink Cartridges","HAS DESCRIPTION","LOW",""
"HP 933 Color Ink High Yield Cartridge Each","https://trinatechweb1.base44.app/product?id=5457","Original Hp Ink Cartridges","HAS DESCRIPTION","LOW",""
"HP 933XL Color Ink High Yield Cartridge Cmy Each","https://trinatechweb1.base44.app/product?id=5456","Original Hp Ink Cartridges","HAS DESCRIPTION","LOW",""
"HP 934 Black Ink Original Cartridge (C2P19AE)","https://trinatechweb1.base44.app/product?id=5455","Original Hp Ink Cartridges","HAS DESCRIPTION","LOW",""
"HP 934XL Black Ink High Yield Cartridge (C2P23AN)","https://trinatechweb1.base44.app/product?id=5454","Original Hp Ink Cartridges","HAS DESCRIPTION","LOW",""
"HP 935 Cyan Ink Original Cartridge (C2P20AE)","https://trinatechweb1.base44.app/product?id=5453","Original Hp Ink Cartridges","HAS DESCRIPTION","LOW",""
"HP 935 Magenta Ink Original Cartridge (C2P21AE)","https://trinatechweb1.base44.app/product?id=5452","Original Hp Ink Cartridges","HAS DESCRIPTION","LOW",""
"HP 935 Yellow Ink Original Cartridge (C2P22AE)","https://trinatechweb1.base44.app/product?id=5451","Original Hp Ink Cartridges","HAS DESCRIPTION","LOW",""
"HP 935XL Cyan Ink High Yield Cartridge","https://trinatechweb1.base44.app/product?id=5450","Original Hp Ink Cartridges","HAS DESCRIPTION","LOW",""
"HP 935XL Magenta Ink High Yield Cartridge (C2P25AE)","https://trinatechweb1.base44.app/product?id=5449","Original Hp Ink Cartridges","HAS DESCRIPTION","LOW",""
"HP 935XL Yellow Ink High Yield Cartridge","https://trinatechweb1.base44.app/product?id=5448","Original Hp Ink Cartridges","HAS DESCRIPTION","LOW",""
"HP 950 Black Ink Original Cartridge (CN049AE)","https://trinatechweb1.base44.app/product?id=5447","Original Hp Ink Cartridges","HAS DESCRIPTION","LOW",""
"HP 950 Black Original Ink Cartridge","https://trinatechweb1.base44.app/product?id=3959","Inks & Toner Cartridges","HAS DESCRIPTION","LOW",""
"HP 950XL Black Ink High Yield Cartridge","https://trinatechweb1.base44.app/product?id=5446","Original Hp Ink Cartridges","HAS DESCRIPTION","LOW",""
"HP 951XL Color Ink High Yieldcartridge Each","https://trinatechweb1.base44.app/product?id=5445","Original Hp Ink Cartridges","HAS DESCRIPTION","LOW",""
"HP 952 Black Ink Cartridge","https://trinatechweb1.base44.app/product?id=5444","Original Hp Ink Cartridges","HAS DESCRIPTION","LOW",""
"HP 952 Cym Ink Cartridge Cartridge Each","https://trinatechweb1.base44.app/product?id=5443","Original Hp Ink Cartridges","HAS DESCRIPTION","LOW",""
"HP 953 Black Cartridge High Yield Ink","https://trinatechweb1.base44.app/product?id=5442","Original Hp Ink Cartridges","HAS DESCRIPTION","LOW",""
"HP 953 Black Original Ink Cartridge","https://trinatechweb1.base44.app/product?id=3938","Inks & Toner Cartridges","HAS DESCRIPTION","LOW",""
"HP 953 Color Cartridge High Yield Ink Each","https://trinatechweb1.base44.app/product?id=5441","Original Hp Ink Cartridges","HAS DESCRIPTION","LOW",""
"HP 953XL Black Ink High Yield Cartridge","https://trinatechweb1.base44.app/product?id=5440","Original Hp Ink Cartridges","HAS DESCRIPTION","LOW",""
"HP 953XL Color Cartridge High Yield Ink Each","https://trinatechweb1.base44.app/product?id=5439","Original Hp Ink Cartridges","HAS DESCRIPTION","LOW",""
"HP 955 Black Ink Cartridge (L0S60AA)","https://trinatechweb1.base44.app/product?id=5438","Original Hp Ink Cartridges","HAS DESCRIPTION","LOW",""
"HP 963 Black Ink Cartridge","https://trinatechweb1.base44.app/product?id=5437","Original Hp Ink Cartridges","HAS DESCRIPTION","LOW",""
"HP 9633 Color Ink Cartridge Cym Each","https://trinatechweb1.base44.app/product?id=5436","Original Hp Ink Cartridges","HAS DESCRIPTION","LOW",""
"HP 963XL Black Ink High Yirld Cartridge","https://trinatechweb1.base44.app/product?id=5435","Original Hp Ink Cartridges","HAS DESCRIPTION","LOW",""
"HP 963XL Color Ink Cartridge Cmy Each","https://trinatechweb1.base44.app/product?id=5434","Original Hp Ink Cartridges","HAS DESCRIPTION","LOW",""
"HP 973X Black High Yield Pagewide Cartridge","https://trinatechweb1.base44.app/product?id=5297","Master Rolls & Inks","HAS DESCRIPTION","LOW",""
"HP 973X Cmy High Yield Pagewide Cartridge Each","https://trinatechweb1.base44.app/product?id=5296","Master Rolls & Inks","HAS DESCRIPTION","LOW",""
"HP Black 970XL/971XL Ink Original Cartridges","https://trinatechweb1.base44.app/product?id=5295","Master Rolls & Inks","HAS DESCRIPTION","LOW",""
"HP CE341A Toner Cartridge","https://trinatechweb1.base44.app/product?id=9588","HP Original Toners","HAS DESCRIPTION","LOW",""
"HP CE342A Toner Cartridge","https://trinatechweb1.base44.app/product?id=9589","HP Original Toners","HAS DESCRIPTION","LOW",""
"HP CE343A Toner Cartridge","https://trinatechweb1.base44.app/product?id=9590","HP Original Toners","HAS DESCRIPTION","LOW",""
"HP Color Laser Mfp 179FNW Printer","https://trinatechweb1.base44.app/product?id=4474","Printers & Copiers","HAS DESCRIPTION","LOW",""
"HP Color LaserJet Enterprise MFP M578dn Printer","https://trinatechweb1.base44.app/product?id=9218","Printers & Copiers","HAS DESCRIPTION","LOW",""
"HP Color LaserJet Pro 3203dw Printer","https://trinatechweb1.base44.app/product?id=9113","Printers & Copiers","HAS DESCRIPTION","LOW",""
"HP Color LaserJet Pro MFP 3303fdn Printer","https://trinatechweb1.base44.app/product?id=9222","Printers & Copiers","HAS DESCRIPTION","LOW",""
"HP Color LaserJet Pro MFP 4303dw Printer","https://trinatechweb1.base44.app/product?id=9224","Printers & Copiers","HAS DESCRIPTION","LOW",""
"HP Color LaserJet Pro MFP 4303fdw Printer","https://trinatechweb1.base44.app/product?id=9223","Printers & Copiers","HAS DESCRIPTION","LOW",""
"HP Color Laserjet Pro Mfp M182N Printer","https://trinatechweb1.base44.app/product?id=4477","Printers & Copiers","HAS DESCRIPTION","LOW",""
"HP Color Laserjet Pro Mfp M183FW Printer","https://trinatechweb1.base44.app/product?id=4480","Printers & Copiers","HAS DESCRIPTION","LOW",""
"HP Color Laserjet Pro Mfp M283FDN Printer","https://trinatechweb1.base44.app/product?id=4483","Printers & Copiers","HAS DESCRIPTION","LOW",""
"HP Color Laserjet Pro Mfp M479DW Printer","https://trinatechweb1.base44.app/product?id=4486","Printers & Copiers","HAS DESCRIPTION","LOW",""
"HP Color LaserJet Professional CP5225dn Printer","https://trinatechweb1.base44.app/product?id=9112","Printers & Copiers","HAS DESCRIPTION","LOW",""
"HP DeskJet 2320 All-in-One Printer","https://trinatechweb1.base44.app/product?id=9214","Printers & Copiers","HAS DESCRIPTION","LOW",""
"HP Deskjet 2710 All-In-One Printer","https://trinatechweb1.base44.app/product?id=4490","Printers & Copiers","HAS DESCRIPTION","LOW",""
"HP GT51 Black Ink Bottle (MOH57AE)","https://trinatechweb1.base44.app/product?id=5294","Master Rolls & Inks","HAS DESCRIPTION","LOW",""
"HP GT52 Cyan Ink Bottle (MOH54AE)","https://trinatechweb1.base44.app/product?id=5293","Master Rolls & Inks","HAS DESCRIPTION","LOW",""
"HP GT52 Magenta Ink Bottle (MOH55AA)","https://trinatechweb1.base44.app/product?id=5292","Master Rolls & Inks","HAS DESCRIPTION","LOW",""
"HP GT52 Yellow Ink Bottle (MOH56AA)","https://trinatechweb1.base44.app/product?id=5291","Master Rolls & Inks","HAS DESCRIPTION","LOW",""
"HP GT53-90-ML Black Original Ink Bottle","https://trinatechweb1.base44.app/product?id=5290","Master Rolls & Inks","HAS DESCRIPTION","LOW",""
"HP GT53XL Original Ink","https://trinatechweb1.base44.app/product?id=4525","Inks & Toner Cartridges","HAS DESCRIPTION","LOW",""
"HP LaserJet Enterprise M507dn Printer","https://trinatechweb1.base44.app/product?id=9111","Printers & Copiers","HAS DESCRIPTION","LOW",""
"HP LaserJet Enterprise M611dn Printer","https://trinatechweb1.base44.app/product?id=9221","Printers & Copiers","HAS DESCRIPTION","LOW",""
"HP LaserJet M141a Printer","https://trinatechweb1.base44.app/product?id=9002","Printers & Copiers","HAS DESCRIPTION","LOW",""
"HP LaserJet M211d Printer","https://trinatechweb1.base44.app/product?id=9215","Printers & Copiers","HAS DESCRIPTION","LOW",""
"HP LaserJet MFP M141a Printer","https://trinatechweb1.base44.app/product?id=9216","Printers & Copiers","HAS DESCRIPTION","LOW",""
"HP LaserJet MFP M141W Printer","https://trinatechweb1.base44.app/product?id=9217","Printers & Copiers","HAS DESCRIPTION","LOW",""
"HP LaserJet MFP M236dw Printer","https://trinatechweb1.base44.app/product?id=9109","Printers & Copiers","HAS DESCRIPTION","LOW",""
"HP LaserJet MFP M236sdn Printer","https://trinatechweb1.base44.app/product?id=9110","Printers & Copiers","HAS DESCRIPTION","LOW",""
"HP LaserJet Pro 2320 Printer","https://trinatechweb1.base44.app/product?id=9001","Printers & Copiers","HAS DESCRIPTION","LOW",""
"HP LaserJet Pro 4003dn Printer","https://trinatechweb1.base44.app/product?id=9225","Printers & Copiers","HAS DESCRIPTION","LOW",""
"HP LaserJet Pro 4003dw Printer","https://trinatechweb1.base44.app/product?id=9226","Printers & Copiers","HAS DESCRIPTION","LOW",""
"HP LaserJet Pro MFP 3103fdw Printer","https://trinatechweb1.base44.app/product?id=9114","Printers & Copiers","HAS DESCRIPTION","LOW",""
"HP LaserJet Pro MFP 4103dw Printer","https://trinatechweb1.base44.app/product?id=9219","Printers & Copiers","HAS DESCRIPTION","LOW",""
"HP LaserJet Pro MFP 4103fdn Printer","https://trinatechweb1.base44.app/product?id=9227","Printers & Copiers","HAS DESCRIPTION","LOW",""
"HP LaserJet Pro MFP 4103fdw Printer","https://trinatechweb1.base44.app/product?id=9220","Printers & Copiers","HAS DESCRIPTION","LOW",""
"HP M0H50A Tri-Color GT52 Replacement Printhead","https://trinatechweb1.base44.app/product?id=5289","Master Rolls & Inks","HAS DESCRIPTION","LOW",""
"HP M0H51A Black GT51 Replacement Printhead","https://trinatechweb1.base44.app/product?id=5288","Master Rolls & Inks","HAS DESCRIPTION","LOW",""
"HP M22F Fhd (1080P) Ips Frameless LED Backlit 22-INCH Monitor","https://trinatechweb1.base44.app/product?id=3502","Monitors","HAS DESCRIPTION","LOW",""
"HP OfficeJet Pro 9730 Wide Format All-in-One Printer","https://trinatechweb1.base44.app/product?id=9228","Printers & Copiers","HAS DESCRIPTION","LOW",""
"HP ScanJet Pro 2600 f1 Scanner","https://trinatechweb1.base44.app/product?id=9115","Scanner","HAS DESCRIPTION","LOW",""
"HP Scanjet Pro 3600 F1 Scanner","https://trinatechweb1.base44.app/product?id=3444","Scanner","HAS DESCRIPTION","LOW",""
"HP Smart Tank 530 Printer","https://trinatechweb1.base44.app/product?id=9116","Printers & Copiers","HAS DESCRIPTION","LOW",""
"HP Smart Tank 580 Printer","https://trinatechweb1.base44.app/product?id=9229","Printers & Copiers","HAS DESCRIPTION","LOW",""
"HP Smart Tank 581 Printer","https://trinatechweb1.base44.app/product?id=9230","Printers & Copiers","HAS DESCRIPTION","LOW",""
"HP Smart Tank 582 Printer","https://trinatechweb1.base44.app/product?id=9231","Printers & Copiers","HAS DESCRIPTION","LOW",""
"HP Smart Tank 585 Printer","https://trinatechweb1.base44.app/product?id=9232","Printers & Copiers","HAS DESCRIPTION","LOW",""
"HP Universal 500G","https://trinatechweb1.base44.app/product?id=9510","HP Original Toners","HAS DESCRIPTION","LOW",""
"HP Universal Ink 1L","https://trinatechweb1.base44.app/product?id=9527","Inks & Toner Cartridges","HAS DESCRIPTION","LOW",""
"HP V24I G5 Fhd Monitor","https://trinatechweb1.base44.app/product?id=3504","Monitors","HAS DESCRIPTION","LOW",""
"HP X4E75A Black Inktank Printhead","https://trinatechweb1.base44.app/product?id=5287","Master Rolls & Inks","HAS DESCRIPTION","LOW",""
"HP1000 Teflon Sleeve Drum Unit","https://trinatechweb1.base44.app/product?id=9526","Printer Parts","HAS DESCRIPTION","LOW",""
"Km 2050 Blade","https://trinatechweb1.base44.app/product?id=5258","Maintenance Kits & Spare Parts","HAS DESCRIPTION","LOW",""
"Km 2050 Drum","https://trinatechweb1.base44.app/product?id=5257","Maintenance Kits & Spare Parts","HAS DESCRIPTION","LOW",""
"Km 2050 Fingers","https://trinatechweb1.base44.app/product?id=5256","Maintenance Kits & Spare Parts","HAS DESCRIPTION","LOW",""
"Km 2050 Gear Lever","https://trinatechweb1.base44.app/product?id=5255","Maintenance Kits & Spare Parts","HAS DESCRIPTION","LOW",""
"Km 2050 Heatroller","https://trinatechweb1.base44.app/product?id=5254","Maintenance Kits & Spare Parts","HAS DESCRIPTION","LOW",""
"Km 2050 Main Motor Gear","https://trinatechweb1.base44.app/product?id=5253","Maintenance Kits & Spare Parts","HAS DESCRIPTION","LOW",""
"Km 2050 Pressure Roller","https://trinatechweb1.base44.app/product?id=5252","Maintenance Kits & Spare Parts","HAS DESCRIPTION","LOW",""
"Km 2560 Upper Fuser Roller","https://trinatechweb1.base44.app/product?id=5251","Maintenance Kits & Spare Parts","HAS DESCRIPTION","LOW",""
"Km 2560/300 Pick Up Rollers","https://trinatechweb1.base44.app/product?id=5250","Maintenance Kits & Spare Parts","HAS DESCRIPTION","LOW",""
"Km 2560/30I Drum","https://trinatechweb1.base44.app/product?id=5249","Maintenance Kits & Spare Parts","HAS DESCRIPTION","LOW",""
"Km 6525 Drum","https://trinatechweb1.base44.app/product?id=5248","Maintenance Kits & Spare Parts","HAS DESCRIPTION","LOW",""
"Konica Minolta C360 364 554 Developer Drum Unit","https://trinatechweb1.base44.app/product?id=9513","Maintenance Kits & Spare Parts","HAS DESCRIPTION","LOW",""
"Konica Minolta DR512C Y Toner Cartridge","https://trinatechweb1.base44.app/product?id=9587","Maintenance Kits & Spare Parts","HAS DESCRIPTION","LOW",""
"Konica Minolta DR512K C Toner Cartridge","https://trinatechweb1.base44.app/product?id=9577","Maintenance Kits & Spare Parts","HAS DESCRIPTION","LOW",""
"Konica Minolta DR512M Y Toner Cartridge","https://trinatechweb1.base44.app/product?id=9578","Maintenance Kits & Spare Parts","HAS DESCRIPTION","LOW",""
"Konica Minolta TN116 Toner Cartridge","https://trinatechweb1.base44.app/product?id=9534","Inks & Toner Cartridges","HAS DESCRIPTION","LOW",""
"Konica Minolta TN211 Toner Cartridge","https://trinatechweb1.base44.app/product?id=9575","Inks & Toner Cartridges","HAS DESCRIPTION","LOW",""
"Konica Minolta TN216 Toner Cartridge","https://trinatechweb1.base44.app/product?id=4424","Inks & Toner Cartridges","HAS DESCRIPTION","LOW",""
"Konica Minolta TN217 Toner Cartridge","https://trinatechweb1.base44.app/product?id=4434","Inks & Toner Cartridges","HAS DESCRIPTION","LOW",""
"Konica Minolta TN321 Toner Cartridge","https://trinatechweb1.base44.app/product?id=4431","Inks & Toner Cartridges","HAS DESCRIPTION","LOW",""
"Konica Minolta TN324 Toner Cartridge","https://trinatechweb1.base44.app/product?id=4427","Inks & Toner Cartridges","HAS DESCRIPTION","LOW",""
"Konica Minolta TN328 Toner Cartridge","https://trinatechweb1.base44.app/product?id=9517","Inks & Toner Cartridges","HAS DESCRIPTION","LOW",""
"Konica Minolta TN619 Toner Cartridge","https://trinatechweb1.base44.app/product?id=9552","Inks & Toner Cartridges","HAS DESCRIPTION","LOW",""
"Kyocera 2020 Platen Cover","https://trinatechweb1.base44.app/product?id=9007","Maintenance Kits & Spare Parts","HAS DESCRIPTION","LOW",""
"Kyocera 2020 Platen Cover","https://trinatechweb1.base44.app/product?id=9104","Maintenance Kits & Spare Parts","HAS DESCRIPTION","LOW",""
"Kyocera Ecosys Fs 1025 Multifunction Laser Printer","https://trinatechweb1.base44.app/product?id=3471","Printers & Copiers","HAS DESCRIPTION","LOW",""
"Kyocera ECOSYS FS-4125idn Printer","https://trinatechweb1.base44.app/product?id=9003","Printers & Copiers","HAS DESCRIPTION","LOW",""
"Kyocera Ecosys M2135DN A4 Mono Multifunction Laser Printer","https://trinatechweb1.base44.app/product?id=3457","Printers & Copiers","HAS DESCRIPTION","LOW",""
"Kyocera ECOSYS M4125idn Printer","https://trinatechweb1.base44.app/product?id=9005","Printers & Copiers","HAS DESCRIPTION","LOW",""
"Kyocera ECOSYS M4125idn Printer","https://trinatechweb1.base44.app/product?id=9101","Printers & Copiers","HAS DESCRIPTION","LOW",""
"Kyocera ECOSYS MA2600cwfx Printer","https://trinatechweb1.base44.app/product?id=9202","Printers & Copiers","HAS DESCRIPTION","LOW",""
"Kyocera ECOSYS MA4000cix Printer","https://trinatechweb1.base44.app/product?id=9004","Printers & Copiers","HAS DESCRIPTION","LOW",""
"Kyocera ECOSYS MA4000cix Printer","https://trinatechweb1.base44.app/product?id=9102","Printers & Copiers","HAS DESCRIPTION","LOW",""
"Kyocera ECOSYS MA4000wifx Printer","https://trinatechweb1.base44.app/product?id=9201","Printers & Copiers","HAS DESCRIPTION","LOW",""
"Kyocera Ecosys MA4500IX Mono Multifunction Laser Printer","https://trinatechweb1.base44.app/product?id=3450","Printers & Copiers","HAS DESCRIPTION","LOW",""
"Kyocera MA2000W Monochrome Multifunction Laser Printer","https://trinatechweb1.base44.app/product?id=3459","Printers & Copiers","HAS DESCRIPTION","LOW",""
"Kyocera MK4105 Maintenance Kit","https://trinatechweb1.base44.app/product?id=9562","Maintenance Kits & Spare Parts","HAS DESCRIPTION","LOW",""
"Kyocera MK413 Maintenance Kit","https://trinatechweb1.base44.app/product?id=9585","Maintenance Kits & Spare Parts","HAS DESCRIPTION","LOW",""
"Kyocera TASKalfa 180 OPC Drum","https://trinatechweb1.base44.app/product?id=9572","Maintenance Kits & Spare Parts","HAS DESCRIPTION","LOW",""
"Kyocera Taskalfa 2020 A4/A3 Monochrome Multifunction Printer","https://trinatechweb1.base44.app/product?id=3454","Printers & Copiers","HAS DESCRIPTION","LOW",""
"Kyocera Taskalfa 2321 Monochrome Multifunction A3 Printer","https://trinatechweb1.base44.app/product?id=3452","Printers & Copiers","HAS DESCRIPTION","LOW",""
"Kyocera TASKalfa 8003i Printer","https://trinatechweb1.base44.app/product?id=9203","Printers & Copiers","HAS DESCRIPTION","LOW",""
"Kyocera TASKalfa MZ4000i Printer","https://trinatechweb1.base44.app/product?id=9006","Printers & Copiers","HAS DESCRIPTION","LOW",""
"Kyocera TK-1110 Toner Cartridge","https://trinatechweb1.base44.app/product?id=4853","Inks & Toner Cartridges","HAS DESCRIPTION","LOW",""
"Kyocera TK-1120 Toner Cartridge","https://trinatechweb1.base44.app/product?id=4232","Inks & Toner Cartridges","HAS DESCRIPTION","LOW",""
"Kyocera TK-1130 Toner Cartridge","https://trinatechweb1.base44.app/product?id=4220","Inks & Toner Cartridges","HAS DESCRIPTION","LOW",""
"Kyocera TK-1150 Toner Cartridge","https://trinatechweb1.base44.app/product?id=4717","Inks & Toner Cartridges","HAS DESCRIPTION","LOW",""
"Kyocera TK-1160 Toner Cartridge","https://trinatechweb1.base44.app/product?id=4247","Inks & Toner Cartridges","HAS DESCRIPTION","LOW",""
"Kyocera TK-1170 Toner Cartridge","https://trinatechweb1.base44.app/product?id=4244","Inks & Toner Cartridges","HAS DESCRIPTION","LOW",""
"Kyocera TK-1242 Toner Cartridge","https://trinatechweb1.base44.app/product?id=4289","Inks & Toner Cartridges","HAS DESCRIPTION","LOW",""
"Kyocera TK-130 Toner Cartridge","https://trinatechweb1.base44.app/product?id=4223","Inks & Toner Cartridges","HAS DESCRIPTION","LOW",""
"Kyocera TK-3060 Toner Cartridge","https://trinatechweb1.base44.app/product?id=4268","Inks & Toner Cartridges","HAS DESCRIPTION","LOW",""
"Kyocera TK-3110 Toner Cartridge","https://trinatechweb1.base44.app/product?id=4298","Inks & Toner Cartridges","HAS DESCRIPTION","LOW",""
"Kyocera TK-3130 Toner Cartridge","https://trinatechweb1.base44.app/product?id=4214","Inks & Toner Cartridges","HAS DESCRIPTION","LOW",""
"Kyocera TK-3132 Toner Cartridge","https://trinatechweb1.base44.app/product?id=9532","Inks & Toner Cartridges","HAS DESCRIPTION","LOW",""
"Kyocera TK-3160 Toner Cartridge","https://trinatechweb1.base44.app/product?id=9573","Inks & Toner Cartridges","HAS DESCRIPTION","LOW",""
"Kyocera TK-3190 Toner Cartridge","https://trinatechweb1.base44.app/product?id=4256","Inks & Toner Cartridges","HAS DESCRIPTION","LOW",""
"Kyocera TK-340 Toner Cartridge","https://trinatechweb1.base44.app/product?id=4262","Inks & Toner Cartridges","HAS DESCRIPTION","LOW",""
"Kyocera TK-3400 Toner Cartridge","https://trinatechweb1.base44.app/product?id=9519","Inks & Toner Cartridges","HAS DESCRIPTION","LOW",""
"Kyocera TK-350 Toner Cartridge","https://trinatechweb1.base44.app/product?id=4238","Inks & Toner Cartridges","HAS DESCRIPTION","LOW",""
"Kyocera TK-360 Toner Cartridge","https://trinatechweb1.base44.app/product?id=4277","Inks & Toner Cartridges","HAS DESCRIPTION","LOW",""
"Kyocera TK-410 Toner Cartridge","https://trinatechweb1.base44.app/product?id=4838","Inks & Toner Cartridges","HAS DESCRIPTION","LOW",""
"Kyocera TK-4175 Toner Cartridge","https://trinatechweb1.base44.app/product?id=4726","Inks & Toner Cartridges","HAS DESCRIPTION","LOW",""
"Kyocera TK-475 Toner Cartridge","https://trinatechweb1.base44.app/product?id=4211","Inks & Toner Cartridges","HAS DESCRIPTION","LOW",""
"Kyocera TK-5150 Toner Cartridge","https://trinatechweb1.base44.app/product?id=4265","Inks & Toner Cartridges","HAS DESCRIPTION","LOW",""
"Kyocera TK-5195 Toner Cartridge","https://trinatechweb1.base44.app/product?id=9502","Inks & Toner Cartridges","HAS DESCRIPTION","LOW",""
"Kyocera TK-5197 Toner Cartridge","https://trinatechweb1.base44.app/product?id=9547","Inks & Toner Cartridges","HAS DESCRIPTION","LOW",""
"Kyocera TK-5205 Toner Cartridge","https://trinatechweb1.base44.app/product?id=9503","Inks & Toner Cartridges","HAS DESCRIPTION","LOW",""
"Kyocera TK-5207 Toner Cartridge","https://trinatechweb1.base44.app/product?id=9548","Inks & Toner Cartridges","HAS DESCRIPTION","LOW",""
"Kyocera TK-5215 Toner Cartridge","https://trinatechweb1.base44.app/product?id=9504","Inks & Toner Cartridges","HAS DESCRIPTION","LOW",""
"Kyocera TK-5217 Toner Cartridge","https://trinatechweb1.base44.app/product?id=9549","Inks & Toner Cartridges","HAS DESCRIPTION","LOW",""
"Kyocera TK-5240 Toner Cartridge","https://trinatechweb1.base44.app/product?id=4286","Inks & Toner Cartridges","HAS DESCRIPTION","LOW",""
"Kyocera TK-5270 Toner Cartridge","https://trinatechweb1.base44.app/product?id=4292","Inks & Toner Cartridges","HAS DESCRIPTION","LOW",""
"Kyocera TK-5280 Toner Cartridge","https://trinatechweb1.base44.app/product?id=4295","Inks & Toner Cartridges","HAS DESCRIPTION","LOW",""
"Kyocera TK-5305 Toner Cartridge","https://trinatechweb1.base44.app/product?id=9550","Inks & Toner Cartridges","HAS DESCRIPTION","LOW",""
"Kyocera TK-5380 Toner Cartridge","https://trinatechweb1.base44.app/product?id=9507","Inks & Toner Cartridges","HAS DESCRIPTION","LOW",""
"Kyocera TK-5490 Toner Cartridge","https://trinatechweb1.base44.app/product?id=9533","Inks & Toner Cartridges","HAS DESCRIPTION","LOW",""
"Kyocera TK-590 Toner Cartridge","https://trinatechweb1.base44.app/product?id=4301","Inks & Toner Cartridges","HAS DESCRIPTION","LOW",""
"Kyocera TK-6115 Toner Cartridge","https://trinatechweb1.base44.app/product?id=4229","Inks & Toner Cartridges","HAS DESCRIPTION","LOW",""
"Kyocera TK-6325 Toner Cartridge","https://trinatechweb1.base44.app/product?id=4729","Inks & Toner Cartridges","HAS DESCRIPTION","LOW",""
"Kyocera TK-6329 Toner Cartridge","https://trinatechweb1.base44.app/product?id=9529","Inks & Toner Cartridges","HAS DESCRIPTION","LOW",""
"Kyocera TK-675 Toner Cartridge","https://trinatechweb1.base44.app/product?id=4226","Inks & Toner Cartridges","HAS DESCRIPTION","LOW",""
"Kyocera TK-7105 Toner Cartridge","https://trinatechweb1.base44.app/product?id=4259","Inks & Toner Cartridges","HAS DESCRIPTION","LOW",""
"Kyocera TK-7125 Toner Cartridge","https://trinatechweb1.base44.app/product?id=4271","Inks & Toner Cartridges","HAS DESCRIPTION","LOW",""
"Kyocera TK-715 Toner Cartridge","https://trinatechweb1.base44.app/product?id=4253","Inks & Toner Cartridges","HAS DESCRIPTION","LOW",""
"Kyocera TK-7205 Toner Cartridge","https://trinatechweb1.base44.app/product?id=4841","Inks & Toner Cartridges","HAS DESCRIPTION","LOW",""
"Kyocera TK-7225 Toner Cartridge","https://trinatechweb1.base44.app/product?id=4274","Inks & Toner Cartridges","HAS DESCRIPTION","LOW",""
"Kyocera TK-7227 Toner Cartridge","https://trinatechweb1.base44.app/product?id=9574","Inks & Toner Cartridges","HAS DESCRIPTION","LOW",""
"Kyocera TK-725 Toner Cartridge","https://trinatechweb1.base44.app/product?id=4250","Inks & Toner Cartridges","HAS DESCRIPTION","LOW",""
"Kyocera TK-8315 Toner Cartridge","https://trinatechweb1.base44.app/product?id=9551","Inks & Toner Cartridges","HAS DESCRIPTION","LOW",""
"Kyocera TK-8325 Toner Cartridge","https://trinatechweb1.base44.app/product?id=4283","Inks & Toner Cartridges","HAS DESCRIPTION","LOW",""
"Kyocera TK-8335 Toner Cartridge","https://trinatechweb1.base44.app/product?id=4280","Inks & Toner Cartridges","HAS DESCRIPTION","LOW",""
"Kyocera TK-8365 Toner Cartridge","https://trinatechweb1.base44.app/product?id=4773","Inks & Toner Cartridges","HAS DESCRIPTION","LOW",""
"Kyocera Universal 500G","https://trinatechweb1.base44.app/product?id=9511","Inks & Toner Cartridges","HAS DESCRIPTION","LOW",""
"Kyocera Universal Powder 500G","https://trinatechweb1.base44.app/product?id=9505","Royal Toners","HAS DESCRIPTION","LOW",""
"Lenovo Ideapad 3 Core I3 4GB/1TB/14""/UBUNTU Laptop","https://trinatechweb1.base44.app/product?id=3489","Laptops","HAS DESCRIPTION","LOW",""
"Lenovo Ideapad 3 Core I5 4GB/1TB/15.6"" Laptop","https://trinatechweb1.base44.app/product?id=3487","Laptops","HAS DESCRIPTION","LOW",""
"Mecer 650VA Line Interactive Ups (ME-650-VU)","https://trinatechweb1.base44.app/product?id=4044","UPS","HAS DESCRIPTION","LOW",""
"Mp 2000 Blade","https://trinatechweb1.base44.app/product?id=5247","Maintenance Kits & Spare Parts","HAS DESCRIPTION","LOW",""
"Mp 2000 Drum","https://trinatechweb1.base44.app/product?id=5246","Maintenance Kits & Spare Parts","HAS DESCRIPTION","LOW",""
"Mp 2000 Fingers","https://trinatechweb1.base44.app/product?id=5245","Maintenance Kits & Spare Parts","HAS DESCRIPTION","LOW",""
"Mp 2000 Lower Roller","https://trinatechweb1.base44.app/product?id=5244","Maintenance Kits & Spare Parts","HAS DESCRIPTION","LOW",""
"Mp 2000 Upper Fuser Roller","https://trinatechweb1.base44.app/product?id=5243","Maintenance Kits & Spare Parts","HAS DESCRIPTION","LOW",""
"Opc Drum KM-1800","https://trinatechweb1.base44.app/product?id=5263","Maintenance Kits & Spare Parts","HAS DESCRIPTION","LOW",""
"Opc Drum KM-2050","https://trinatechweb1.base44.app/product?id=5262","Maintenance Kits & Spare Parts","HAS DESCRIPTION","LOW",""
"Opc Drum MP2000","https://trinatechweb1.base44.app/product?id=5261","Maintenance Kits & Spare Parts","HAS DESCRIPTION","LOW",""
"Powder For Color Toner BK 100G","https://trinatechweb1.base44.app/product?id=9543","Inks & Toner Cartridges","HAS DESCRIPTION","LOW",""
"Powder For Color Toner C 100G","https://trinatechweb1.base44.app/product?id=9544","Inks & Toner Cartridges","HAS DESCRIPTION","LOW",""
"Powder For Color Toner M 100G","https://trinatechweb1.base44.app/product?id=9545","Inks & Toner Cartridges","HAS DESCRIPTION","LOW",""
"Powder For Color Toner Y 100G","https://trinatechweb1.base44.app/product?id=9546","Inks & Toner Cartridges","HAS DESCRIPTION","LOW",""
"Pressure Roller","https://trinatechweb1.base44.app/product?id=5242","Maintenance Kits & Spare Parts","HAS DESCRIPTION","LOW",""
"Pressure Roller For HP Laserjet 1102/1018/1020 Printers","https://trinatechweb1.base44.app/product?id=3584","Printer Parts","HAS DESCRIPTION","LOW",""
"Pressure Roller For HP Laserjet 2050/2055/PRO 400 Printers","https://trinatechweb1.base44.app/product?id=3587","Printer Parts","HAS DESCRIPTION","LOW",""
"Ricoh Aficio Mp 3554 Black Toner","https://trinatechweb1.base44.app/product?id=5222","Ricoh Toners","HAS DESCRIPTION","LOW",""
"Ricoh Aficio Mp 4002/4002SP/5002/5002SP Black Compatible","https://trinatechweb1.base44.app/product?id=5221","Ricoh Toners","HAS DESCRIPTION","LOW",""
"Ricoh Aficio Mp C2003/3003/6003 Toners Each","https://trinatechweb1.base44.app/product?id=5237","Ricoh Toners","HAS DESCRIPTION","LOW",""
"Ricoh Aficio Mp C2011/2003/2503 Compatible Toners Each","https://trinatechweb1.base44.app/product?id=5236","Ricoh Toners","HAS DESCRIPTION","LOW",""
"Ricoh Aficio Mp C2050/C2550/C2030 Compatible Toners Each","https://trinatechweb1.base44.app/product?id=5235","Ricoh Toners","HAS DESCRIPTION","LOW",""
"Ricoh Aficio Mp C2051 High Yield Toners Each","https://trinatechweb1.base44.app/product?id=5234","Ricoh Toners","HAS DESCRIPTION","LOW",""
"Ricoh Aficio Mp C2500 Compatible Toners Each","https://trinatechweb1.base44.app/product?id=5233","Ricoh Toners","HAS DESCRIPTION","LOW",""
"Ricoh Aficio Mp C300/400/401 Cymk Toners Cartridge Each","https://trinatechweb1.base44.app/product?id=5232","Ricoh Toners","HAS DESCRIPTION","LOW",""
"Ricoh Aficio Mp C3000 Compatible Toners Each","https://trinatechweb1.base44.app/product?id=5231","Ricoh Toners","HAS DESCRIPTION","LOW",""
"Ricoh Aficio Mp C4500 B/C/Y/M Toners Each","https://trinatechweb1.base44.app/product?id=5230","Ricoh Toners","HAS DESCRIPTION","LOW",""
"Ricoh Aficio Mp C5000 Toner Cartridge Each","https://trinatechweb1.base44.app/product?id=5229","Ricoh Toners","HAS DESCRIPTION","LOW",""
"Ricoh Aficio Mp C6003 Toner Cartridges Each","https://trinatechweb1.base44.app/product?id=5228","Ricoh Toners","HAS DESCRIPTION","LOW",""
"Ricoh Aficio MP2000 Black Toner Cartridge","https://trinatechweb1.base44.app/product?id=5220","Ricoh Toners","HAS DESCRIPTION","LOW",""
"Ricoh Aficio MP2000 Cleaning Blade","https://trinatechweb1.base44.app/product?id=4452","Printer Parts","HAS DESCRIPTION","LOW",""
"Ricoh Aficio MP201SPF Black Genuine Toner Cartridge","https://trinatechweb1.base44.app/product?id=5219","Ricoh Toners","HAS DESCRIPTION","LOW",""
"Ricoh Aficio MP2500 Black Toner Cartridge","https://trinatechweb1.base44.app/product?id=5218","Ricoh Toners","HAS DESCRIPTION","LOW",""
"Ricoh Aficio MP301SPF Black Toner Cartridge","https://trinatechweb1.base44.app/product?id=5217","Ricoh Toners","HAS DESCRIPTION","LOW",""
"Ricoh Aficio MP3350 Black Toner Cartridge","https://trinatechweb1.base44.app/product?id=5216","Ricoh Toners","HAS DESCRIPTION","LOW",""
"Ricoh Aficio Sp 5200S Black Toner Cartridge","https://trinatechweb1.base44.app/product?id=5215","Ricoh Toners","HAS DESCRIPTION","LOW",""
"Ricoh Aficio Type 2220D Black Toner Cartridge","https://trinatechweb1.base44.app/product?id=5214","Ricoh Toners","HAS DESCRIPTION","LOW",""
"Ricoh DX-2330 Master Roll For Ricoh Copy Printer","https://trinatechweb1.base44.app/product?id=4359","Inks & Toner Cartridges","HAS DESCRIPTION","LOW",""
"Ricoh DX-2330 Master Roll Ricoh Copy Printer","https://trinatechweb1.base44.app/product?id=5280","Master Rolls & Inks","HAS DESCRIPTION","LOW",""
"Ricoh DX-2430 Master Roll Copy Printer","https://trinatechweb1.base44.app/product?id=5279","Master Rolls & Inks","HAS DESCRIPTION","LOW",""
"Ricoh DX-2430 Master Roll For Ricoh Copy Printer","https://trinatechweb1.base44.app/product?id=4362","Inks & Toner Cartridges","HAS DESCRIPTION","LOW",""
"Ricoh Im 3000/3500/4000 Cymk Toner Cartridges Each","https://trinatechweb1.base44.app/product?id=5213","Ricoh Toners","HAS DESCRIPTION","LOW",""
"Ricoh IMC3000K C Toner Cartridge","https://trinatechweb1.base44.app/product?id=9560","Ricoh Toners","HAS DESCRIPTION","LOW",""
"Ricoh IMC3000M Y Toner Cartridge","https://trinatechweb1.base44.app/product?id=9561","Ricoh Toners","HAS DESCRIPTION","LOW",""
"Ricoh Mp 2501E Black Toner Cartridge","https://trinatechweb1.base44.app/product?id=5212","Ricoh Toners","HAS DESCRIPTION","LOW",""
"Ricoh Mp 3554 Aficio Compatible Black Toner","https://trinatechweb1.base44.app/product?id=5211","Ricoh Toners","HAS DESCRIPTION","LOW",""
"Ricoh Mp C2503 Toner For MPC2003/2503","https://trinatechweb1.base44.app/product?id=5227","Ricoh Toners","HAS DESCRIPTION","LOW",""
"Ricoh Mp C300/400/401 Aficio Compatible Toner Cartridges Each","https://trinatechweb1.base44.app/product?id=5226","Ricoh Toners","HAS DESCRIPTION","LOW",""
"Ricoh Mp C3000 Aficio Toners Each","https://trinatechweb1.base44.app/product?id=5225","Ricoh Toners","HAS DESCRIPTION","LOW",""
"Ricoh MP2500 Black Toner Cartridge","https://trinatechweb1.base44.app/product?id=4386","Inks & Toner Cartridges","HAS DESCRIPTION","LOW",""
"Ricoh MP4500E For MP4000, MP4001, MP4002, MP5001, MP5001","https://trinatechweb1.base44.app/product?id=5210","Ricoh Toners","HAS DESCRIPTION","LOW",""
"Ricoh MP501 Toner Cartridge","https://trinatechweb1.base44.app/product?id=9540","Ricoh Toners","HAS DESCRIPTION","LOW",""
"Ricoh MP601 Toner Cartridge","https://trinatechweb1.base44.app/product?id=9564","Ricoh Toners","HAS DESCRIPTION","LOW",""
"Ricoh Mpc 3001/3501 Toner","https://trinatechweb1.base44.app/product?id=4389","Inks & Toner Cartridges","HAS DESCRIPTION","LOW",""
"Ricoh MPC2050 Toner Cartridge Black","https://trinatechweb1.base44.app/product?id=9604","Ricoh Toners","HAS DESCRIPTION","LOW",""
"Ricoh MPC2050 Toner Cartridge Cyan","https://trinatechweb1.base44.app/product?id=9603","Ricoh Toners","HAS DESCRIPTION","LOW",""
"Ricoh MPC2050 Toner Cartridge Magenta","https://trinatechweb1.base44.app/product?id=9605","Ricoh Toners","HAS DESCRIPTION","LOW",""
"Ricoh MPC2500 Toner Cartridge Black","https://trinatechweb1.base44.app/product?id=9607","Ricoh Toners","HAS DESCRIPTION","LOW",""
"Ricoh MPC2500 Toner Cartridge Cyan","https://trinatechweb1.base44.app/product?id=9606","Ricoh Toners","HAS DESCRIPTION","LOW",""
"Ricoh MPC2500 Toner Cartridge Magenta","https://trinatechweb1.base44.app/product?id=9608","Ricoh Toners","HAS DESCRIPTION","LOW",""
"Ricoh MPC2500 Toner Cartridge Yellow","https://trinatechweb1.base44.app/product?id=9609","Ricoh Toners","HAS DESCRIPTION","LOW",""
"Ricoh MPC2503 Toner Cartridge","https://trinatechweb1.base44.app/product?id=4392","Inks & Toner Cartridges","HAS DESCRIPTION","LOW",""
"Ricoh MPC2503 Toner Cartridge Black","https://trinatechweb1.base44.app/product?id=9596","Ricoh Toners","HAS DESCRIPTION","LOW",""
"Ricoh MPC2503 Toner Cartridge Cyan","https://trinatechweb1.base44.app/product?id=9595","Ricoh Toners","HAS DESCRIPTION","LOW",""
"Ricoh MPC2503 Toner Cartridge Magenta","https://trinatechweb1.base44.app/product?id=9597","Ricoh Toners","HAS DESCRIPTION","LOW",""
"Ricoh MPC2503 Toner Cartridge Yellow","https://trinatechweb1.base44.app/product?id=9598","Ricoh Toners","HAS DESCRIPTION","LOW",""
"Ricoh MPC2550Y Toner Cartridge","https://trinatechweb1.base44.app/product?id=9557","Ricoh Toners","HAS DESCRIPTION","LOW",""
"Ricoh MPC300 Toner Cartridge Black","https://trinatechweb1.base44.app/product?id=9592","Ricoh Toners","HAS DESCRIPTION","LOW",""
"Ricoh MPC300 Toner Cartridge Cyan","https://trinatechweb1.base44.app/product?id=9591","Ricoh Toners","HAS DESCRIPTION","LOW",""
"Ricoh MPC300 Toner Cartridge Magenta","https://trinatechweb1.base44.app/product?id=9593","Ricoh Toners","HAS DESCRIPTION","LOW",""
"Ricoh MPC300 Toner Cartridge Yellow","https://trinatechweb1.base44.app/product?id=9594","Ricoh Toners","HAS DESCRIPTION","LOW",""
"Ricoh MPC3001 Toner Cartridge Black","https://trinatechweb1.base44.app/product?id=9610","Ricoh Toners","HAS DESCRIPTION","LOW",""
"Ricoh MPC3503 Toner Cartridge","https://trinatechweb1.base44.app/product?id=9538","Ricoh Toners","HAS DESCRIPTION","LOW",""
"Ricoh MPC3503K C Toner Cartridge","https://trinatechweb1.base44.app/product?id=9565","Ricoh Toners","HAS DESCRIPTION","LOW",""
"Ricoh MPC3503K M Toner Cartridge","https://trinatechweb1.base44.app/product?id=9566","Ricoh Toners","HAS DESCRIPTION","LOW",""
"Ricoh MPC4000 Toner Cartridge","https://trinatechweb1.base44.app/product?id=9567","Ricoh Toners","HAS DESCRIPTION","LOW",""
"Ricoh MPC5501C Y Toner Cartridge","https://trinatechweb1.base44.app/product?id=9568","Ricoh Toners","HAS DESCRIPTION","LOW",""
"Ricoh MPC5501K M Toner Cartridge","https://trinatechweb1.base44.app/product?id=9569","Ricoh Toners","HAS DESCRIPTION","LOW",""
"Ricoh MPC6003 Toner Cartridge Black","https://trinatechweb1.base44.app/product?id=9600","Ricoh Toners","HAS DESCRIPTION","LOW",""
"Ricoh MPC6003 Toner Cartridge Cyan","https://trinatechweb1.base44.app/product?id=9599","Ricoh Toners","HAS DESCRIPTION","LOW",""
"Ricoh MPC6003 Toner Cartridge Magenta","https://trinatechweb1.base44.app/product?id=9601","Ricoh Toners","HAS DESCRIPTION","LOW",""
"Ricoh MPC6003 Toner Cartridge Yellow","https://trinatechweb1.base44.app/product?id=9602","Ricoh Toners","HAS DESCRIPTION","LOW",""
"Ricoh Priport DX-3442C Ink","https://trinatechweb1.base44.app/product?id=5349","Riso Master Rolls & Inks","HAS DESCRIPTION","LOW",""
"Ricoh Priport Ink Dx 2430","https://trinatechweb1.base44.app/product?id=4368","Inks & Toner Cartridges","HAS DESCRIPTION","LOW",""
"Ricoh Priport Ink JP-12","https://trinatechweb1.base44.app/product?id=4378","Inks & Toner Cartridges","HAS DESCRIPTION","LOW",""
"Ricoh Sp 230 Black Toner Cartridge","https://trinatechweb1.base44.app/product?id=4680","Inks & Toner Cartridges","HAS DESCRIPTION","LOW",""
"Ricoh SP242 Toner Cartridge","https://trinatechweb1.base44.app/product?id=9556","Ricoh Toners","HAS DESCRIPTION","LOW",""
"Ricoh SP3500 SP3400 Toner Cartridge","https://trinatechweb1.base44.app/product?id=9501","Ricoh Toners","HAS DESCRIPTION","LOW",""
"Ricoh SP5200 Black Toner Cartridge","https://trinatechweb1.base44.app/product?id=4677","Inks & Toner Cartridges","HAS DESCRIPTION","LOW",""
"Ricoh Toner 1270D Black Toner Cartridge","https://trinatechweb1.base44.app/product?id=5209","Ricoh Toners","HAS DESCRIPTION","LOW",""
"Ricoh Toner Mp 2014 Black Toner Cartridge","https://trinatechweb1.base44.app/product?id=5208","Ricoh Toners","HAS DESCRIPTION","LOW",""
"Ricoh Toner Mp 2220D","https://trinatechweb1.base44.app/product?id=4381","Inks & Toner Cartridges","HAS DESCRIPTION","LOW",""
"Ricoh Type 1220D Black Toner Cartridge","https://trinatechweb1.base44.app/product?id=5207","Ricoh Toners","HAS DESCRIPTION","LOW",""
"Ricoh Type 1230D Black Toner Cartridge","https://trinatechweb1.base44.app/product?id=5206","Ricoh Toners","HAS DESCRIPTION","LOW",""
"Riso CV-A4","https://trinatechweb1.base44.app/product?id=9522","Riso Master Rolls & Inks","HAS DESCRIPTION","LOW",""
"Riso Cz 100 Black Ink S-4877","https://trinatechweb1.base44.app/product?id=5348","Riso Master Rolls & Inks","HAS DESCRIPTION","LOW",""
"Riso Cz A4 Master Original For CZ100 (S-7608)","https://trinatechweb1.base44.app/product?id=5278","Master Rolls & Inks","HAS DESCRIPTION","LOW",""
"Riso CZ100 (S-7608 A4 Master Roll Compatible For CZ100)","https://trinatechweb1.base44.app/product?id=5347","Riso Master Rolls & Inks","HAS DESCRIPTION","LOW",""
"Riso DA14 Ink","https://trinatechweb1.base44.app/product?id=9500","Riso Master Rolls & Inks","HAS DESCRIPTION","LOW",""
"Riso DD2434 B4","https://trinatechweb1.base44.app/product?id=9508","Riso Master Rolls & Inks","HAS DESCRIPTION","LOW",""
"Riso DD2434 Ink","https://trinatechweb1.base44.app/product?id=9506","Riso Master Rolls & Inks","HAS DESCRIPTION","LOW",""
"Riso DRC11 A4","https://trinatechweb1.base44.app/product?id=9542","Riso Master Rolls & Inks","HAS DESCRIPTION","LOW",""
"Riso DRC12 B4","https://trinatechweb1.base44.app/product?id=9531","Riso Master Rolls & Inks","HAS DESCRIPTION","LOW",""
"Riso DU04 Ink","https://trinatechweb1.base44.app/product?id=9536","Riso Master Rolls & Inks","HAS DESCRIPTION","LOW",""
"Riso DU04L Ink","https://trinatechweb1.base44.app/product?id=9537","Riso Master Rolls & Inks","HAS DESCRIPTION","LOW",""
"Riso EZ Ink","https://trinatechweb1.base44.app/product?id=9509","Riso Master Rolls & Inks","HAS DESCRIPTION","LOW",""
"Riso EZ-A4","https://trinatechweb1.base44.app/product?id=9523","Riso Master Rolls & Inks","HAS DESCRIPTION","LOW",""
"Riso F-Type II A4","https://trinatechweb1.base44.app/product?id=9524","Riso Master Rolls & Inks","HAS DESCRIPTION","LOW",""
"Riso F-Type II Ink","https://trinatechweb1.base44.app/product?id=9525","Riso Master Rolls & Inks","HAS DESCRIPTION","LOW",""
"Riso JP-12S A4","https://trinatechweb1.base44.app/product?id=9516","Riso Master Rolls & Inks","HAS DESCRIPTION","LOW",""
"Riso JP12 M B4","https://trinatechweb1.base44.app/product?id=9514","Riso Master Rolls & Inks","HAS DESCRIPTION","LOW",""
"Riso Rz Digital Duplicator Original Ink","https://trinatechweb1.base44.app/product?id=5346","Riso Master Rolls & Inks","HAS DESCRIPTION","LOW",""
"Riso Rz Type A4-L Master Standard","https://trinatechweb1.base44.app/product?id=5345","Riso Master Rolls & Inks","HAS DESCRIPTION","LOW",""
"Riso S-7041E A4 Master Roll Digital Duplicator","https://trinatechweb1.base44.app/product?id=5344","Riso Master Rolls & Inks","HAS DESCRIPTION","LOW",""
"Riso S-8113E Ink For Risograph Black 1000ML","https://trinatechweb1.base44.app/product?id=5343","Riso Master Rolls & Inks","HAS DESCRIPTION","LOW",""
"Riso S-8131E Fii Type Duplicator Masters 2 Per Box","https://trinatechweb1.base44.app/product?id=5342","Riso Master Rolls & Inks","HAS DESCRIPTION","LOW",""
"Riso S-8188E A4 Master Roll Fii Type","https://trinatechweb1.base44.app/product?id=5341","Riso Master Rolls & Inks","HAS DESCRIPTION","LOW",""
"Riso SF Ii Ink","https://trinatechweb1.base44.app/product?id=9512","Riso Master Rolls & Inks","HAS DESCRIPTION","LOW",""
"Riso SF-II A3","https://trinatechweb1.base44.app/product?id=9528","Riso Master Rolls & Inks","HAS DESCRIPTION","LOW",""
"Royal 106A Compatible Black Toners Cartridge (W1106A)","https://trinatechweb1.base44.app/product?id=5402","Royal Hp Compatible Toners","HAS DESCRIPTION","LOW",""
"Royal 117A Compatible Toner Each","https://trinatechweb1.base44.app/product?id=5401","Royal Hp Compatible Toners","HAS DESCRIPTION","LOW",""
"Royal 12A Black Compatible (Q2612A)","https://trinatechweb1.base44.app/product?id=5400","Royal Hp Compatible Toners","HAS DESCRIPTION","LOW",""
"Royal 136A Black Compatible Toner Cartridge","https://trinatechweb1.base44.app/product?id=5399","Royal Hp Compatible Toners","HAS DESCRIPTION","LOW",""
"Royal 17A Black Compatible (CF217A)","https://trinatechweb1.base44.app/product?id=5398","Royal Hp Compatible Toners","HAS DESCRIPTION","LOW",""
"Royal 201A Black Compatible (CF400A)","https://trinatechweb1.base44.app/product?id=5397","Royal Hp Compatible Toners","HAS DESCRIPTION","LOW",""
"Royal 201A Cyan Compatible (CF401A)","https://trinatechweb1.base44.app/product?id=5432","Royal Hp Compatible Toners","HAS DESCRIPTION","LOW",""
"Royal 201A Magneta Compatible (CF403A)","https://trinatechweb1.base44.app/product?id=5431","Royal Hp Compatible Toners","HAS DESCRIPTION","LOW",""
"Royal 201A Yellow Compatible (CF402A)","https://trinatechweb1.base44.app/product?id=5430","Royal Hp Compatible Toners","HAS DESCRIPTION","LOW",""
"Royal 203A Cyan Compatible (CF541A)","https://trinatechweb1.base44.app/product?id=5428","Royal Hp Compatible Toners","HAS DESCRIPTION","LOW",""
"Royal 203A Magenta Compatible (CF543A)","https://trinatechweb1.base44.app/product?id=5427","Royal Hp Compatible Toners","HAS DESCRIPTION","LOW",""
"Royal 203A Yellow Compatible (CF542A)","https://trinatechweb1.base44.app/product?id=5426","Royal Hp Compatible Toners","HAS DESCRIPTION","LOW",""
"Royal 26A Black Compatible (CF226A)","https://trinatechweb1.base44.app/product?id=5425","Royal Hp Compatible Toners","HAS DESCRIPTION","LOW",""
"Royal 304A Compatible Toners Each","https://trinatechweb1.base44.app/product?id=5424","Royal Hp Compatible Toners","HAS DESCRIPTION","LOW",""
"Royal 305A Black Compatible (CE410A)","https://trinatechweb1.base44.app/product?id=5423","Royal Hp Compatible Toners","HAS DESCRIPTION","LOW",""
"Royal 305A Cyan Compatible (CE411A)","https://trinatechweb1.base44.app/product?id=5422","Royal Hp Compatible Toners","HAS DESCRIPTION","LOW",""
"Royal 305A Magenta Compatible (CE413A)","https://trinatechweb1.base44.app/product?id=5421","Royal Hp Compatible Toners","HAS DESCRIPTION","LOW",""
"Royal 305A Yellow Compatible (CE412A)","https://trinatechweb1.base44.app/product?id=5420","Royal Hp Compatible Toners","HAS DESCRIPTION","LOW",""
"Royal 410A Yellow Compatible (CF412A)","https://trinatechweb1.base44.app/product?id=5419","Royal Hp Compatible Toners","HAS DESCRIPTION","LOW",""
"Royal 415A Compatible Each Color (W2030/1/2/3)","https://trinatechweb1.base44.app/product?id=5418","Royal Hp Compatible Toners","HAS DESCRIPTION","LOW",""
"Royal 44A Toner","https://trinatechweb1.base44.app/product?id=5023","Royal Toners","HAS DESCRIPTION","LOW",""
"Royal 59A Black Compatible (CF259A)","https://trinatechweb1.base44.app/product?id=5417","Royal Hp Compatible Toners","HAS DESCRIPTION","LOW",""
"Royal 78A Black Compatible (CE278A)","https://trinatechweb1.base44.app/product?id=5416","Royal Hp Compatible Toners","HAS DESCRIPTION","LOW",""
"Royal Compatible 145A","https://trinatechweb1.base44.app/product?id=5412","Royal Hp Compatible Toners","HAS DESCRIPTION","LOW",""
"Royal Compatible 150A","https://trinatechweb1.base44.app/product?id=5411","Royal Hp Compatible Toners","HAS DESCRIPTION","LOW",""
"Royal Compatible 151A","https://trinatechweb1.base44.app/product?id=5410","Royal Hp Compatible Toners","HAS DESCRIPTION","LOW",""
"Royal Compatible 202A","https://trinatechweb1.base44.app/product?id=5409","Royal Hp Compatible Toners","HAS DESCRIPTION","LOW",""
"Royal Compatible 207A","https://trinatechweb1.base44.app/product?id=5408","Royal Hp Compatible Toners","HAS DESCRIPTION","LOW",""
"Royal Compatible 216A","https://trinatechweb1.base44.app/product?id=5406","Royal Hp Compatible Toners","HAS DESCRIPTION","LOW",""
"Royal Compatible 415A  BLACK","https://trinatechweb1.base44.app/product?id=5404","Royal Hp Compatible Toners","HAS DESCRIPTION","LOW",""
"Royal Compatible TK-1282","https://trinatechweb1.base44.app/product?id=5021","Royal Toners","HAS DESCRIPTION","LOW",""
"Royal Premium Epson 103 Ink CMYK","https://trinatechweb1.base44.app/product?id=5283","Master Rolls & Inks","HAS DESCRIPTION","LOW",""
"Royal Superior 106A (W1106A) Laserjet Toner Cartridge","https://trinatechweb1.base44.app/product?id=3558","Inks & Toner Cartridges","HAS DESCRIPTION","LOW",""
"Royal Superior 107A Laserjet Toner Cartridge","https://trinatechweb1.base44.app/product?id=4172","Inks & Toner Cartridges","HAS DESCRIPTION","LOW",""
"Royal Superior 117A Laserjet Toner Cartridge","https://trinatechweb1.base44.app/product?id=4169","Inks & Toner Cartridges","HAS DESCRIPTION","LOW",""
"Royal Superior 125A/128A/131A Laserjet Toner Cartridge","https://trinatechweb1.base44.app/product?id=4193","Inks & Toner Cartridges","HAS DESCRIPTION","LOW",""
"Royal Superior 12A Laserjet Toner Cartridge","https://trinatechweb1.base44.app/product?id=3554","Inks & Toner Cartridges","HAS DESCRIPTION","LOW",""
"Royal Superior 136A Laserjet Toner Cartridge","https://trinatechweb1.base44.app/product?id=4178","Inks & Toner Cartridges","HAS DESCRIPTION","LOW",""
"Royal Superior 147A (W1470A) Laserjet Toner Cartridge","https://trinatechweb1.base44.app/product?id=4181","Inks & Toner Cartridges","HAS DESCRIPTION","LOW",""
"Royal Superior 151A (W1510A) Laserjet Toner Cartridge","https://trinatechweb1.base44.app/product?id=4184","Inks & Toner Cartridges","HAS DESCRIPTION","LOW",""
"Royal Superior 17A Laserjet Toner Cartridge","https://trinatechweb1.base44.app/product?id=4074","Inks & Toner Cartridges","HAS DESCRIPTION","LOW",""
"Royal Superior 19A Laserjet Toner Cartridge","https://trinatechweb1.base44.app/product?id=4120","Inks & Toner Cartridges","HAS DESCRIPTION","LOW",""
"Royal Superior 203A Laserjet Toner Cartridge","https://trinatechweb1.base44.app/product?id=4071","Inks & Toner Cartridges","HAS DESCRIPTION","LOW",""
"Royal Superior 205A Laserjet Toner Cartridge","https://trinatechweb1.base44.app/product?id=4065","Inks & Toner Cartridges","HAS DESCRIPTION","LOW",""
"Royal Superior 206A Laserjet Toner Cartridge","https://trinatechweb1.base44.app/product?id=4202","Inks & Toner Cartridges","HAS DESCRIPTION","LOW",""
"Royal Superior 207A Laserjet Toner Cartridge","https://trinatechweb1.base44.app/product?id=4163","Inks & Toner Cartridges","HAS DESCRIPTION","LOW",""
"Royal Superior 216A Laserjet Toner Cartridge","https://trinatechweb1.base44.app/product?id=4154","Inks & Toner Cartridges","HAS DESCRIPTION","LOW",""
"Royal Superior 26A Laserjet Toner Cartridge","https://trinatechweb1.base44.app/product?id=4142","Inks & Toner Cartridges","HAS DESCRIPTION","LOW",""
"Royal Superior 30A Laserjet Toner Cartridge","https://trinatechweb1.base44.app/product?id=4126","Inks & Toner Cartridges","HAS DESCRIPTION","LOW",""
"Royal Superior 32A Laserjet Toner Cartridge","https://trinatechweb1.base44.app/product?id=4135","Inks & Toner Cartridges","HAS DESCRIPTION","LOW",""
"Royal Superior 36A Laserjet Toner Cartridge","https://trinatechweb1.base44.app/product?id=3545","Inks & Toner Cartridges","HAS DESCRIPTION","LOW",""
"Royal Superior 415A Laserjet Toner Cartridge","https://trinatechweb1.base44.app/product?id=4157","Inks & Toner Cartridges","HAS DESCRIPTION","LOW",""
"Royal Superior 55A Laserjet Toner Cartridge","https://trinatechweb1.base44.app/product?id=3562","Inks & Toner Cartridges","HAS DESCRIPTION","LOW",""
"Royal Superior 59A Laserjet Toner Cartridge","https://trinatechweb1.base44.app/product?id=3533","Inks & Toner Cartridges","HAS DESCRIPTION","LOW",""
"Royal Superior 76A (CF276A) Laserjet Toner Cartridge","https://trinatechweb1.base44.app/product?id=4187","Inks & Toner Cartridges","HAS DESCRIPTION","LOW",""
"Royal Superior 78A Laserjet Toner Cartridge","https://trinatechweb1.base44.app/product?id=3550","Inks & Toner Cartridges","HAS DESCRIPTION","LOW",""
"Royal Superior 79A Laserjet Toner Cartridge","https://trinatechweb1.base44.app/product?id=4148","Inks & Toner Cartridges","HAS DESCRIPTION","LOW",""
"Royal Superior 83A Laserjet Toner Cartridge","https://trinatechweb1.base44.app/product?id=3540","Inks & Toner Cartridges","HAS DESCRIPTION","LOW",""
"Royal Superior 88A Laserjet Toner Cartridge","https://trinatechweb1.base44.app/product?id=3567","Inks & Toner Cartridges","HAS DESCRIPTION","LOW",""
"Royal Superior Laserjet Toner Cartridge 150A","https://trinatechweb1.base44.app/product?id=4540","Inks & Toner Cartridges","HAS DESCRIPTION","LOW",""
"Royal Superior Laserjet Toner Cartridge 202A","https://trinatechweb1.base44.app/product?id=4916","Inks & Toner Cartridges","HAS DESCRIPTION","LOW",""
"Royal Superior Laserjet Toner Cartridge 222A","https://trinatechweb1.base44.app/product?id=4919","Inks & Toner Cartridges","HAS DESCRIPTION","LOW",""
"Royal Superior Laserjet Toner Cartridge 230A","https://trinatechweb1.base44.app/product?id=4922","Inks & Toner Cartridges","HAS DESCRIPTION","LOW",""
"Royal Superior Laserjet Toner Cartridge 85A/35A","https://trinatechweb1.base44.app/product?id=4528","Inks & Toner Cartridges","HAS DESCRIPTION","LOW",""
"Royal Superior Laserjet Toner Cartridge CRG 045/CRG 054/203A/201A","https://trinatechweb1.base44.app/product?id=4925","Inks & Toner Cartridges","HAS DESCRIPTION","LOW",""
"Royal Superior Laserjet Toner Cartridge CRG-070","https://trinatechweb1.base44.app/product?id=4932","Inks & Toner Cartridges","HAS DESCRIPTION","LOW",""
"Royal Superior Laserjet Toner Cartridge TNP60","https://trinatechweb1.base44.app/product?id=4929","Inks & Toner Cartridges","HAS DESCRIPTION","LOW",""
"Royal TK 1110 Original Toner Cartridge","https://trinatechweb1.base44.app/product?id=5051","Royal Toners","HAS DESCRIPTION","LOW",""
"Royal TK 1120 Original Toner Cartridge","https://trinatechweb1.base44.app/product?id=5386","Royal Kyocera Compatible Toners","HAS DESCRIPTION","LOW",""
"Royal TK 1120 Toner Compatible Cartridge","https://trinatechweb1.base44.app/product?id=5385","Royal Kyocera Compatible Toners","HAS DESCRIPTION","LOW",""
"Royal TK 1140 Black Toner Cartridge","https://trinatechweb1.base44.app/product?id=5384","Royal Kyocera Compatible Toners","HAS DESCRIPTION","LOW",""
"Royal TK 1150 Black Toner Cartridge","https://trinatechweb1.base44.app/product?id=5383","Royal Kyocera Compatible Toners","HAS DESCRIPTION","LOW",""
"Royal TK 1150 Compatible Black Toner Cartridge","https://trinatechweb1.base44.app/product?id=5382","Royal Kyocera Compatible Toners","HAS DESCRIPTION","LOW",""
"Royal TK 1160 Black Toner Cartridge","https://trinatechweb1.base44.app/product?id=5381","Royal Kyocera Compatible Toners","HAS DESCRIPTION","LOW",""
"Royal TK 1170 Black Toner Cartridge","https://trinatechweb1.base44.app/product?id=5380","Royal Kyocera Compatible Toners","HAS DESCRIPTION","LOW",""
"Royal TK 1240 Black & TK 1242 Compatible Toner Cartridge","https://trinatechweb1.base44.app/product?id=5018","Royal Toners","HAS DESCRIPTION","LOW",""
"Royal TK 130 Black Toner Cartridge","https://trinatechweb1.base44.app/product?id=5017","Royal Toners","HAS DESCRIPTION","LOW",""
"Royal TK 170 Black Toner Cartridge","https://trinatechweb1.base44.app/product?id=5016","Royal Toners","HAS DESCRIPTION","LOW",""
"Royal TK 3060 Black Toner Cartridge","https://trinatechweb1.base44.app/product?id=5050","Royal Toners","HAS DESCRIPTION","LOW",""
"Royal TK 3060 Compatible Black Toner Cartridge","https://trinatechweb1.base44.app/product?id=5049","Royal Toners","HAS DESCRIPTION","LOW",""
"Royal TK 3100 Black Compatible Toner Cartridge","https://trinatechweb1.base44.app/product?id=5015","Royal Toners","HAS DESCRIPTION","LOW",""
"Royal TK 3130 Compatible Black Toner Cartridge","https://trinatechweb1.base44.app/product?id=5014","Royal Toners","HAS DESCRIPTION","LOW",""
"Royal TK 3150 Black Toner Cartridge","https://trinatechweb1.base44.app/product?id=5379","Royal Kyocera Compatible Toners","HAS DESCRIPTION","LOW",""
"Royal TK 3150 Compatible Black Toner Cartridge","https://trinatechweb1.base44.app/product?id=5378","Royal Kyocera Compatible Toners","HAS DESCRIPTION","LOW",""
"Royal TK 3300Black Toner Cartridge","https://trinatechweb1.base44.app/product?id=5013","Royal Toners","HAS DESCRIPTION","LOW",""
"Royal TK 340 Black Toner Laser Cartridge","https://trinatechweb1.base44.app/product?id=5396","Royal Kyocera Compatible Toners","HAS DESCRIPTION","LOW",""
"Royal TK 410 Compatible Black Toner Cartridge","https://trinatechweb1.base44.app/product?id=5377","Royal Kyocera Compatible Toners","HAS DESCRIPTION","LOW",""
"Royal TK 410/435 Black Toner Cartridge","https://trinatechweb1.base44.app/product?id=5012","Royal Toners","HAS DESCRIPTION","LOW",""
"Royal TK 4105 Compatible Black Toner Cartridge","https://trinatechweb1.base44.app/product?id=5375","Royal Kyocera Compatible Toners","HAS DESCRIPTION","LOW",""
"Royal TK 4145 Compatible Black Toner Cartridge","https://trinatechweb1.base44.app/product?id=5011","Royal Toners","HAS DESCRIPTION","LOW",""
"Royal TK 4175 Black Compatible Toner","https://trinatechweb1.base44.app/product?id=5009","Royal Toners","HAS DESCRIPTION","LOW",""
"Royal TK 435 Black Toner Cartridge","https://trinatechweb1.base44.app/product?id=5008","Royal Toners","HAS DESCRIPTION","LOW",""
"Royal TK 435 Compatible Black Toner Cartridge","https://trinatechweb1.base44.app/product?id=5007","Royal Toners","HAS DESCRIPTION","LOW",""
"Royal TK 475 Black Toner Cartridge","https://trinatechweb1.base44.app/product?id=5006","Royal Toners","HAS DESCRIPTION","LOW",""
"Royal TK 475 Compatible Black Toner Cartridge","https://trinatechweb1.base44.app/product?id=5005","Royal Toners","HAS DESCRIPTION","LOW",""
"Royal TK 5135 Toners Cymk Cartridges Each","https://trinatechweb1.base44.app/product?id=5004","Royal Toners","HAS DESCRIPTION","LOW",""
"Royal TK 5140 Toner Cartridge Each","https://trinatechweb1.base44.app/product?id=5003","Royal Toners","HAS DESCRIPTION","LOW",""
"Royal TK 5150 Compatible Toner Cartridge Each","https://trinatechweb1.base44.app/product?id=5048","Royal Toners","HAS DESCRIPTION","LOW",""
"Royal TK 5230 Colors Cym Compatible Toners Each","https://trinatechweb1.base44.app/product?id=5374","Royal Kyocera Compatible Toners","HAS DESCRIPTION","LOW",""
"Royal TK 5230 Genuine Toner Cartridge Each","https://trinatechweb1.base44.app/product?id=5395","Royal Kyocera Compatible Toners","HAS DESCRIPTION","LOW",""
"Royal TK 5230K Compatible Black Toner","https://trinatechweb1.base44.app/product?id=5373","Royal Kyocera Compatible Toners","HAS DESCRIPTION","LOW",""
"Royal TK 5240 Genuine Toner Cartridges Each","https://trinatechweb1.base44.app/product?id=5002","Royal Toners","HAS DESCRIPTION","LOW",""
"Royal TK 5270 Black Toner Cartridge","https://trinatechweb1.base44.app/product?id=5372","Royal Kyocera Compatible Toners","HAS DESCRIPTION","LOW",""
"Royal TK 5270 Cmy Toner Cartridge Each","https://trinatechweb1.base44.app/product?id=5371","Royal Kyocera Compatible Toners","HAS DESCRIPTION","LOW",""
"Royal TK 5270 Compatible Black Toner Cartridge Each","https://trinatechweb1.base44.app/product?id=5370","Royal Kyocera Compatible Toners","HAS DESCRIPTION","LOW",""
"Royal TK 5280 Black Toner Cartridge","https://trinatechweb1.base44.app/product?id=5369","Royal Kyocera Compatible Toners","HAS DESCRIPTION","LOW",""
"Royal TK 5280 Compatible Toner Each","https://trinatechweb1.base44.app/product?id=5368","Royal Kyocera Compatible Toners","HAS DESCRIPTION","LOW",""
"Royal TK 5280 Cym Color Toner Each","https://trinatechweb1.base44.app/product?id=5367","Royal Kyocera Compatible Toners","HAS DESCRIPTION","LOW",""
"Royal TK 5370 Black Toner Cartridge","https://trinatechweb1.base44.app/product?id=5001","Royal Toners","HAS DESCRIPTION","LOW",""
"Royal TK 5370 Compatible Toner Cartridge","https://trinatechweb1.base44.app/product?id=5000","Royal Toners","HAS DESCRIPTION","LOW",""
"Royal TK 5370 Cym Toner Cartridge Each","https://trinatechweb1.base44.app/product?id=4999","Royal Toners","HAS DESCRIPTION","LOW",""
"Royal TK 590 Compatible Toner Cartridges Each","https://trinatechweb1.base44.app/product?id=5394","Royal Kyocera Compatible Toners","HAS DESCRIPTION","LOW",""
"Royal TK 590 Toner Cartridges Each","https://trinatechweb1.base44.app/product?id=4998","Royal Toners","HAS DESCRIPTION","LOW",""
"Royal TK 6115 Compatible Black Toner Cartridge","https://trinatechweb1.base44.app/product?id=5365","Royal Kyocera Compatible Toners","HAS DESCRIPTION","LOW",""
"Royal TK 6305 Black Toner Cartridge","https://trinatechweb1.base44.app/product?id=5047","Royal Toners","HAS DESCRIPTION","LOW",""
"Royal TK 6305 Compatible Black Toner Cartridge","https://trinatechweb1.base44.app/product?id=5046","Royal Toners","HAS DESCRIPTION","LOW",""
"Royal TK 6325 Toner Taskalfa 4002I 5002I 5003I 6002I","https://trinatechweb1.base44.app/product?id=5364","Royal Kyocera Compatible Toners","HAS DESCRIPTION","LOW",""
"Royal TK 6345 Black Toner","https://trinatechweb1.base44.app/product?id=4997","Royal Toners","HAS DESCRIPTION","LOW",""
"Royal TK 6705 Black Toner Cartridge","https://trinatechweb1.base44.app/product?id=5045","Royal Toners","HAS DESCRIPTION","LOW",""
"Royal TK 6725 Toner Cartridge","https://trinatechweb1.base44.app/product?id=4996","Royal Toners","HAS DESCRIPTION","LOW",""
"Royal TK 675 Black Toner Cartridge","https://trinatechweb1.base44.app/product?id=4995","Royal Toners","HAS DESCRIPTION","LOW",""
"Royal TK 675 Compatible Black Toner Cartridge","https://trinatechweb1.base44.app/product?id=5044","Royal Toners","HAS DESCRIPTION","LOW",""
"Royal TK 685 Black Toner Cartridge","https://trinatechweb1.base44.app/product?id=5043","Royal Toners","HAS DESCRIPTION","LOW",""
"Royal TK 7105 Compatible Black Toner Cartridge","https://trinatechweb1.base44.app/product?id=5362","Royal Kyocera Compatible Toners","HAS DESCRIPTION","LOW",""
"Royal TK 7125 Black Toner","https://trinatechweb1.base44.app/product?id=5042","Royal Toners","HAS DESCRIPTION","LOW",""
"Royal TK 715 Black Toner Cartridge","https://trinatechweb1.base44.app/product?id=4994","Royal Toners","HAS DESCRIPTION","LOW",""
"Royal TK 715 Compatible Black Toner","https://trinatechweb1.base44.app/product?id=4993","Royal Toners","HAS DESCRIPTION","LOW",""
"Royal TK 7205 Black Toner Cartridge","https://trinatechweb1.base44.app/product?id=5361","Royal Kyocera Compatible Toners","HAS DESCRIPTION","LOW",""
"Royal TK 7205 Compatible Black Toner Cartridge","https://trinatechweb1.base44.app/product?id=5360","Royal Kyocera Compatible Toners","HAS DESCRIPTION","LOW",""
"Royal TK 7225 Black Toner","https://trinatechweb1.base44.app/product?id=5041","Royal Toners","HAS DESCRIPTION","LOW",""
"Royal TK 7225 Compatible Black Toner","https://trinatechweb1.base44.app/product?id=5040","Royal Toners","HAS DESCRIPTION","LOW",""
"Royal TK 7235 Black Toner Cartridge","https://trinatechweb1.base44.app/product?id=4992","Royal Toners","HAS DESCRIPTION","LOW",""
"Royal TK 7235 Compatible Black Toner Cartridge","https://trinatechweb1.base44.app/product?id=4991","Royal Toners","HAS DESCRIPTION","LOW",""
"Royal TK 8115 Compatible Toner Cartridge Each","https://trinatechweb1.base44.app/product?id=5039","Royal Toners","HAS DESCRIPTION","LOW",""
"Royal TK 8115 Toner Cartridge Each","https://trinatechweb1.base44.app/product?id=5038","Royal Toners","HAS DESCRIPTION","LOW",""
"Royal TK 8305 Black Toner Cartridge","https://trinatechweb1.base44.app/product?id=5037","Royal Toners","HAS DESCRIPTION","LOW",""
"Royal TK 8305 Compatible Toners Each","https://trinatechweb1.base44.app/product?id=4990","Royal Toners","HAS DESCRIPTION","LOW",""
"Royal TK 8305 Cym Black Toner Each","https://trinatechweb1.base44.app/product?id=5036","Royal Toners","HAS DESCRIPTION","LOW",""
"Royal TK 8325 Black Toner Cartridge","https://trinatechweb1.base44.app/product?id=5035","Royal Toners","HAS DESCRIPTION","LOW",""
"Royal TK 8325 Cmy Cartridge","https://trinatechweb1.base44.app/product?id=5034","Royal Toners","HAS DESCRIPTION","LOW",""
"Royal TK 8335  black Each Toner Cartridge","https://trinatechweb1.base44.app/product?id=5033","Royal Toners","HAS DESCRIPTION","LOW",""
"Royal TK 8345 Cym Color Toner Cartridge","https://trinatechweb1.base44.app/product?id=5031","Royal Toners","HAS DESCRIPTION","LOW",""
"Royal TK 8345K Black Toner Cartridge","https://trinatechweb1.base44.app/product?id=5030","Royal Toners","HAS DESCRIPTION","LOW",""
"Royal TK 8365 Compatible Black Toner","https://trinatechweb1.base44.app/product?id=4989","Royal Toners","HAS DESCRIPTION","LOW",""
"Royal TK 8375 Color Toners Cmy Each","https://trinatechweb1.base44.app/product?id=4988","Royal Toners","HAS DESCRIPTION","LOW",""
"Royal TK 8375K Black Toner","https://trinatechweb1.base44.app/product?id=4987","Royal Toners","HAS DESCRIPTION","LOW",""
"Royal TK 8505 Compatible Toner Cartridge Each","https://trinatechweb1.base44.app/product?id=5393","Royal Kyocera Compatible Toners","HAS DESCRIPTION","LOW",""
"Royal TK 8505 Toner Cartridge Each","https://trinatechweb1.base44.app/product?id=5392","Royal Kyocera Compatible Toners","HAS DESCRIPTION","LOW",""
"Royal TK 8515C Cyan Cartridge","https://trinatechweb1.base44.app/product?id=5390","Royal Kyocera Compatible Toners","HAS DESCRIPTION","LOW",""
"Royal TK 8515K Black Cartridge","https://trinatechweb1.base44.app/product?id=5389","Royal Kyocera Compatible Toners","HAS DESCRIPTION","LOW",""
"Royal TK 8515M Magenta Cartridge","https://trinatechweb1.base44.app/product?id=5388","Royal Kyocera Compatible Toners","HAS DESCRIPTION","LOW",""
"Royal TK 8525 Cmy Toner Each","https://trinatechweb1.base44.app/product?id=5029","Royal Toners","HAS DESCRIPTION","LOW",""
"Royal Toner Cartridge 070","https://trinatechweb1.base44.app/product?id=4986","Royal Toners","HAS DESCRIPTION","LOW",""
"Royal Toner Cartridge 4521","https://trinatechweb1.base44.app/product?id=4984","Royal Toners","HAS DESCRIPTION","LOW",""
"Royal Toner Cartridge 85A/35A Black","https://trinatechweb1.base44.app/product?id=4983","Royal Toners","HAS DESCRIPTION","LOW",""
"Royal Toner Cartridge 90A/64A","https://trinatechweb1.base44.app/product?id=4982","Royal Toners","HAS DESCRIPTION","LOW",""
"Royal Toner Cartridge SP230","https://trinatechweb1.base44.app/product?id=4981","Royal Toners","HAS DESCRIPTION","LOW",""
"Royal Toner Refill Powder","https://trinatechweb1.base44.app/product?id=4979","Royal Toners","HAS DESCRIPTION","LOW",""
"Rz/Rv B4 Digital Duplicator Master Paper For Rz 220","https://trinatechweb1.base44.app/product?id=5340","Riso Master Rolls & Inks","HAS DESCRIPTION","LOW",""
"Samsung CLT-406S Toner Cartridge","https://trinatechweb1.base44.app/product?id=9559","Inks & Toner Cartridges","HAS DESCRIPTION","LOW",""
"Samsung MLT-D101S Black Toner Cartridge","https://trinatechweb1.base44.app/product?id=4310","Inks & Toner Cartridges","HAS DESCRIPTION","LOW",""
"Samsung MLT-D103L Black Toner Cartridge","https://trinatechweb1.base44.app/product?id=4320","Inks & Toner Cartridges","HAS DESCRIPTION","LOW",""
"Samsung MLT-D104S Toner Cartridge","https://trinatechweb1.base44.app/product?id=9518","Inks & Toner Cartridges","HAS DESCRIPTION","LOW",""
"Samsung MLT-D105S Black Toner Cartridge","https://trinatechweb1.base44.app/product?id=4307","Inks & Toner Cartridges","HAS DESCRIPTION","LOW",""
"Samsung MLT-D108S Black Toner Cartridge","https://trinatechweb1.base44.app/product?id=4304","Inks & Toner Cartridges","HAS DESCRIPTION","LOW",""
"Samsung MLT-D109S Black Toner Cartridge","https://trinatechweb1.base44.app/product?id=4323","Inks & Toner Cartridges","HAS DESCRIPTION","LOW",""
"Samsung MLT-D111S Black Toner Cartridge","https://trinatechweb1.base44.app/product?id=4313","Inks & Toner Cartridges","HAS DESCRIPTION","LOW",""
"Samsung MLT-D116S Toner Cartridge","https://trinatechweb1.base44.app/product?id=9563","Inks & Toner Cartridges","HAS DESCRIPTION","LOW",""
"Samsung MLT-D203S Black Toner Cartridge","https://trinatechweb1.base44.app/product?id=4326","Inks & Toner Cartridges","HAS DESCRIPTION","LOW",""
"Samsung MLT-D305L Black Toner Cartridge","https://trinatechweb1.base44.app/product?id=4317","Inks & Toner Cartridges","HAS DESCRIPTION","LOW",""
"Samsung SCX-4200 Toner Cartridge","https://trinatechweb1.base44.app/product?id=9571","Inks & Toner Cartridges","HAS DESCRIPTION","LOW",""
"Sharp 202","https://trinatechweb1.base44.app/product?id=5205","Sharp Toners","HAS DESCRIPTION","LOW",""
"Sharp Ar 021","https://trinatechweb1.base44.app/product?id=5204","Sharp Toners","HAS DESCRIPTION","LOW",""
"Sharp Ar 27 Ft","https://trinatechweb1.base44.app/product?id=5203","Sharp Toners","HAS DESCRIPTION","LOW",""
"Sharp Ar 310","https://trinatechweb1.base44.app/product?id=5202","Sharp Toners","HAS DESCRIPTION","LOW",""
"Sharp Ar 312","https://trinatechweb1.base44.app/product?id=5201","Sharp Toners","HAS DESCRIPTION","LOW",""
"Sharp Ar 450","https://trinatechweb1.base44.app/product?id=5200","Sharp Toners","HAS DESCRIPTION","LOW",""
"Sharp AR-016FT Black Toner Cartridge","https://trinatechweb1.base44.app/product?id=5197","Sharp Toners","HAS DESCRIPTION","LOW",""
"Sharp AR-201/202FT Black Toner Cartridge","https://trinatechweb1.base44.app/product?id=5196","Sharp Toners","HAS DESCRIPTION","LOW",""
"Sharp AR-310FT Toner Cartridge","https://trinatechweb1.base44.app/product?id=4412","Inks & Toner Cartridges","HAS DESCRIPTION","LOW",""
"Sharp AR-450FT Toner Cartridge","https://trinatechweb1.base44.app/product?id=4409","Inks & Toner Cartridges","HAS DESCRIPTION","LOW",""
"Sharp Ar/Mx 500FT Black Toner Cartridge","https://trinatechweb1.base44.app/product?id=5199","Sharp Toners","HAS DESCRIPTION","LOW",""
"Sharp Ar/Mx 560FT Black Toner Cartridge","https://trinatechweb1.base44.app/product?id=5198","Sharp Toners","HAS DESCRIPTION","LOW",""
"Sharp Mx 235 Ft","https://trinatechweb1.base44.app/product?id=5195","Sharp Toners","HAS DESCRIPTION","LOW",""
"Sharp Mx 235/236FT Black Ar Toner Cartridge","https://trinatechweb1.base44.app/product?id=5194","Sharp Toners","HAS DESCRIPTION","LOW",""
"Sharp Mx 237","https://trinatechweb1.base44.app/product?id=5193","Sharp Toners","HAS DESCRIPTION","LOW",""
"Sharp Mx 238 Ft","https://trinatechweb1.base44.app/product?id=5192","Sharp Toners","HAS DESCRIPTION","LOW",""
"Sharp Mx 500","https://trinatechweb1.base44.app/product?id=5191","Sharp Toners","HAS DESCRIPTION","LOW",""
"Sharp Mx 560/561/460","https://trinatechweb1.base44.app/product?id=5190","Sharp Toners","HAS DESCRIPTION","LOW",""
"Sharp MX-235FT Toner Cartridge","https://trinatechweb1.base44.app/product?id=4415","Inks & Toner Cartridges","HAS DESCRIPTION","LOW",""
"Sharp MX-236FT Toner Cartridge","https://trinatechweb1.base44.app/product?id=9570","Sharp Toners","HAS DESCRIPTION","LOW",""
"Sharp MX-237FT Toner Cartridge","https://trinatechweb1.base44.app/product?id=4421","Inks & Toner Cartridges","HAS DESCRIPTION","LOW",""
"Sharp MX-238FT Toner Cartridge","https://trinatechweb1.base44.app/product?id=4418","Inks & Toner Cartridges","HAS DESCRIPTION","LOW",""
"Sharp MX-23FT-BA Black Toner Cartridge","https://trinatechweb1.base44.app/product?id=5189","Sharp Toners","HAS DESCRIPTION","LOW",""
"Sharp MX-23FT-CA (Cyan) Ma (Magenta) Ya (Yellow) Toners Each","https://trinatechweb1.base44.app/product?id=5188","Sharp Toners","HAS DESCRIPTION","LOW",""
"Sharp MX-312FT Black Toner Cartridge","https://trinatechweb1.base44.app/product?id=5187","Sharp Toners","HAS DESCRIPTION","LOW",""
"Sharp MX-561NT Compatible Toner Cartridge","https://trinatechweb1.base44.app/product?id=5186","Sharp Toners","HAS DESCRIPTION","LOW",""
"Ta 1800 Cleaning Blade","https://trinatechweb1.base44.app/product?id=5241","Maintenance Kits & Spare Parts","HAS DESCRIPTION","LOW",""
"Ta 1800 Fuser Roller","https://trinatechweb1.base44.app/product?id=5240","Maintenance Kits & Spare Parts","HAS DESCRIPTION","LOW",""
"Taskalfa 1800 Drum","https://trinatechweb1.base44.app/product?id=5239","Maintenance Kits & Spare Parts","HAS DESCRIPTION","LOW",""
"Teflon Fuser Film Sleeve For HP Laserjet 1102/1020/1018 Printers","https://trinatechweb1.base44.app/product?id=3582","Printer Parts","HAS DESCRIPTION","LOW",""
"Teflon Fuser Film Sleeve For HP Laserjet 2050/PRO 400 Printers","https://trinatechweb1.base44.app/product?id=3586","Printer Parts","HAS DESCRIPTION","LOW",""
"Teflon Sleeve","https://trinatechweb1.base44.app/product?id=5238","Maintenance Kits & Spare Parts","HAS DESCRIPTION","LOW",""
"TN-221 Compatible Toners Each","https://trinatechweb1.base44.app/product?id=5272","Brother Toners","HAS DESCRIPTION","LOW",""
"TN-221 Toner Cartridge Each","https://trinatechweb1.base44.app/product?id=5271","Brother Toners","HAS DESCRIPTION","LOW",""
"TN-321 Bizhub C224, 284, 364E C224E","https://trinatechweb1.base44.app/product?id=5269","Brother Toners","HAS DESCRIPTION","LOW",""
"TN210 Toner Cartridge Each","https://trinatechweb1.base44.app/product?id=5274","Brother Toners","HAS DESCRIPTION","LOW",""
"TN216 Tonr Original Cartridge Each","https://trinatechweb1.base44.app/product?id=5273","Brother Toners","HAS DESCRIPTION","LOW",""
"TN319 Toner Cartridge Each","https://trinatechweb1.base44.app/product?id=5270","Brother Toners","HAS DESCRIPTION","LOW",""
"TN321 Toner Cartridge Each","https://trinatechweb1.base44.app/product?id=5268","Brother Toners","HAS DESCRIPTION","LOW",""
"TN323 Black Toner Cartridge","https://trinatechweb1.base44.app/product?id=5267","Brother Toners","HAS DESCRIPTION","LOW",""
"TN323 Compatible Toner Cartridge","https://trinatechweb1.base44.app/product?id=5266","Brother Toners","HAS DESCRIPTION","LOW",""
"TN324/TN512 Compatible Toner Each","https://trinatechweb1.base44.app/product?id=5265","Brother Toners","HAS DESCRIPTION","LOW",""
"TN324/TN512 Toner Cartridge Each","https://trinatechweb1.base44.app/product?id=5264","Brother Toners","HAS DESCRIPTION","LOW",""
"Toshiba 1TB Canvio Basics Portable External Hard Drive","https://trinatechweb1.base44.app/product?id=4035","Computers & Computer Accessories > External Hard Disks","HAS DESCRIPTION","LOW",""
"Toshiba 2TB Canvio Basics Portable External Hard Drive","https://trinatechweb1.base44.app/product?id=4032","Computers & Computer Accessories > External Hard Disks","HAS DESCRIPTION","LOW",""
"Toshiba T-2323P Toner Cartridge","https://trinatechweb1.base44.app/product?id=9586","Toshiba Toners","HAS DESCRIPTION","LOW",""
"Toshiba T-2507P Toner Cartridge","https://trinatechweb1.base44.app/product?id=4978","Toshiba Toners","HAS DESCRIPTION","LOW",""
"Toshiba T-5070P Black Toner Cartridge","https://trinatechweb1.base44.app/product?id=4976","Toshiba Toners","HAS DESCRIPTION","LOW",""
"Toshiba T-5070P Compatible Black Toner Cartridge","https://trinatechweb1.base44.app/product?id=4975","Toshiba Toners","HAS DESCRIPTION","LOW",""
"Toshiba T-5070U Toner Cartridge E-Studio","https://trinatechweb1.base44.app/product?id=4974","Toshiba Toners","HAS DESCRIPTION","LOW",""
"Toshiba T3008P Black Toner Cartridge","https://trinatechweb1.base44.app/product?id=4977","Toshiba Toners","HAS DESCRIPTION","LOW",""
"Toshiba Toner T-2320D E Studio 230/232/280/200L","https://trinatechweb1.base44.app/product?id=4973","Toshiba Toners","HAS DESCRIPTION","LOW",""
"Transcend 1TB Portable External Hard Disk","https://trinatechweb1.base44.app/product?id=4041","Computers & Computer Accessories > External Hard Disks","HAS DESCRIPTION","LOW",""
"Transcend 2TB Portable External Hard Disk","https://trinatechweb1.base44.app/product?id=4038","Computers & Computer Accessories > External Hard Disks","HAS DESCRIPTION","LOW",""
