id	title	description	link	image_link	availability	price	brand	condition	google_product_category	product_type	identifier_exists
4051	Apc Back-Ups 650VA	The APC Back-UPS 650VA is an efficient and affordable solution for protecting your essential electronics from power disruptions. With a 650VA power capacity, this uninterruptible…	https://trinatechtonersandprinters.co.ke/product?id=4051	https://old.trinatechtonersandprinters.co.ke/wp-content/uploads/2025/01/APC-UPS-650VA.png	in stock	12000 KES	APC	new		Computers & Computer Accessories > External Hard Disks	no
3473	Asus X515 Celeron 4GB/256SSD/15.6 Laptop	The ASUS X515 Celeron 4GB/256SSD/15.6 Laptop is designed to deliver dependable performance for everyday tasks, making it the perfect choice for students, home users, and light…	https://trinatechtonersandprinters.co.ke/product?id=3473	https://old.trinatechtonersandprinters.co.ke/wp-content/uploads/2024/12/ASUS-Laptop-X515.png	in stock	39000 KES	Asus	new		Laptops	no
3475	Asus X543U Core I5 8GB1TB15.6WIN 10 Laptop	The ASUS X543U Core i5 8GB/1TB/15.6"/Win 10 Laptop combines performance, storage, and a large display into one affordable and powerful device. Equipped with an Intel Core i5…	https://trinatechtonersandprinters.co.ke/product?id=3475	https://old.trinatechtonersandprinters.co.ke/wp-content/uploads/2024/12/Asus-X543U-Laptop.png	in stock	63000 KES	Asus	new		Laptops	no
5559	Brother BT-D60 BK Black High Yield Ink Bottle	BROTHER BT-D60 BK BLACK HIGH YIELD INK BOTTLE	https://trinatechtonersandprinters.co.ke/product?id=5559	https://old.trinatechtonersandprinters.co.ke/wp-content/uploads/2026/02/Brother-BT-D60-BK-Black-High-Yield-Ink-Bottle.webp	in stock	1700 KES	Brother	new	Electronics > Print, Copy, Scan & Fax > Printer, Copier & Fax Machine Accessories > Toner & Inkjet Cartridges	Brother Toners	no
5561	Brother BT5000C BT5000Y BT5000M Inks Each	Brother BT5000C BT5000Y BT5000M INKS EACH	https://trinatechtonersandprinters.co.ke/product?id=5561	https://old.trinatechtonersandprinters.co.ke/wp-content/uploads/2026/02/BROTHER-Bt5000C-Bt5000Y-Bt5000M-Inks-Each.webp	in stock	1700 KES	Brother	new	Electronics > Print, Copy, Scan & Fax > Printer, Copier & Fax Machine Accessories > Toner & Inkjet Cartridges	Brother Toners	no
5560	Brother BT6000BK Ink Bottle Black	BROTHER BT6000BK INK BOTTLE BLACK	https://trinatechtonersandprinters.co.ke/product?id=5560	https://old.trinatechtonersandprinters.co.ke/wp-content/uploads/2026/02/Brother-BT6000BK-Ink-Bottle-Black.webp	in stock	1700 KES	Brother	new	Electronics > Print, Copy, Scan & Fax > Printer, Copier & Fax Machine Accessories > Toner & Inkjet Cartridges	Brother Toners	no
5558	Brother DR-2305 Drum Unit	BROTHER DR-2305 DRUM UNIT	https://trinatechtonersandprinters.co.ke/product?id=5558	https://old.trinatechtonersandprinters.co.ke/wp-content/uploads/2026/02/Brother-DR-2305-Drum-Unit.webp	in stock	3500 KES	Brother	new	Electronics > Print, Copy, Scan & Fax > Printer, Copier & Fax Machine Accessories > Toner & Inkjet Cartridges	Brother Toners	no
5357	Brother LC3717 Black Ink Cartridges	BROTHER LC3717 BLACK INK CARTRIDGES	https://trinatechtonersandprinters.co.ke/product?id=5357	https://old.trinatechtonersandprinters.co.ke/wp-content/uploads/2026/02/Brother-LC3717-Black-Ink-Cartridges.webp	in stock	3000 KES	Brother	new	Electronics > Print, Copy, Scan & Fax > Printer, Copier & Fax Machine Accessories > Toner & Inkjet Cartridges	Brother Inks Cartridges	no
5356	Brother LC3717C Cyan Ink Cartridges	BROTHER LC3717C CYAN INK CARTRIDGES	https://trinatechtonersandprinters.co.ke/product?id=5356	https://old.trinatechtonersandprinters.co.ke/wp-content/uploads/2026/02/Brother-LC3717C-Cyan-Ink-Cartridges.webp	in stock	3000 KES	Brother	new	Electronics > Print, Copy, Scan & Fax > Printer, Copier & Fax Machine Accessories > Toner & Inkjet Cartridges	Brother Inks Cartridges	no
5355	Brother LC3717M Magneta Ink Cartridges	BROTHER LC3717M MAGNETA INK CARTRIDGES	https://trinatechtonersandprinters.co.ke/product?id=5355	https://old.trinatechtonersandprinters.co.ke/wp-content/uploads/2026/02/Brother-LC3717M-Magneta-Ink-Cartridges.webp	in stock	3000 KES	Brother	new	Electronics > Print, Copy, Scan & Fax > Printer, Copier & Fax Machine Accessories > Toner & Inkjet Cartridges	Brother Inks Cartridges	no
5354	Brother LC3717Y Yellow Ink Cartridges	BROTHER LC3717Y YELLOW INK CARTRIDGES	https://trinatechtonersandprinters.co.ke/product?id=5354	https://old.trinatechtonersandprinters.co.ke/wp-content/uploads/2026/02/Brother-LC3717Y-Yellow-Ink-Cartridges.webp	in stock	3000 KES	Brother	new	Electronics > Print, Copy, Scan & Fax > Printer, Copier & Fax Machine Accessories > Toner & Inkjet Cartridges	Brother Inks Cartridges	no
5353	Brother LC3719XL Black Ink Cartridges	BROTHER LC3719XL BLACK INK CARTRIDGES	https://trinatechtonersandprinters.co.ke/product?id=5353	https://old.trinatechtonersandprinters.co.ke/wp-content/uploads/2026/02/Brother-LC3719XL-Black-Ink-Cartridges.webp	in stock	3000 KES	Brother	new	Electronics > Print, Copy, Scan & Fax > Printer, Copier & Fax Machine Accessories > Toner & Inkjet Cartridges	Brother Inks Cartridges	no
5352	Brother LC3719XL Cyan Ink Cartridges	BROTHER LC3719XL CYAN INK CARTRIDGES	https://trinatechtonersandprinters.co.ke/product?id=5352	https://old.trinatechtonersandprinters.co.ke/wp-content/uploads/2026/02/Brother-LC3719XL-Cyan-Ink-Cartridges.webp	in stock	3000 KES	Brother	new	Electronics > Print, Copy, Scan & Fax > Printer, Copier & Fax Machine Accessories > Toner & Inkjet Cartridges	Brother Inks Cartridges	no
5351	Brother LC3719XL Magenta Ink Cartridges	BROTHER LC3719XL MAGENTA INK CARTRIDGES	https://trinatechtonersandprinters.co.ke/product?id=5351	https://old.trinatechtonersandprinters.co.ke/wp-content/uploads/2026/02/Brother-LC3719XL-Magenta-Ink-Cartridges.webp	in stock	3000 KES	Brother	new	Electronics > Print, Copy, Scan & Fax > Printer, Copier & Fax Machine Accessories > Toner & Inkjet Cartridges	Brother Inks Cartridges	no
5350	Brother LC3719XL Yellow Ink Cartridges	BROTHER LC3719XL YELLOW INK CARTRIDGES	https://trinatechtonersandprinters.co.ke/product?id=5350	https://old.trinatechtonersandprinters.co.ke/wp-content/uploads/2026/02/Brother-LC3719XL-Yellow-Ink-Cartridges.webp	in stock	3000 KES	Brother	new	Electronics > Print, Copy, Scan & Fax > Printer, Copier & Fax Machine Accessories > Toner & Inkjet Cartridges	Brother Inks Cartridges	no
4967	Brother TN-1000 Black Toner Cartridge	BROTHER TN-1000 BLACK TONER CARTRIDGE	https://trinatechtonersandprinters.co.ke/product?id=4967	https://old.trinatechtonersandprinters.co.ke/wp-content/uploads/2026/02/Brother-TN-1000-Black-Toner-Cartridge.webp	in stock	2500 KES	Brother	new	Electronics > Print, Copy, Scan & Fax > Printer, Copier & Fax Machine Accessories > Toner & Inkjet Cartridges	Brother Toners	no
5557	Brother TN-2130 Black Toner Cartridge	BROTHER TN-2130 BLACK TONER CARTRIDGE	https://trinatechtonersandprinters.co.ke/product?id=5557	https://old.trinatechtonersandprinters.co.ke/wp-content/uploads/2026/02/Brother-TN-2130-Black-Toner-Cartridge.webp	in stock	3500 KES	Brother	new	Electronics > Print, Copy, Scan & Fax > Printer, Copier & Fax Machine Accessories > Toner & Inkjet Cartridges	Brother Toners	no
4968	Brother TN-2280 Black Toner Cartridge	BROTHER TN-2280 BLACK TONER CARTRIDGE	https://trinatechtonersandprinters.co.ke/product?id=4968	https://old.trinatechtonersandprinters.co.ke/wp-content/uploads/2026/02/Brother-TN-2280-Black-Toner-Cartridge.webp	in stock	3500 KES	Brother	new	Electronics > Print, Copy, Scan & Fax > Printer, Copier & Fax Machine Accessories > Toner & Inkjet Cartridges	Brother Toners	no
4969	Brother TN-2305 Black Toner Cartridge	BROTHER TN-2305 BLACK TONER CARTRIDGE	https://trinatechtonersandprinters.co.ke/product?id=4969	https://old.trinatechtonersandprinters.co.ke/wp-content/uploads/2026/02/Brother-TN-2305-Black-Toner-Cartridge.webp	in stock	3500 KES	Brother	new	Electronics > Print, Copy, Scan & Fax > Printer, Copier & Fax Machine Accessories > Toner & Inkjet Cartridges	Brother Toners	no
4395	Brother TN-2350 Black Toner Cartridge	Compatible with: Brother HL-L2300D HL-L2305W HL-L2340DW HL-L2365DW HL-L2380DW MFC-L2700DW MFC-L2703DW MFC-L2720DW MFC-L2740DW	https://trinatechtonersandprinters.co.ke/product?id=4395	https://old.trinatechtonersandprinters.co.ke/wp-content/uploads/2025/01/Brother-TN-2350-Toner.png	in stock	11000 KES	Brother	new	Electronics > Print, Copy, Scan & Fax > Printer, Copier & Fax Machine Accessories > Toner & Inkjet Cartridges	Inks & Toner Cartridges	no
5556	Brother TN-2355 Black Toner Cartridge	BROTHER TN-2355 BLACK TONER CARTRIDGE	https://trinatechtonersandprinters.co.ke/product?id=5556	https://old.trinatechtonersandprinters.co.ke/wp-content/uploads/2026/02/Brother-TN-2355-Black-Toner-Cartridge.webp	in stock	2500 KES	Brother	new	Electronics > Print, Copy, Scan & Fax > Printer, Copier & Fax Machine Accessories > Toner & Inkjet Cartridges	Brother Toners	no
5555	Brother TN-2405 Black Toner Cartridge	BROTHER TN-2405 BLACK TONER CARTRIDGE	https://trinatechtonersandprinters.co.ke/product?id=5555	https://old.trinatechtonersandprinters.co.ke/wp-content/uploads/2026/02/Brother-TN-2405-Black-Toner-Cartridge.webp	in stock	3500 KES	Brother	new	Electronics > Print, Copy, Scan & Fax > Printer, Copier & Fax Machine Accessories > Toner & Inkjet Cartridges	Brother Toners	no
5554	Brother TN-261 Toners CMYK Cartridges Each	BROTHER TN-261 TONERS CMYK CARTRIDGES EACH	https://trinatechtonersandprinters.co.ke/product?id=5554	https://old.trinatechtonersandprinters.co.ke/wp-content/uploads/2026/02/Brother-TN-261-Toners-CMYK-Cartridges-Each.webp	in stock	4000 KES	Brother	new	Electronics > Print, Copy, Scan & Fax > Printer, Copier & Fax Machine Accessories > Toner & Inkjet Cartridges	Brother Toners	no
5553	Brother TN-273 Black Toner Cartridge	BROTHER TN-273 BLACK TONER CARTRIDGE	https://trinatechtonersandprinters.co.ke/product?id=5553	https://old.trinatechtonersandprinters.co.ke/wp-content/uploads/2026/02/Brother-TN-273-Black-Toner-Cartridge.webp	in stock	4000 KES	Brother	new	Electronics > Print, Copy, Scan & Fax > Printer, Copier & Fax Machine Accessories > Toner & Inkjet Cartridges	Brother Toners	no
5552	Brother TN-273 Color Toner Cartridges Each	BROTHER TN-273 COLOR TONER CARTRIDGES EACH	https://trinatechtonersandprinters.co.ke/product?id=5552	https://old.trinatechtonersandprinters.co.ke/wp-content/uploads/2026/02/Brother-TN-273-Color-Toner-Cartridges-Each.webp	in stock	4000 KES	Brother	new	Electronics > Print, Copy, Scan & Fax > Printer, Copier & Fax Machine Accessories > Toner & Inkjet Cartridges	Brother Toners	no
5551	Brother TN-277 Color Toner Cartridges Each	BROTHER TN-277 COLOR TONER CARTRIDGES EACH	https://trinatechtonersandprinters.co.ke/product?id=5551	https://old.trinatechtonersandprinters.co.ke/wp-content/uploads/2026/02/Brother-TN-277-Color-Toner-Cartridges-Each.webp	in stock	4000 KES	Brother	new	Electronics > Print, Copy, Scan & Fax > Printer, Copier & Fax Machine Accessories > Toner & Inkjet Cartridges	Brother Toners	no
5550	Brother TN-277BK Black Original Toner Cartridge	BROTHER TN-277BK BLACK ORIGINAL TONER CARTRIDGE	https://trinatechtonersandprinters.co.ke/product?id=5550	https://old.trinatechtonersandprinters.co.ke/wp-content/uploads/2026/02/Brother-TN-277BK-Black-Original-Toner-Cartridge.webp	in stock	4000 KES	Brother	new	Electronics > Print, Copy, Scan & Fax > Printer, Copier & Fax Machine Accessories > Toner & Inkjet Cartridges	Brother Toners	no
5549	Brother TN-3145 Black Toner Cartridge	BROTHER TN-3145 BLACK TONER CARTRIDGE	https://trinatechtonersandprinters.co.ke/product?id=5549	https://old.trinatechtonersandprinters.co.ke/wp-content/uploads/2026/02/Brother-TN-3145-Black-Toner-Cartridge.webp	in stock	4000 KES	Brother	new	Electronics > Print, Copy, Scan & Fax > Printer, Copier & Fax Machine Accessories > Toner & Inkjet Cartridges	Brother Toners	no
5548	Brother TN-3250 Black Toner Cartridge	BROTHER TN-3250 BLACK TONER CARTRIDGE	https://trinatechtonersandprinters.co.ke/product?id=5548	https://old.trinatechtonersandprinters.co.ke/wp-content/uploads/2026/02/Brother-TN-3250-Black-Toner-Cartridge.webp	in stock	3500 KES	Brother	new	Electronics > Print, Copy, Scan & Fax > Printer, Copier & Fax Machine Accessories > Toner & Inkjet Cartridges	Brother Toners	no
5547	Brother TN-3290 Black Toner Cartridge	BROTHER TN-3290 BLACK TONER CARTRIDGE	https://trinatechtonersandprinters.co.ke/product?id=5547	https://old.trinatechtonersandprinters.co.ke/wp-content/uploads/2026/02/Brother-TN-3290-Black-Toner-Cartridge.webp	in stock	3500 KES	Brother	new	Electronics > Print, Copy, Scan & Fax > Printer, Copier & Fax Machine Accessories > Toner & Inkjet Cartridges	Brother Toners	no
5546	Brother TN-3350 Black Toner Cartridge	BROTHER TN-3350 BLACK TONER CARTRIDGE	https://trinatechtonersandprinters.co.ke/product?id=5546	https://old.trinatechtonersandprinters.co.ke/wp-content/uploads/2026/02/Brother-TN-3350-Black-Toner-Cartridge.webp	in stock	3500 KES	Brother	new	Electronics > Print, Copy, Scan & Fax > Printer, Copier & Fax Machine Accessories > Toner & Inkjet Cartridges	Brother Toners	no
4403	Brother TN-3350 Toner Cartridge	Compatible with: HL-5440D HL-5450DN / DNT / DWT HL-5470DW / DWT HL-6180DW / DWT HL-6100 and HL-5480 series DCP-8100 / 8110DN / 8155DN / 8250DN MFC-8510DN	https://trinatechtonersandprinters.co.ke/product?id=4403	https://old.trinatechtonersandprinters.co.ke/wp-content/uploads/2025/01/Brother-TN-3350-Toner.png	in stock	13000 KES	Brother	new	Electronics > Print, Copy, Scan & Fax > Printer, Copier & Fax Machine Accessories > Toner & Inkjet Cartridges	Inks & Toner Cartridges	no
5545	Brother TN-3437 Black Toner High Capacity	BROTHER TN-3437 BLACK TONER HIGH CAPACITY	https://trinatechtonersandprinters.co.ke/product?id=5545	https://old.trinatechtonersandprinters.co.ke/wp-content/uploads/2026/02/Brother-TN-3437-Black-Toner-High-Capacity.webp	in stock	3500 KES	Brother	new	Electronics > Print, Copy, Scan & Fax > Printer, Copier & Fax Machine Accessories > Toner & Inkjet Cartridges	Brother Toners	no
5544	Compatible Brother TN-2355 ~ DR-2305 Black Toner	COMPATIBLE BROTHER TN-2355 ~ DR-2305 BLACK TONER	https://trinatechtonersandprinters.co.ke/product?id=5544	https://old.trinatechtonersandprinters.co.ke/wp-content/uploads/2026/02/Compatible-Brother-TN-2355-DR-2305-Black-Toner.webp	in stock	2500 KES	Brother	new	Electronics > Print, Copy, Scan & Fax > Printer, Copier & Fax Machine Accessories > Toner & Inkjet Cartridges	Brother Toners	no
5520	Canon 045 Cym Toner Cartridges Each	CANON 045 CYM TONER CARTRIDGES EACH	https://trinatechtonersandprinters.co.ke/product?id=5520	https://old.trinatechtonersandprinters.co.ke/wp-content/uploads/2026/02/Canon-045-Cym-Toner-Cartridges-Each-1.webp	in stock	3000 KES	Canon	new	Electronics > Print, Copy, Scan & Fax > Printer, Copier & Fax Machine Accessories > Toner & Inkjet Cartridges	Canon Toners	no
5519	Canon 045BK Black Toner Cartridge	CANON 045BK BLACK TONER CARTRIDGE	https://trinatechtonersandprinters.co.ke/product?id=5519	https://old.trinatechtonersandprinters.co.ke/wp-content/uploads/2026/02/Canon-045BK-Black-Toner-Cartridge.webp	in stock	3000 KES	Canon	new	Electronics > Print, Copy, Scan & Fax > Printer, Copier & Fax Machine Accessories > Toner & Inkjet Cartridges	Canon Toners	no
5518	Canon 718 Black Original Laser Toner Cartridge	CANON 718 BLACK ORIGINAL LASER TONER CARTRIDGE	https://trinatechtonersandprinters.co.ke/product?id=5518	https://old.trinatechtonersandprinters.co.ke/wp-content/uploads/2026/02/Canon-718-Black-Original-Laser-Toner-Cartridge.webp	in stock	4000 KES	Canon	new	Electronics > Print, Copy, Scan & Fax > Printer, Copier & Fax Machine Accessories > Toner & Inkjet Cartridges	Canon Toners	no
5517	Canon 718 Cyan Original Laser Toner Cartridge	CANON 718 CYAN ORIGINAL LASER TONER CARTRIDGE	https://trinatechtonersandprinters.co.ke/product?id=5517	https://old.trinatechtonersandprinters.co.ke/wp-content/uploads/2026/02/Canon-718-Cyan-Original-Laser-Toner-Cartridge-1.webp	in stock	4000 KES	Canon	new	Electronics > Print, Copy, Scan & Fax > Printer, Copier & Fax Machine Accessories > Toner & Inkjet Cartridges	Canon Toners	no
5516	Canon 718 Magenta Original Laser Toner Cartridge	CANON 718 MAGENTA ORIGINAL LASER TONER CARTRIDGE	https://trinatechtonersandprinters.co.ke/product?id=5516	https://old.trinatechtonersandprinters.co.ke/wp-content/uploads/2026/02/Canon-718-Magenta-Original-Laser-Toner-Cartridge.webp	in stock	4000 KES	Canon	new	Electronics > Print, Copy, Scan & Fax > Printer, Copier & Fax Machine Accessories > Toner & Inkjet Cartridges	Canon Toners	no
5515	Canon 719 Black Original Laser Toner Cartridge	CANON 719 BLACK ORIGINAL LASER TONER CARTRIDGE	https://trinatechtonersandprinters.co.ke/product?id=5515	https://old.trinatechtonersandprinters.co.ke/wp-content/uploads/2026/02/Canon-719-Black-Original-Laser-Toner-Cartridge.webp	in stock	4000 KES	Canon	new	Electronics > Print, Copy, Scan & Fax > Printer, Copier & Fax Machine Accessories > Toner & Inkjet Cartridges	Canon Toners	no
5514	Canon 719 Yellow Original Laser Toner Cartridge	CANON 719 YELLOW ORIGINAL LASER TONER CARTRIDGE	https://trinatechtonersandprinters.co.ke/product?id=5514	https://old.trinatechtonersandprinters.co.ke/wp-content/uploads/2026/02/Canon-719-Yellow-Original-Laser-Toner-Cartridge-1.webp	in stock	4000 KES	Canon	new	Electronics > Print, Copy, Scan & Fax > Printer, Copier & Fax Machine Accessories > Toner & Inkjet Cartridges	Canon Toners	no
5509	Canon C-EXV12 Black Original Laser Toner Cartridge	CANON C-EXV12 BLACK ORIGINAL LASER TONER CARTRIDGE	https://trinatechtonersandprinters.co.ke/product?id=5509	https://old.trinatechtonersandprinters.co.ke/wp-content/uploads/2026/02/Canon-C-EXV12-Black-Original-Laser-Toner-Cartridge.webp	in stock	3000 KES	Canon	new	Electronics > Print, Copy, Scan & Fax > Printer, Copier & Fax Machine Accessories > Toner & Inkjet Cartridges	Canon Toners	no
5508	Canon C-EXV14 Black Original Laser Toner Cartridge	CANON C-EXV14 BLACK ORIGINAL LASER TONER CARTRIDGE	https://trinatechtonersandprinters.co.ke/product?id=5508	https://old.trinatechtonersandprinters.co.ke/wp-content/uploads/2026/02/Canon-C-EXV14-Black-Original-Laser-Toner-Cartridge-1.webp	in stock	5000 KES	Canon	new	Electronics > Print, Copy, Scan & Fax > Printer, Copier & Fax Machine Accessories > Toner & Inkjet Cartridges	Canon Toners	no
5506	Canon C-EXV49 Toner Bcmy	CANON C-EXV49 TONER BCMY	https://trinatechtonersandprinters.co.ke/product?id=5506	https://old.trinatechtonersandprinters.co.ke/wp-content/uploads/2026/02/Canon-C-EXV49-Toner-Bcmy.webp	in stock	5000 KES	Canon	new	Electronics > Print, Copy, Scan & Fax > Printer, Copier & Fax Machine Accessories > Toner & Inkjet Cartridges	Canon Toners	no
5505	Canon C-EXV51 Black Laser Toner Cartridge	CANON C-EXV51 BLACK LASER TONER CARTRIDGE	https://trinatechtonersandprinters.co.ke/product?id=5505	https://old.trinatechtonersandprinters.co.ke/wp-content/uploads/2026/02/Canon-C-EXV51-Black-Laser-Toner-Cartridge.webp	in stock	5000 KES	Canon	new	Electronics > Print, Copy, Scan & Fax > Printer, Copier & Fax Machine Accessories > Toner & Inkjet Cartridges	Canon Toners	no
5504	Canon C-EXV51 Toner Each Bcym	CANON C-EXV51 TONER EACH BCYM	https://trinatechtonersandprinters.co.ke/product?id=5504	https://old.trinatechtonersandprinters.co.ke/wp-content/uploads/2026/02/Canon-C-EXV51-Toner-Each-Bcym.webp	in stock	5000 KES	Canon	new	Electronics > Print, Copy, Scan & Fax > Printer, Copier & Fax Machine Accessories > Toner & Inkjet Cartridges	Canon Toners	no
5503	Canon C-EXV52 Black Toner Cartridge	CANON C-EXV52 BLACK TONER CARTRIDGE	https://trinatechtonersandprinters.co.ke/product?id=5503	https://old.trinatechtonersandprinters.co.ke/wp-content/uploads/2026/02/Canon-C-EXV52-Black-Toner-Cartridge.png	in stock	6000 KES	Canon	new	Electronics > Print, Copy, Scan & Fax > Printer, Copier & Fax Machine Accessories > Toner & Inkjet Cartridges	Canon Toners	no
4208	Canon C-Exv 18 Black Toner	The Canon C-EXV 18 Black Toner is designed to offer exceptional print quality and consistent performance, making it an ideal choice for businesses with high-volume printing.	https://trinatechtonersandprinters.co.ke/product?id=4208	https://old.trinatechtonersandprinters.co.ke/wp-content/uploads/2025/01/Canon-C-EXV-18-Toner.png	in stock	2000 KES	Canon	new	Electronics > Print, Copy, Scan & Fax > Printer, Copier & Fax Machine Accessories > Toner & Inkjet Cartridges	Inks & Toner Cartridges	no
5513	Canon C-Exv 33 Black Original Toner Cartridge	CANON C-EXV 33 BLACK ORIGINAL TONER CARTRIDGE	https://trinatechtonersandprinters.co.ke/product?id=5513	https://old.trinatechtonersandprinters.co.ke/wp-content/uploads/2026/02/Canon-C-Exv-33-Black-Original-Toner-Cartridge.webp	in stock	2500 KES	Canon	new	Electronics > Print, Copy, Scan & Fax > Printer, Copier & Fax Machine Accessories > Toner & Inkjet Cartridges	Canon Toners	no
4205	Canon C-Exv 42 Black Toner	The Canon C-EXV 42 Black Toner is engineered to deliver superior print quality and outstanding reliability for high-volume printing environments.	https://trinatechtonersandprinters.co.ke/product?id=4205	https://old.trinatechtonersandprinters.co.ke/wp-content/uploads/2025/01/Canon-C-EXV-42-Toner.png	in stock	2500 KES	Canon	new	Electronics > Print, Copy, Scan & Fax > Printer, Copier & Fax Machine Accessories > Toner & Inkjet Cartridges	Inks & Toner Cartridges	no
5512	Canon C-Exv 43 Black Toner Cartridge	CANON C-EXV 43 BLACK TONER CARTRIDGE	https://trinatechtonersandprinters.co.ke/product?id=5512	https://old.trinatechtonersandprinters.co.ke/wp-content/uploads/2026/02/Canon-C-Exv-43-Black-Toner-Cartridge.webp	in stock	5000 KES	Canon	new	Electronics > Print, Copy, Scan & Fax > Printer, Copier & Fax Machine Accessories > Toner & Inkjet Cartridges	Canon Toners	no
5511	Canon C-Exv 51L Cym Toner Cartridges Each	CANON C-EXV 51L CYM TONER CARTRIDGES EACH	https://trinatechtonersandprinters.co.ke/product?id=5511	https://old.trinatechtonersandprinters.co.ke/wp-content/uploads/2026/02/Canon-C-Exv-51L-Cym-Toner-Cartridges-Each.webp	in stock	5000 KES	Canon	new	Electronics > Print, Copy, Scan & Fax > Printer, Copier & Fax Machine Accessories > Toner & Inkjet Cartridges	Canon Toners	no
5510	Canon C-Exv 54 Toners Each Bcmy	CANON C-EXV 54 TONERS EACH BCMY	https://trinatechtonersandprinters.co.ke/product?id=5510	https://old.trinatechtonersandprinters.co.ke/wp-content/uploads/2026/02/Canon-C-Exv-54-Toners-Each-Bcmy-1.webp	in stock	3000 KES	Canon	new	Electronics > Print, Copy, Scan & Fax > Printer, Copier & Fax Machine Accessories > Toner & Inkjet Cartridges	Canon Toners	no
5543	Canon CL-41 Color Ink Original Cartridge Each	CANON CL-41 COLOR INK ORIGINAL CARTRIDGE EACH	https://trinatechtonersandprinters.co.ke/product?id=5543	https://old.trinatechtonersandprinters.co.ke/wp-content/uploads/2026/02/Canon-CL-41-Color-Ink-Original-Cartridge-Each.webp	in stock	1700 KES	Canon	new	Electronics > Print, Copy, Scan & Fax > Printer, Copier & Fax Machine Accessories > Toner & Inkjet Cartridges	Canon Ink Cartridges	no
5542	Canon CL-441 Color Ink Original Cartridge	CANON CL-441 COLOR INK ORIGINAL CARTRIDGE	https://trinatechtonersandprinters.co.ke/product?id=5542	https://old.trinatechtonersandprinters.co.ke/wp-content/uploads/2026/02/Canon-CL-441-Color-Ink-Original-Cartridge.webp	in stock	2200 KES	Canon	new	Electronics > Print, Copy, Scan & Fax > Printer, Copier & Fax Machine Accessories > Toner & Inkjet Cartridges	Canon Ink Cartridges	no
5541	Canon CL-446 Color Ink Original Cartridge	CANON CL-446 COLOR INK ORIGINAL CARTRIDGE	https://trinatechtonersandprinters.co.ke/product?id=5541	https://old.trinatechtonersandprinters.co.ke/wp-content/uploads/2026/02/Canon-CL-446-Color-Ink-Original-Cartridge.webp	in stock	2200 KES	Canon	new	Electronics > Print, Copy, Scan & Fax > Printer, Copier & Fax Machine Accessories > Toner & Inkjet Cartridges	Canon Ink Cartridges	no
5540	Canon CL-511 Color Ink Original Cartridge	CANON CL-511 COLOR INK ORIGINAL CARTRIDGE	https://trinatechtonersandprinters.co.ke/product?id=5540	https://old.trinatechtonersandprinters.co.ke/wp-content/uploads/2026/02/Canon-CL-511-Color-Ink-Original-Cartridge.webp	in stock	2200 KES	Canon	new	Electronics > Print, Copy, Scan & Fax > Printer, Copier & Fax Machine Accessories > Toner & Inkjet Cartridges	Canon Ink Cartridges	no
5539	Canon CL-56 Color Ink Original Cartridge	CANON CL-56 COLOR INK ORIGINAL CARTRIDGE	https://trinatechtonersandprinters.co.ke/product?id=5539	https://old.trinatechtonersandprinters.co.ke/wp-content/uploads/2026/02/Canon-CL-56-Color-Ink-Original-Cartridge.webp	in stock	2200 KES	Canon	new	Electronics > Print, Copy, Scan & Fax > Printer, Copier & Fax Machine Accessories > Toner & Inkjet Cartridges	Canon Ink Cartridges	no
5538	Canon CLI-36 Color Ink Original Cartridge	CANON CLI-36 COLOR INK ORIGINAL CARTRIDGE	https://trinatechtonersandprinters.co.ke/product?id=5538	https://old.trinatechtonersandprinters.co.ke/wp-content/uploads/2026/02/Canon-CLI-36-Color-Ink-Original-Cartridge.webp	in stock	2200 KES	Canon	new	Electronics > Print, Copy, Scan & Fax > Printer, Copier & Fax Machine Accessories > Toner & Inkjet Cartridges	Canon Ink Cartridges	no
5537	Canon CLI-451 Black Ink Cartridge	CANON CLI-451 BLACK INK CARTRIDGE	https://trinatechtonersandprinters.co.ke/product?id=5537	https://old.trinatechtonersandprinters.co.ke/wp-content/uploads/2026/02/Canon-CLI-451-Black-Ink-Cartridge.webp	in stock	2300 KES	Canon	new	Electronics > Print, Copy, Scan & Fax > Printer, Copier & Fax Machine Accessories > Toner & Inkjet Cartridges	Canon Ink Cartridges	no
5536	Canon CLI-451 Cyan Ink Original Cartridge	CANON CLI-451 CYAN INK ORIGINAL CARTRIDGE	https://trinatechtonersandprinters.co.ke/product?id=5536	https://old.trinatechtonersandprinters.co.ke/wp-content/uploads/2026/02/Canon-CLI-451-Cyan-Ink-Original-Cartridge.webp	in stock	2300 KES	Canon	new	Electronics > Print, Copy, Scan & Fax > Printer, Copier & Fax Machine Accessories > Toner & Inkjet Cartridges	Canon Ink Cartridges	no
5535	Canon CLI-451 Magenta Ink Original Cartridge	CANON CLI-451 MAGENTA INK ORIGINAL CARTRIDGE	https://trinatechtonersandprinters.co.ke/product?id=5535	https://old.trinatechtonersandprinters.co.ke/wp-content/uploads/2026/02/Canon-CLI-451-Magenta-Ink-Original-Cartridge.webp	in stock	2300 KES	Canon	new	Electronics > Print, Copy, Scan & Fax > Printer, Copier & Fax Machine Accessories > Toner & Inkjet Cartridges	Canon Ink Cartridges	no
5534	Canon CLI-451 Yellow Ink Original Cartridge	CANON CLI-451 YELLOW INK ORIGINAL CARTRIDGE	https://trinatechtonersandprinters.co.ke/product?id=5534	https://old.trinatechtonersandprinters.co.ke/wp-content/uploads/2026/02/Canon-CLI-451-Yellow-Ink-Original-Cartridge.webp	in stock	2300 KES	Canon	new	Electronics > Print, Copy, Scan & Fax > Printer, Copier & Fax Machine Accessories > Toner & Inkjet Cartridges	Canon Ink Cartridges	no
3442	Canon Canoscan Lide 300 Scanner	The Canon CanoScan LiDE 300 Scanner offers exceptional scanning quality in a compact and convenient design.	https://trinatechtonersandprinters.co.ke/product?id=3442	https://old.trinatechtonersandprinters.co.ke/wp-content/uploads/2024/12/Canon-300-scanner.png	in stock	23000 KES	Canon	new	Electronics > Print, Copy, Scan & Fax > Printers, Copiers & Fax Machines	Scanner	no
4470	Canon I-Sensys MF3010 Mfp All-In-One Laser Printer	The Canon i-SENSYS MF3010 MFP All-in-One Laser Printer is a reliable, compact, and efficient solution designed for small offices or home users.	https://trinatechtonersandprinters.co.ke/product?id=4470	https://old.trinatechtonersandprinters.co.ke/wp-content/uploads/2025/01/Canon-i-SENSYS-MF3010.png	in stock	38000 KES	Canon	new	Electronics > Print, Copy, Scan & Fax > Printers, Copiers & Fax Machines	Printers & Copiers	no
5533	Canon PG-445 Black Ink Original Cartridge	CANON PG-445 BLACK INK ORIGINAL CARTRIDGE	https://trinatechtonersandprinters.co.ke/product?id=5533	https://old.trinatechtonersandprinters.co.ke/wp-content/uploads/2026/02/Canon-PG-445-Black-Ink-Original-Cartridge.png	in stock	2200 KES	Canon	new	Electronics > Print, Copy, Scan & Fax > Printer, Copier & Fax Machine Accessories > Toner & Inkjet Cartridges	Canon Ink Cartridges	no
5532	Canon PG-46 Black Ink Original Cartridge	CANON PG-46 BLACK INK ORIGINAL CARTRIDGE	https://trinatechtonersandprinters.co.ke/product?id=5532	https://old.trinatechtonersandprinters.co.ke/wp-content/uploads/2026/02/Canon-PG-46-Black-Ink-Original-Cartridge.webp	in stock	2200 KES	Canon	new	Electronics > Print, Copy, Scan & Fax > Printer, Copier & Fax Machine Accessories > Toner & Inkjet Cartridges	Canon Ink Cartridges	no
5531	Canon PG-510 Black Ink Original Cartridge	CANON PG-510 BLACK INK ORIGINAL CARTRIDGE	https://trinatechtonersandprinters.co.ke/product?id=5531	https://old.trinatechtonersandprinters.co.ke/wp-content/uploads/2026/02/Canon-PG-510-Black-Ink-Original-Cartridge.webp	in stock	2300 KES	Canon	new	Electronics > Print, Copy, Scan & Fax > Printer, Copier & Fax Machine Accessories > Toner & Inkjet Cartridges	Canon Ink Cartridges	no
5530	Canon PGI-1400XL Black Ink Cartridge	CANON PGI-1400XL BLACK INK CARTRIDGE	https://trinatechtonersandprinters.co.ke/product?id=5530	https://old.trinatechtonersandprinters.co.ke/wp-content/uploads/2026/02/Canon-PGI-1400XL-Black-Ink-Cartridge.webp	in stock	3500 KES	Canon	new	Electronics > Print, Copy, Scan & Fax > Printer, Copier & Fax Machine Accessories > Toner & Inkjet Cartridges	Canon Ink Cartridges	no
5529	Canon PGI-1400XL Cyan Ink Cartridge	CANON PGI-1400XL CYAN INK CARTRIDGE	https://trinatechtonersandprinters.co.ke/product?id=5529	https://old.trinatechtonersandprinters.co.ke/wp-content/uploads/2026/02/Canon-PGI-1400XL-Cyan-Ink-Cartridge.webp	in stock	3500 KES	Canon	new	Electronics > Print, Copy, Scan & Fax > Printer, Copier & Fax Machine Accessories > Toner & Inkjet Cartridges	Canon Ink Cartridges	no
5528	Canon PGI-1400XL Magenta Ink Cartridge	CANON PGI-1400XL MAGENTA INK CARTRIDGE	https://trinatechtonersandprinters.co.ke/product?id=5528	https://old.trinatechtonersandprinters.co.ke/wp-content/uploads/2026/02/Canon-PGI-1400XL-Magenta-Ink-Cartridge.webp	in stock	3500 KES	Canon	new	Electronics > Print, Copy, Scan & Fax > Printer, Copier & Fax Machine Accessories > Toner & Inkjet Cartridges	Canon Ink Cartridges	no
5527	Canon PGI-1400XL Yellow Ink Cartridge	CANON PGI-1400XL YELLOW INK CARTRIDGE	https://trinatechtonersandprinters.co.ke/product?id=5527	https://old.trinatechtonersandprinters.co.ke/wp-content/uploads/2026/02/Canon-PGI-1400XL-Yellow-Ink-Cartridge.webp	in stock	3500 KES	Canon	new	Electronics > Print, Copy, Scan & Fax > Printer, Copier & Fax Machine Accessories > Toner & Inkjet Cartridges	Canon Ink Cartridges	no
5526	Canon PGI-2400XL Black Ink Cartridge	CANON PGI-2400XL BLACK INK CARTRIDGE	https://trinatechtonersandprinters.co.ke/product?id=5526	https://old.trinatechtonersandprinters.co.ke/wp-content/uploads/2026/02/Canon-PGI-2400XL-Black-Ink-Cartridge.webp	in stock	3500 KES	Canon	new	Electronics > Print, Copy, Scan & Fax > Printer, Copier & Fax Machine Accessories > Toner & Inkjet Cartridges	Canon Ink Cartridges	no
5525	Canon PGI-2400XL Cyan Ink Cartridge	CANON PGI-2400XL CYAN INK CARTRIDGE	https://trinatechtonersandprinters.co.ke/product?id=5525	https://old.trinatechtonersandprinters.co.ke/wp-content/uploads/2026/02/Canon-PGI-2400XL-Cyan-Ink-Cartridge.webp	in stock	3500 KES	Canon	new	Electronics > Print, Copy, Scan & Fax > Printer, Copier & Fax Machine Accessories > Toner & Inkjet Cartridges	Canon Ink Cartridges	no
5524	Canon PGI-2400XL Magenta Ink Cartridge	CANON PGI-2400XL MAGENTA INK CARTRIDGE	https://trinatechtonersandprinters.co.ke/product?id=5524	https://old.trinatechtonersandprinters.co.ke/wp-content/uploads/2026/02/Canon-PGI-2400XL-Magenta-Ink-Cartridge.webp	in stock	3500 KES	Canon	new	Electronics > Print, Copy, Scan & Fax > Printer, Copier & Fax Machine Accessories > Toner & Inkjet Cartridges	Canon Ink Cartridges	no
5523	Canon PGI-2400XL Yellow Ink Cartridge	CANON PGI-2400XL YELLOW INK CARTRIDGE	https://trinatechtonersandprinters.co.ke/product?id=5523	https://old.trinatechtonersandprinters.co.ke/wp-content/uploads/2026/02/Canon-PGI-2400XL-Yellow-Ink-Cartridge.webp	in stock	3500 KES	Canon	new	Electronics > Print, Copy, Scan & Fax > Printer, Copier & Fax Machine Accessories > Toner & Inkjet Cartridges	Canon Ink Cartridges	no
5522	Canon PGI-35 Black Ink Original Cartridge	CANON PGI-35 BLACK INK ORIGINAL CARTRIDGE	https://trinatechtonersandprinters.co.ke/product?id=5522	https://old.trinatechtonersandprinters.co.ke/wp-content/uploads/2026/02/Canon-PGI-35-Black.png	in stock	3500 KES	Canon	new	Electronics > Print, Copy, Scan & Fax > Printer, Copier & Fax Machine Accessories > Toner & Inkjet Cartridges	Canon Ink Cartridges	no
4341	Canon Pixma CL-411 Color Ink Cartridge	The Canon Pixma CL-411 Color Ink Cartridge is the perfect choice for those who need vibrant, high-quality color prints without the high price tag.	https://trinatechtonersandprinters.co.ke/product?id=4341	https://old.trinatechtonersandprinters.co.ke/wp-content/uploads/2025/01/Canon-Pixma-CL-411-Color-Ink.png	in stock	2400 KES	Canon	new	Electronics > Print, Copy, Scan & Fax > Printer, Copier & Fax Machine Accessories > Toner & Inkjet Cartridges	Inks & Toner Cartridges	no
4347	Canon Pixma CL-446 Color Ink Cartridge	The Canon Pixma CL-446 Color Ink Cartridge delivers rich, vibrant color prints.	https://trinatechtonersandprinters.co.ke/product?id=4347	https://old.trinatechtonersandprinters.co.ke/wp-content/uploads/2025/01/Canon-Pixma-CL-446-Cartridge.png	in stock	2300 KES	Canon	new	Electronics > Print, Copy, Scan & Fax > Printer, Copier & Fax Machine Accessories > Toner & Inkjet Cartridges	Inks & Toner Cartridges	no
4334	Canon Pixma CL-511 Color Ink Cartridge	The Canon Pixma CL-511 Color Ink Cartridge is the perfect choice for users looking to print vibrant, high-quality color documents and photos.	https://trinatechtonersandprinters.co.ke/product?id=4334	https://old.trinatechtonersandprinters.co.ke/wp-content/uploads/2025/01/Canon-CL-511-Ink-Cartridge.png	in stock	2300 KES	Canon	new	Electronics > Print, Copy, Scan & Fax > Printer, Copier & Fax Machine Accessories > Toner & Inkjet Cartridges	Inks & Toner Cartridges	no
4353	Canon Pixma CL-56 Color Ink Cartridge	The Canon Pixma CL-56 Color Ink Cartridge is designed for users who need to produce high-quality, color-rich prints at home or in the office.	https://trinatechtonersandprinters.co.ke/product?id=4353	https://old.trinatechtonersandprinters.co.ke/wp-content/uploads/2025/01/Canon-Pixma-CL-56-Color-Cartridge.png	in stock	2400 KES	Canon	new	Electronics > Print, Copy, Scan & Fax > Printer, Copier & Fax Machine Accessories > Toner & Inkjet Cartridges	Inks & Toner Cartridges	no
4461	Canon Pixma G3420 Printer	The Canon PIXMA G3420 Printer is an advanced all-in-one solution that offers print, scan, and copy functions.	https://trinatechtonersandprinters.co.ke/product?id=4461	https://old.trinatechtonersandprinters.co.ke/wp-content/uploads/2025/01/Canon-PIXMA-G3420.png	in stock	29000 KES	Canon	new	Electronics > Print, Copy, Scan & Fax > Printers, Copiers & Fax Machines	Printers & Copiers	no
4464	Canon Pixma G3430 Printer	The Canon PIXMA G3430 Printer is a powerful all-in-one device designed for home offices and small businesses.	https://trinatechtonersandprinters.co.ke/product?id=4464	https://old.trinatechtonersandprinters.co.ke/wp-content/uploads/2025/01/Canon-PIXMA-G3430.png	in stock	31000 KES	Canon	new	Electronics > Print, Copy, Scan & Fax > Printers, Copiers & Fax Machines	Printers & Copiers	no
4467	Canon Pixma G640 Printer	The Canon PIXMA G640 Printer is an advanced all-in-one printer designed for photo enthusiasts and everyday users.	https://trinatechtonersandprinters.co.ke/product?id=4467	https://old.trinatechtonersandprinters.co.ke/wp-content/uploads/2025/01/Canon-PIXMA-G640.png	in stock	48000 KES	Canon	new	Electronics > Print, Copy, Scan & Fax > Printers, Copiers & Fax Machines	Printers & Copiers	no
4458	Canon Pixma MG2550S Printer	The Canon PIXMA MG2550S is a reliable and affordable all-in-one printer designed for everyday home use.	https://trinatechtonersandprinters.co.ke/product?id=4458	https://old.trinatechtonersandprinters.co.ke/wp-content/uploads/2025/01/Canon-PIXMA-MG2550S.png	in stock	25000 KES	Canon	new	Electronics > Print, Copy, Scan & Fax > Printers, Copiers & Fax Machines	Printers & Copiers	no
4337	Canon Pixma PG-440 Black Ink Cartridge	The Canon Pixma PG-440 Black Ink Cartridge is designed to meet your everyday printing needs while delivering consistent, professional results.	https://trinatechtonersandprinters.co.ke/product?id=4337	https://old.trinatechtonersandprinters.co.ke/wp-content/uploads/2025/01/Canon-Pixma-PG-440-Black-Ink.png	in stock	2400 KES	Canon	new	Electronics > Print, Copy, Scan & Fax > Printer, Copier & Fax Machine Accessories > Toner & Inkjet Cartridges	Inks & Toner Cartridges	no
4344	Canon Pixma PG-445 Black Ink Cartridge	Compatible with: PIXMA MG-series: MG 2440, 2540, 2540S, 2545, 2940, 3040 PIXMA iP-series: iP 2840, 2845 PIXMA MX494 PIXMA TS-series: TS 204, 304, 3140, TR 4540, TR 3340, TR 4640	https://trinatechtonersandprinters.co.ke/product?id=4344	https://old.trinatechtonersandprinters.co.ke/wp-content/uploads/2025/01/Canon-Pixma-PG-445-Ink.png	in stock	2400 KES	Canon	new	Electronics > Print, Copy, Scan & Fax > Printer, Copier & Fax Machine Accessories > Toner & Inkjet Cartridges	Inks & Toner Cartridges	no
4350	Canon Pixma PG-46 Black Ink Cartridge	The Canon Pixma PG-46 Black Ink Cartridge is designed for users who want high-quality, consistent black printing results.	https://trinatechtonersandprinters.co.ke/product?id=4350	https://old.trinatechtonersandprinters.co.ke/wp-content/uploads/2025/01/Canon-Pixma-PG-46-Cartridge.png	in stock	2300 KES	Canon	new	Electronics > Print, Copy, Scan & Fax > Printer, Copier & Fax Machine Accessories > Toner & Inkjet Cartridges	Inks & Toner Cartridges	no
4329	Canon Pixma PG-510 Black Ink Cartridge	The Canon Pixma PG-510 Black Ink Cartridge offers an excellent solution for individuals or small businesses looking for an affordable, reliable ink cartridge.	https://trinatechtonersandprinters.co.ke/product?id=4329	https://old.trinatechtonersandprinters.co.ke/wp-content/uploads/2025/01/Canon-PG-510-Black-Ink.png	in stock	2300 KES	Canon	new	Electronics > Print, Copy, Scan & Fax > Printer, Copier & Fax Machine Accessories > Toner & Inkjet Cartridges	Inks & Toner Cartridges	no
4455	Canon Pixma TS3340 Printer	The Canon PIXMA TS3340 Printer is an affordable, all-in-one solution designed to meet the everyday printing, scanning, and copying needs of home users and small offices.	https://trinatechtonersandprinters.co.ke/product?id=4455	https://old.trinatechtonersandprinters.co.ke/wp-content/uploads/2025/01/Canon-PIXMA-TS3340.png	in stock	9000 KES	Canon	new	Electronics > Print, Copy, Scan & Fax > Printers, Copiers & Fax Machines	Printers & Copiers	no
5286	Canon Premium Comp 490 Ink CMYK	CANON PREMIUM COMP 490 INK CMYK	https://trinatechtonersandprinters.co.ke/product?id=5286	https://old.trinatechtonersandprinters.co.ke/wp-content/uploads/2026/02/Canon-Premium-Comp-490-Ink-CMYK.webp	in stock	400 KES	Canon	new	Electronics > Print, Copy, Scan & Fax > Printer, Copier & Fax Machine Accessories > Toner & Inkjet Cartridges	Master Rolls & Inks	no
4356	Canon Print Head BH-4 Black	The Canon Print Head BH-4 Black is an essential component for ensuring your Canon printer delivers high-quality black text and graphics with every print.	https://trinatechtonersandprinters.co.ke/product?id=4356	https://old.trinatechtonersandprinters.co.ke/wp-content/uploads/2025/01/Canon-Print-Head-BH-4.png	in stock	5000 KES	Canon	new		Printer Parts	no
5521	Canon Ts 3340	canon ts 3340	https://trinatechtonersandprinters.co.ke/product?id=5521	https://old.trinatechtonersandprinters.co.ke/wp-content/uploads/2026/02/Canon-Ts-3340.webp	in stock	9000 KES	Canon	new	Electronics > Print, Copy, Scan & Fax > Printer, Copier & Fax Machine Accessories > Toner & Inkjet Cartridges	Canon Toners	no
5507	ROYAL Canon C-EXV29 Toner Value Each B/Cm/Y	CANON C-EXV29 TONER VALUE EACH B/CM/Y	https://trinatechtonersandprinters.co.ke/product?id=5507	https://old.trinatechtonersandprinters.co.ke/wp-content/uploads/2026/02/Canon-C-EXV29-Toner-Value-Each-BCmY.webp	in stock	5000 KES	Canon	new	Electronics > Print, Copy, Scan & Fax > Printer, Copier & Fax Machine Accessories > Toner & Inkjet Cartridges	Canon Toners	no
3511	Dell S2721HL 27-INCH Full Hd 8MS LCD Monitor	The Dell S2721HL 27-inch Full HD LCD Monitor offers an impressive visual experience with its 27-inch screen and Full HD (1080p) resolution.	https://trinatechtonersandprinters.co.ke/product?id=3511	https://old.trinatechtonersandprinters.co.ke/wp-content/uploads/2024/12/Dell-S2721HL-27-inch-Monitor.png	in stock	36000 KES	Dell	new		Monitors	no
3485	Dell Vostro 3400 Core I3 4GB/1TB/14in Laptop	The DELL Vostro 3400 Core i3 4GB/1TB/14in Laptop is a budget-friendly yet powerful device, designed to meet the needs of students, home users, and small businesses.	https://trinatechtonersandprinters.co.ke/product?id=3485	https://old.trinatechtonersandprinters.co.ke/wp-content/uploads/2024/12/Dell-Vostro-3400-laptop.png	in stock	55000 KES	Dell	new		Laptops	no
3482	Dell Vostro 3400 Core I5 4GB/1TB/14in Laptop	The DELL Vostro 3400 Core i5 4GB/1TB/14in Laptop is a versatile and affordable choice for professionals, students, and home users.	https://trinatechtonersandprinters.co.ke/product?id=3482	https://old.trinatechtonersandprinters.co.ke/wp-content/uploads/2024/12/Dell-Vostro-3400-laptop.png	in stock	72000 KES	Dell	new		Laptops	no
3480	Dell Vostro 3500 Core I5 4GB/1TB/15.6in UBUNTU Laptop	The DELL Vostro 3500 Core i5 4GB/1TB/15.6in Ubuntu Laptop is designed to provide powerful performance and reliability for professionals and students.	https://trinatechtonersandprinters.co.ke/product?id=3480	https://old.trinatechtonersandprinters.co.ke/wp-content/uploads/2024/12/DELL-VOSTRO-3500-laptop.png	in stock	71000 KES	Dell	new		Laptops	no
4048	Eaton 5E 850VA Ups	The Eaton 5E 850VA UPS is an efficient and reliable power protection solution, designed to keep your devices running smoothly during unexpected power outages or fluctuations.	https://trinatechtonersandprinters.co.ke/product?id=4048	https://old.trinatechtonersandprinters.co.ke/wp-content/uploads/2025/01/Eaton-UPS.png	in stock	8000 KES	Eaton	new		UPS	no
5339	Epson 101 Ecotank Black Ink Bottle 127ML	EPSON 101 ECOTANK BLACK INK BOTTLE 127ML	https://trinatechtonersandprinters.co.ke/product?id=5339	https://old.trinatechtonersandprinters.co.ke/wp-content/uploads/2026/02/Epson-101-Ecotank-Black-Ink-Bottle-127ML.webp	in stock	2500 KES	Epson	new	Electronics > Print, Copy, Scan & Fax > Printer, Copier & Fax Machine Accessories > Toner & Inkjet Cartridges	Epson Ribbons & Inks	no
5338	Epson 101 Ecotank Cyan Tank Ink Bottle 70ML	EPSON 101 ECOTANK CYAN TANK INK BOTTLE 70ML	https://trinatechtonersandprinters.co.ke/product?id=5338	https://old.trinatechtonersandprinters.co.ke/wp-content/uploads/2026/02/epson-101-ecotank-ink-bottle-cyan-ink-for-printer-refill-70ml-1.webp	in stock	1700 KES	Epson	new	Electronics > Print, Copy, Scan & Fax > Printer, Copier & Fax Machine Accessories > Toner & Inkjet Cartridges	Epson Ribbons & Inks	no
5337	Epson 101 Ecotank Magenta Ink Bottle 70ML	EPSON 101 ECOTANK MAGENTA INK BOTTLE 70ML	https://trinatechtonersandprinters.co.ke/product?id=5337	https://old.trinatechtonersandprinters.co.ke/wp-content/uploads/2026/02/Epson-101-Ecotank-Magenta-Ink-Bottle-70ML.webp	in stock	1700 KES	Epson	new	Electronics > Print, Copy, Scan & Fax > Printer, Copier & Fax Machine Accessories > Toner & Inkjet Cartridges	Epson Ribbons & Inks	no
5336	Epson 101 Ecotank Yellow Ink Bottle 70ML	EPSON 101 ECOTANK YELLOW INK BOTTLE 70ML	https://trinatechtonersandprinters.co.ke/product?id=5336	https://old.trinatechtonersandprinters.co.ke/wp-content/uploads/2026/02/Epson-101-Ecotank-Yellow-Ink-Bottle-70ML.webp	in stock	1700 KES	Epson	new	Electronics > Print, Copy, Scan & Fax > Printer, Copier & Fax Machine Accessories > Toner & Inkjet Cartridges	Epson Ribbons & Inks	no
5335	Epson 101/103 Premium Refill Ink For Ecotank Each	EPSON 101/103 PREMIUM REFILL INK FOR ECOTANK EACH	https://trinatechtonersandprinters.co.ke/product?id=5335	https://old.trinatechtonersandprinters.co.ke/wp-content/uploads/2026/02/Epson-101-103-Premium-Refill-Ink-For-Ecotank-Each.webp	in stock	400 KES	Epson	new	Electronics > Print, Copy, Scan & Fax > Printer, Copier & Fax Machine Accessories > Toner & Inkjet Cartridges	Epson Ribbons & Inks	no
5334	Epson 103 Ecotank Blacktank Ink Bottle 65ML	EPSON 103 ECOTANK BLACKTANK INK BOTTLE 65ML	https://trinatechtonersandprinters.co.ke/product?id=5334	https://old.trinatechtonersandprinters.co.ke/wp-content/uploads/2026/02/Epson-103-Ecotank-Blacktank-Ink-Bottle-65ML.webp	in stock	1200 KES	Epson	new	Electronics > Print, Copy, Scan & Fax > Printer, Copier & Fax Machine Accessories > Toner & Inkjet Cartridges	Epson Ribbons & Inks	no
5333	Epson 103 Ecotank Cyan Tank Ink Bottle 65ML	EPSON 103 ECOTANK CYAN TANK INK BOTTLE 65ML	https://trinatechtonersandprinters.co.ke/product?id=5333	https://old.trinatechtonersandprinters.co.ke/wp-content/uploads/2026/02/Epson-103-Ecotank-Cyan-Tank-Ink-Bottle-65ML.webp	in stock	1200 KES	Epson	new	Electronics > Print, Copy, Scan & Fax > Printer, Copier & Fax Machine Accessories > Toner & Inkjet Cartridges	Epson Ribbons & Inks	no
5332	Epson 103 Ecotank Magenta Tank Ink Bottle 65ML	EPSON 103 ECOTANK MAGENTA TANK INK BOTTLE 65ML	https://trinatechtonersandprinters.co.ke/product?id=5332	https://old.trinatechtonersandprinters.co.ke/wp-content/uploads/2026/02/Epson-103-Ecotank-Magenta-Tank-Ink-Bottle-65ML.webp	in stock	1200 KES	Epson	new	Electronics > Print, Copy, Scan & Fax > Printer, Copier & Fax Machine Accessories > Toner & Inkjet Cartridges	Epson Ribbons & Inks	no
5331	Epson 103 Ecotank Yellow Tank Ink Bottle 65ML	EPSON 103 ECOTANK YELLOW TANK INK BOTTLE 65ML	https://trinatechtonersandprinters.co.ke/product?id=5331	https://old.trinatechtonersandprinters.co.ke/wp-content/uploads/2026/02/Epson-103-Ecotank-Yellow-Tank-Ink-Bottle-65ML.webp	in stock	1200 KES	Epson	new	Electronics > Print, Copy, Scan & Fax > Printer, Copier & Fax Machine Accessories > Toner & Inkjet Cartridges	Epson Ribbons & Inks	no
5330	Epson 110 Ecotank Black Ink Bottle 120ML	EPSON 110 ECOTANK BLACK INK BOTTLE 120ML	https://trinatechtonersandprinters.co.ke/product?id=5330	https://old.trinatechtonersandprinters.co.ke/wp-content/uploads/2026/02/Epson-110-Ecotank-Black-Ink-Bottle-120ML.webp	in stock	3000 KES	Epson	new	Electronics > Print, Copy, Scan & Fax > Printer, Copier & Fax Machine Accessories > Toner & Inkjet Cartridges	Epson Ribbons & Inks	no
5329	Epson 112 Ecotank Black Pigment Ink Bottle	EPSON 112 ECOTANK BLACK PIGMENT INK BOTTLE	https://trinatechtonersandprinters.co.ke/product?id=5329	https://old.trinatechtonersandprinters.co.ke/wp-content/uploads/2026/02/Epson-112-Ecotank-Black-Pigment-Ink-Bottle.webp	in stock	3200 KES	Epson	new	Electronics > Print, Copy, Scan & Fax > Printer, Copier & Fax Machine Accessories > Toner & Inkjet Cartridges	Epson Ribbons & Inks	no
5328	Epson 112 Ecotank Cym Ink Bottles Each	EPSON 112 ECOTANK CYM INK BOTTLES EACH	https://trinatechtonersandprinters.co.ke/product?id=5328	https://old.trinatechtonersandprinters.co.ke/wp-content/uploads/2026/02/Epson-112-Ecotank-Cym-Ink-Bottles-Each.webp	in stock	2700 KES	Epson	new	Electronics > Print, Copy, Scan & Fax > Printer, Copier & Fax Machine Accessories > Toner & Inkjet Cartridges	Epson Ribbons & Inks	no
5327	Epson 664 Black Ink Bottle 70ML (T6641)	EPSON 664 BLACK INK BOTTLE 70ML (T6641)	https://trinatechtonersandprinters.co.ke/product?id=5327	https://old.trinatechtonersandprinters.co.ke/wp-content/uploads/2026/02/Epson-664-Black-Ink-Bottle-70ML-T6641.webp	in stock	1200 KES	Epson	new	Electronics > Print, Copy, Scan & Fax > Printer, Copier & Fax Machine Accessories > Toner & Inkjet Cartridges	Epson Ribbons & Inks	no
5326	Epson 664 Cyan Ink Bottle 70ML (T6642)	EPSON 664 CYAN INK BOTTLE 70ML (T6642)	https://trinatechtonersandprinters.co.ke/product?id=5326	https://old.trinatechtonersandprinters.co.ke/wp-content/uploads/2026/02/Epson-664-Cyan-Ink-Bottle-70ML-T6642.webp	in stock	1200 KES	Epson	new	Electronics > Print, Copy, Scan & Fax > Printer, Copier & Fax Machine Accessories > Toner & Inkjet Cartridges	Epson Ribbons & Inks	no
4445	Epson 664 Ink Bottle	The Epson 664 Ink Bottle is designed to meet the printing demands of both home users and businesses, delivering high-quality prints with every use.	https://trinatechtonersandprinters.co.ke/product?id=4445	https://old.trinatechtonersandprinters.co.ke/wp-content/uploads/2025/01/Epson-664-Ink.png	in stock	1500 KES	Epson	new	Electronics > Print, Copy, Scan & Fax > Printer, Copier & Fax Machine Accessories > Toner & Inkjet Cartridges	Inks & Toner Cartridges	no
5325	Epson 664 Magneta Ink Bottle 70ML (T6643)	EPSON 664 MAGNETA INK BOTTLE 70ML (T6643)	https://trinatechtonersandprinters.co.ke/product?id=5325	https://old.trinatechtonersandprinters.co.ke/wp-content/uploads/2026/02/Epson-664-Magneta-Ink-Bottle-70ML-T6643.webp	in stock	1200 KES	Epson	new	Electronics > Print, Copy, Scan & Fax > Printer, Copier & Fax Machine Accessories > Toner & Inkjet Cartridges	Epson Ribbons & Inks	no
5324	Epson 664 Yellow Ink Bottle 70ML (T6644)	EPSON 664 YELLOW INK BOTTLE 70ML (T6644)	https://trinatechtonersandprinters.co.ke/product?id=5324	https://old.trinatechtonersandprinters.co.ke/wp-content/uploads/2026/02/Epson-664-Yellow-Ink-Bottle-70ML-T6644.webp	in stock	1200 KES	Epson	new	Electronics > Print, Copy, Scan & Fax > Printer, Copier & Fax Machine Accessories > Toner & Inkjet Cartridges	Epson Ribbons & Inks	no
5323	Epson 664/673 Refill Ink Compatible Ink Each	EPSON 664/673 REFILL INK COMPATIBLE INK EACH	https://trinatechtonersandprinters.co.ke/product?id=5323	https://old.trinatechtonersandprinters.co.ke/wp-content/uploads/2026/02/Epson-664-673-Refill-Ink-Compatible-Ink-Each.webp	in stock	400 KES	Epson	new	Electronics > Print, Copy, Scan & Fax > Printer, Copier & Fax Machine Accessories > Toner & Inkjet Cartridges	Epson Ribbons & Inks	no
5322	Epson 673 Black Ink Bottle 70ML	EPSON 673 BLACK INK BOTTLE 70ML	https://trinatechtonersandprinters.co.ke/product?id=5322	https://old.trinatechtonersandprinters.co.ke/wp-content/uploads/2026/02/Epson-673-Black-Ink-Bottle-70ML.webp	in stock	1200 KES	Epson	new	Electronics > Print, Copy, Scan & Fax > Printer, Copier & Fax Machine Accessories > Toner & Inkjet Cartridges	Epson Ribbons & Inks	no
5321	Epson 673 Cyan Ink Bottle 70ML	EPSON 673 CYAN INK BOTTLE 70ML	https://trinatechtonersandprinters.co.ke/product?id=5321	https://old.trinatechtonersandprinters.co.ke/wp-content/uploads/2026/02/Epson-673-Cyan-Ink-Bottle-70ML.webp	in stock	1200 KES	Epson	new	Electronics > Print, Copy, Scan & Fax > Printer, Copier & Fax Machine Accessories > Toner & Inkjet Cartridges	Epson Ribbons & Inks	no
5320	Epson 673 Light Magenta Ink Bottle 70ML (T6736)	EPSON 673 LIGHT MAGENTA INK BOTTLE 70ML (T6736)	https://trinatechtonersandprinters.co.ke/product?id=5320	https://old.trinatechtonersandprinters.co.ke/wp-content/uploads/2026/02/Epson-673-Light-Magenta-Ink-Bottle-70ML-T6736.webp	in stock	1200 KES	Epson	new	Electronics > Print, Copy, Scan & Fax > Printer, Copier & Fax Machine Accessories > Toner & Inkjet Cartridges	Epson Ribbons & Inks	no
5319	Epson 673 Magenta Ink Bottle 70ML (T6733)	EPSON 673 MAGENTA INK BOTTLE 70ML (T6733)	https://trinatechtonersandprinters.co.ke/product?id=5319	https://old.trinatechtonersandprinters.co.ke/wp-content/uploads/2026/02/Epson-673-Magenta-Ink-Bottle-70ML-T6733.webp	in stock	1200 KES	Epson	new	Electronics > Print, Copy, Scan & Fax > Printer, Copier & Fax Machine Accessories > Toner & Inkjet Cartridges	Epson Ribbons & Inks	no
3420	Epson CO-FH02 Projector	The Epson CO-FH02 projector brings your content to life with Full HD 1080p resolution, delivering sharp, vibrant visuals for movies, presentations, and gaming.	https://trinatechtonersandprinters.co.ke/product?id=3420	https://old.trinatechtonersandprinters.co.ke/wp-content/uploads/2024/12/epson-co-projector.png	in stock	95000 KES	Epson	new		Projectors	no
3423	Epson EB-FH06 Projector	The Epson EB-FH06 projector is engineered to provide exceptional performance for both professional and home use.	https://trinatechtonersandprinters.co.ke/product?id=3423	https://old.trinatechtonersandprinters.co.ke/wp-content/uploads/2024/12/epson-eb-Projector.png	in stock	130000 KES	Epson	new		Projectors	no
3414	Epson EB-X49 Projector	The Epson EB-X49 projector is an ideal solution for both home and business environments, offering exceptional value without sacrificing quality.	https://trinatechtonersandprinters.co.ke/product?id=3414	https://old.trinatechtonersandprinters.co.ke/wp-content/uploads/2024/12/epson-eb-Projector.png	in stock	90000 KES	Epson	new		Projectors	no
3433	Epson EH-TW6150 Projector	The Epson EH-TW6150 projector offers an impressive cinematic experience with its 4K enhancement technology.	https://trinatechtonersandprinters.co.ke/product?id=3433	https://old.trinatechtonersandprinters.co.ke/wp-content/uploads/2024/12/epson-eh-projector.png	in stock	200000 KES	Epson	new		Projectors	no
3425	Epson EH-TW6250 Projector	The Epson EH-TW6250 projector delivers an extraordinary viewing experience with its 4K enhancement technology.	https://trinatechtonersandprinters.co.ke/product?id=3425	https://old.trinatechtonersandprinters.co.ke/wp-content/uploads/2024/12/epson-eh-projector.png	in stock	120000 KES	Epson	new		Projectors	no
3580	Epson ERC-31 Ribbon Cartridge	The Epson ERC-31 Ribbon Cartridge is the ideal solution for businesses and offices looking for consistent, high-quality prints from Epson dot matrix printers.	https://trinatechtonersandprinters.co.ke/product?id=3580	https://old.trinatechtonersandprinters.co.ke/wp-content/uploads/2024/12/Epson-ERC-31-Ribbon.png	in stock	600 KES	Epson	new	Electronics > Print, Copy, Scan & Fax > Printer, Copier & Fax Machine Accessories > Toner & Inkjet Cartridges	Inks & Toner Cartridges	no
3578	Epson ERC-38 B Ribbon Cartridge	The Epson ERC-38 B Ribbon Cartridge is a high-performance ribbon designed to work seamlessly with a range of Epson dot matrix printers.	https://trinatechtonersandprinters.co.ke/product?id=3578	https://old.trinatechtonersandprinters.co.ke/wp-content/uploads/2024/12/Epson-ERC-38-B-Ribbon.png	in stock	600 KES	Epson	new	Electronics > Print, Copy, Scan & Fax > Printer, Copier & Fax Machine Accessories > Toner & Inkjet Cartridges	Inks & Toner Cartridges	no
4511	Epson Ecotank L1800 Single Function Inktank A3 Photo Printer	The Epson EcoTank L1800 Single Function InkTank A3 Photo Printer is a professional-grade printer designed for photographers, graphic designers, and businesses.	https://trinatechtonersandprinters.co.ke/product?id=4511	https://old.trinatechtonersandprinters.co.ke/wp-content/uploads/2025/01/Epson-L1800-Printer.png	in stock	150000 KES	Epson	new	Electronics > Print, Copy, Scan & Fax > Printers, Copiers & Fax Machines	Printers & Copiers	no
4496	Epson Ecotank L3210 A4 All-In-One Ink Tank Printer	The Epson EcoTank L3210 A4 All-in-One Ink Tank Printer is a highly efficient and cost-effective printing solution designed for homes and small offices.	https://trinatechtonersandprinters.co.ke/product?id=4496	https://old.trinatechtonersandprinters.co.ke/wp-content/uploads/2025/01/Epson-L3210-Printer.png	in stock	26000 KES	Epson	new	Electronics > Print, Copy, Scan & Fax > Printers, Copiers & Fax Machines	Printers & Copiers	no
4499	Epson Ecotank L3250 A4 Wi-Fi All-In-One Ink Tank Printer	The Epson EcoTank L3250 A4 Wi-Fi All-in-One Ink Tank Printer is a versatile and cost-efficient solution for home offices and small businesses.	https://trinatechtonersandprinters.co.ke/product?id=4499	https://old.trinatechtonersandprinters.co.ke/wp-content/uploads/2025/01/Epson-L3250-Printer.png	in stock	27000 KES	Epson	new	Electronics > Print, Copy, Scan & Fax > Printers, Copiers & Fax Machines	Printers & Copiers	no
4502	Epson Ecotank L4260 A4 Wi-Fi Duplex All-In-One Ink Tank Printer	The Epson EcoTank L4260 A4 Wi-Fi Duplex All-in-One Ink Tank Printer is a highly efficient, cost-effective solution for businesses and home offices.	https://trinatechtonersandprinters.co.ke/product?id=4502	https://old.trinatechtonersandprinters.co.ke/wp-content/uploads/2025/01/Epson-L4260-Printer.png	in stock	48000 KES	Epson	new	Electronics > Print, Copy, Scan & Fax > Printers, Copiers & Fax Machines	Printers & Copiers	no
4493	Epson Ecotank L5290 A4 Wi-Fi All-In-One Ink Tank Printer	The Epson EcoTank L5290 A4 Wi-Fi All-in-One Ink Tank Printer is a versatile and cost-effective printing solution designed for home offices and small businesses.	https://trinatechtonersandprinters.co.ke/product?id=4493	https://old.trinatechtonersandprinters.co.ke/wp-content/uploads/2025/01/Epson-L5290-Printer.png	in stock	57000 KES	Epson	new	Electronics > Print, Copy, Scan & Fax > Printers, Copiers & Fax Machines	Printers & Copiers	no
4505	Epson Ecotank L6490 A4 Ink Tank Printer	The Epson EcoTank L6490 A4 Ink Tank Printer is an advanced, high-performance solution for growing businesses that require efficient, high-volume printing.	https://trinatechtonersandprinters.co.ke/product?id=4505	https://old.trinatechtonersandprinters.co.ke/wp-content/uploads/2025/01/Epson-L6490-Printer.png	in stock	70000 KES	Epson	new	Electronics > Print, Copy, Scan & Fax > Printers, Copiers & Fax Machines	Printers & Copiers	no
4508	Epson Ecotank L6570 Wi-Fi Duplex Multifunction Adf Inktank Office Printer	The Epson EcoTank L6570 Wi-Fi Duplex Multifunction ADF InkTank Office Printer is a high-performance, cost-efficient solution for businesses.	https://trinatechtonersandprinters.co.ke/product?id=4508	https://old.trinatechtonersandprinters.co.ke/wp-content/uploads/2025/01/Epson-L6570-Printer.png	in stock	150000 KES	Epson	new	Electronics > Print, Copy, Scan & Fax > Printers, Copiers & Fax Machines	Printers & Copiers	no
4514	Epson L850 Photo All-In-One Ink Tank Printer	The Epson L850 Photo All-in-One Ink Tank Printer is a versatile, high-performance solution for professional-quality photo printing.	https://trinatechtonersandprinters.co.ke/product?id=4514	https://old.trinatechtonersandprinters.co.ke/wp-content/uploads/2025/01/Epson-L850-Printer.png	in stock	70000 KES	Epson	new	Electronics > Print, Copy, Scan & Fax > Printers, Copiers & Fax Machines	Printers & Copiers	no
5317	Epson LQ-2190 Ribbon Cartridge	EPSON LQ-2190 RIBBON CARTRIDGE	https://trinatechtonersandprinters.co.ke/product?id=5317	https://old.trinatechtonersandprinters.co.ke/wp-content/uploads/2026/02/Epson-LQ-2190-Ribbon-Cartridge.webp	in stock	1200 KES	Epson	new	Electronics > Print, Copy, Scan & Fax > Printer, Copier & Fax Machine Accessories > Toner & Inkjet Cartridges	Epson Ribbons & Inks	no
5316	Epson LQ-350 Generic Ribbon Black Cartridge	EPSON LQ-350 GENERIC RIBBON BLACK CARTRIDGE	https://trinatechtonersandprinters.co.ke/product?id=5316	https://old.trinatechtonersandprinters.co.ke/wp-content/uploads/2026/02/Epson-LQ-350-Generic-Ribbon-Black-Cartridge.webp	in stock	600 KES	Epson	new	Electronics > Print, Copy, Scan & Fax > Printer, Copier & Fax Machine Accessories > Toner & Inkjet Cartridges	Epson Ribbons & Inks	no
5315	Epson LQ-350 Original Ribbon Black Cartridge	EPSON LQ-350 ORIGINAL RIBBON BLACK CARTRIDGE	https://trinatechtonersandprinters.co.ke/product?id=5315	https://old.trinatechtonersandprinters.co.ke/wp-content/uploads/2026/02/Epson-LQ-350-Original-Ribbon-Black-Cartridge.webp	in stock	600 KES	Epson	new	Electronics > Print, Copy, Scan & Fax > Printer, Copier & Fax Machine Accessories > Toner & Inkjet Cartridges	Epson Ribbons & Inks	no
3576	Epson LQ-590 Ribbon Cartridge	Compatible with: Epson LQ-590 (including LQ-590H) Epson LQ-590II Epson LQ-590IIN	https://trinatechtonersandprinters.co.ke/product?id=3576	https://old.trinatechtonersandprinters.co.ke/wp-content/uploads/2024/12/Epson-LQ-590-Ribbon.png	in stock	1000 KES	Epson	new	Electronics > Print, Copy, Scan & Fax > Printer, Copier & Fax Machine Accessories > Toner & Inkjet Cartridges	Inks & Toner Cartridges	no
5314	Epson LQ-590/690 Generic Ribbon Black Cartridge	EPSON LQ-590/690 GENERIC RIBBON BLACK CARTRIDGE	https://trinatechtonersandprinters.co.ke/product?id=5314	https://old.trinatechtonersandprinters.co.ke/wp-content/uploads/2026/02/Epson-LQ-590-690-Generic-Ribbon-Black-Cartridge.webp	in stock	1000 KES	Epson	new	Electronics > Print, Copy, Scan & Fax > Printer, Copier & Fax Machine Accessories > Toner & Inkjet Cartridges	Epson Ribbons & Inks	no
5313	Epson LQ-590/690 Genuine Ribbon Black Cartridge	EPSON LQ-590/690 GENUINE RIBBON BLACK CARTRIDGE	https://trinatechtonersandprinters.co.ke/product?id=5313	https://old.trinatechtonersandprinters.co.ke/wp-content/uploads/2026/02/Epson-LQ-590-690-Genuine-Ribbon-Black-Cartridge.webp	in stock	1000 KES	Epson	new	Electronics > Print, Copy, Scan & Fax > Printer, Copier & Fax Machine Accessories > Toner & Inkjet Cartridges	Epson Ribbons & Inks	no
3574	Epson LQ-680 Ribbon Cartridge	The Epson LQ-680 Ribbon Cartridge offers reliability and consistent performance for both personal and business use.	https://trinatechtonersandprinters.co.ke/product?id=3574	https://old.trinatechtonersandprinters.co.ke/wp-content/uploads/2024/12/Epson-LQ-680-Ribbon.png	in stock	500 KES	Epson	new	Electronics > Print, Copy, Scan & Fax > Printer, Copier & Fax Machine Accessories > Toner & Inkjet Cartridges	Inks & Toner Cartridges	no
3569	Epson LQ-690 Ribbon Cartridge	Compatible with: Epson LQ-690 Epson LQ-690+ Epson LQ-680 Pro Epson LQ-590 / 590II / 590II NT	https://trinatechtonersandprinters.co.ke/product?id=3569	https://old.trinatechtonersandprinters.co.ke/wp-content/uploads/2024/12/Epson-Ribbon-LQ-690.png	in stock	1200 KES	Epson	new	Electronics > Print, Copy, Scan & Fax > Printer, Copier & Fax Machine Accessories > Toner & Inkjet Cartridges	Inks & Toner Cartridges	no
5312	Epson LX-300/350 Ribbon Cartridge	EPSON LX-300/350 RIBBON CARTRIDGE	https://trinatechtonersandprinters.co.ke/product?id=5312	https://old.trinatechtonersandprinters.co.ke/wp-content/uploads/2026/02/Epson-LX-300-350-Ribbon-Cartridge-1.webp	in stock	600 KES	Epson	new	Electronics > Print, Copy, Scan & Fax > Printer, Copier & Fax Machine Accessories > Toner & Inkjet Cartridges	Epson Ribbons & Inks	no
4517	Epson LX-350 Impact Dot Matrix Printer	The Epson LX-350 Impact Dot Matrix Printer is a durable, high-performance printer designed for businesses that require reliable, high-speed printing for forms and reports.	https://trinatechtonersandprinters.co.ke/product?id=4517	https://old.trinatechtonersandprinters.co.ke/wp-content/uploads/2025/01/Epson-LX-350-Printer.png	in stock	35000 KES	Epson	new	Electronics > Print, Copy, Scan & Fax > Printers, Copiers & Fax Machines	Printers & Copiers	no
3571	Epson LX-350 Ribbon Cartridge	The Epson LX-350 Ribbon Cartridge is an essential accessory for those using the Epson LX-350 dot matrix printer.	https://trinatechtonersandprinters.co.ke/product?id=3571	https://old.trinatechtonersandprinters.co.ke/wp-content/uploads/2024/12/Epson-LX-300-Ribbon.png	in stock	600 KES	Epson	new	Electronics > Print, Copy, Scan & Fax > Printer, Copier & Fax Machine Accessories > Toner & Inkjet Cartridges	Inks & Toner Cartridges	no
3434	Epson Perfection V39 Scanner	The Epson Perfection V39 Scanner is a compact and efficient solution for anyone needing high-quality scans at home or in the office.	https://trinatechtonersandprinters.co.ke/product?id=3434	https://old.trinatechtonersandprinters.co.ke/wp-content/uploads/2024/12/epson-v39-scanner.png	in stock	23000 KES	Epson	new	Electronics > Print, Copy, Scan & Fax > Printers, Copiers & Fax Machines	Scanner	no
5311	Epson Ribbon DFX9000 Black Cartridge	EPSON RIBBON DFX9000 BLACK CARTRIDGE	https://trinatechtonersandprinters.co.ke/product?id=5311	https://old.trinatechtonersandprinters.co.ke/wp-content/uploads/2026/02/Epson-Ribbon-DFX9000-Black-Cartridge.webp	in stock	1500 KES	Epson	new	Electronics > Print, Copy, Scan & Fax > Printer, Copier & Fax Machine Accessories > Toner & Inkjet Cartridges	Epson Ribbons & Inks	no
5310	Epson Ribbon ERC38/39 Original For TM300A Black	EPSON RIBBON ERC38/39 ORIGINAL FOR TM300A BLACK	https://trinatechtonersandprinters.co.ke/product?id=5310	https://old.trinatechtonersandprinters.co.ke/wp-content/uploads/2026/02/Epson-Ribbon-ERC38-39-Original-For-TM300A-Black.webp	in stock	600 KES	Epson	new	Electronics > Print, Copy, Scan & Fax > Printer, Copier & Fax Machine Accessories > Toner & Inkjet Cartridges	Epson Ribbons & Inks	no
5309	Epson Ribbon LQ-2170/2180/2190 Black	EPSON RIBBON LQ-2170/2180/2190 BLACK	https://trinatechtonersandprinters.co.ke/product?id=5309	https://old.trinatechtonersandprinters.co.ke/wp-content/uploads/2026/02/Epson-Ribbon-LQ-2170-2180-2190-Black.webp	in stock	1200 KES	Epson	new	Electronics > Print, Copy, Scan & Fax > Printer, Copier & Fax Machine Accessories > Toner & Inkjet Cartridges	Epson Ribbons & Inks	no
5308	Epson Ribbons LX-350 Black Cartridge	EPSON RIBBONS LX-350 BLACK CARTRIDGE	https://trinatechtonersandprinters.co.ke/product?id=5308	https://old.trinatechtonersandprinters.co.ke/wp-content/uploads/2026/02/Epson-Ribbons-LX-350-Black-Cartridge.webp	in stock	600 KES	Epson	new	Electronics > Print, Copy, Scan & Fax > Printer, Copier & Fax Machine Accessories > Toner & Inkjet Cartridges	Epson Ribbons & Inks	no
5318	Epson T6735 Light Cyan Ink Bottle 70ML	EPSON T6735 LIGHT CYAN INK BOTTLE 70ML	https://trinatechtonersandprinters.co.ke/product?id=5318	https://old.trinatechtonersandprinters.co.ke/wp-content/uploads/2026/02/Epson-T6735-Light-Cyan-Ink-Bottle-70ML.webp	in stock	300 KES	Epson	new	Electronics > Print, Copy, Scan & Fax > Printer, Copier & Fax Machine Accessories > Toner & Inkjet Cartridges	Epson Ribbons & Inks	no
5283	Royal Premium Epson 103 Ink CMYK	ROYAL PREMIUM EPSON 103 INK CMYK	https://trinatechtonersandprinters.co.ke/product?id=5283	https://old.trinatechtonersandprinters.co.ke/wp-content/uploads/2026/02/Royal-Premium-Epson-103-Ink-CMYK.webp	in stock	400 KES	Epson	new	Electronics > Print, Copy, Scan & Fax > Printer, Copier & Fax Machine Accessories > Toner & Inkjet Cartridges	Master Rolls & Inks	no
4599	HP 05A Black Original Laserjet Toner Cartridge (CE505A)	Compatible with: HP LaserJet P2035 HP LaserJet P2035n HP LaserJet P2055 HP LaserJet P2055d HP LaserJet P2055dn HP LaserJet P2055x	https://trinatechtonersandprinters.co.ke/product?id=4599	https://old.trinatechtonersandprinters.co.ke/wp-content/uploads/2025/07/HP-05A-Black-Original-LaserJet-Toner-Cartridge.png	in stock	7000 KES	HP	new	Electronics > Print, Copy, Scan & Fax > Printer, Copier & Fax Machine Accessories > Toner & Inkjet Cartridges	Inks & Toner Cartridges	no
5185	HP 05A Black Toner Laserjet (CE505A)	HP 05A BLACK TONER LASERJET (CE505A	https://trinatechtonersandprinters.co.ke/product?id=5185	https://old.trinatechtonersandprinters.co.ke/wp-content/uploads/2026/02/HP-05A-Black-Toner-Laserjet-CE505A.webp	in stock	6000 KES	HP	new	Electronics > Print, Copy, Scan & Fax > Printer, Copier & Fax Machine Accessories > Toner & Inkjet Cartridges	HP Original Toners	no
5184	HP 103A Black Neverstop Toner Reload Kit (1103A)	HP 103A BLACK NEVERSTOP TONER RELOAD KIT (1103A	https://trinatechtonersandprinters.co.ke/product?id=5184	https://old.trinatechtonersandprinters.co.ke/wp-content/uploads/2026/02/HP-103A-Black-Neverstop-Toner-Reload-Kit-1103A.webp	in stock	4000 KES	HP	new	Electronics > Print, Copy, Scan & Fax > Printer, Copier & Fax Machine Accessories > Toner & Inkjet Cartridges	HP Original Toners	no
5183	HP 104A Black Laser Imaging Drum (W1104A)	HP 104A BLACK LASER IMAGING DRUM (W1104A	https://trinatechtonersandprinters.co.ke/product?id=5183	https://old.trinatechtonersandprinters.co.ke/wp-content/uploads/2026/02/HP-104A-Black-Laser-Imaging-Drum-W1104A.webp	in stock	7000 KES	HP	new	Electronics > Print, Copy, Scan & Fax > Printer, Copier & Fax Machine Accessories > Toner & Inkjet Cartridges	HP Original Toners	no
5182	HP 106A Black Toner Cartridge (W1106A)	HP 106A BLACK TONER CARTRIDGE (W1106A	https://trinatechtonersandprinters.co.ke/product?id=5182	https://old.trinatechtonersandprinters.co.ke/wp-content/uploads/2026/02/HP-106A-Black-Toner-Cartridge-W1106A.webp	in stock	7500 KES	HP	new	Electronics > Print, Copy, Scan & Fax > Printer, Copier & Fax Machine Accessories > Toner & Inkjet Cartridges	HP Original Toners	no
4175	HP 107A Black Original Laserjet Toner Cartridge	Compatible with: HP LaserJet 107 Series: 107a, 107w, 107r HP LaserJet Pro MFP 130 Series: 135a, 135w HP LaserJet Pro MFP 137fnw	https://trinatechtonersandprinters.co.ke/product?id=4175	https://old.trinatechtonersandprinters.co.ke/wp-content/uploads/2025/01/HP-107A-Black-Original-LaserJet-Toner.png	in stock	7500 KES	HP	new	Electronics > Print, Copy, Scan & Fax > Printer, Copier & Fax Machine Accessories > Toner & Inkjet Cartridges	Inks & Toner Cartridges	no
5181	HP 107A Black Toner Cartridge (W1107A)	HP 107A BLACK TONER CARTRIDGE (W1107A	https://trinatechtonersandprinters.co.ke/product?id=5181	https://old.trinatechtonersandprinters.co.ke/wp-content/uploads/2026/02/HP-107A-Black-Toner-Cartridge-W1107A.webp	in stock	7500 KES	HP	new	Electronics > Print, Copy, Scan & Fax > Printer, Copier & Fax Machine Accessories > Toner & Inkjet Cartridges	HP Original Toners	no
4793	HP 117A Black Original Laserjet Toner Cartridge	Compatible with: HP Color LaserJet 150a / 150nw HP Color LaserJet MFP 178nw HP Color LaserJet MFP 179fnw / 179fng	https://trinatechtonersandprinters.co.ke/product?id=4793	https://old.trinatechtonersandprinters.co.ke/wp-content/uploads/2025/07/HP-117A-Black-Original-Toner.png	in stock	7500 KES	HP	new	Electronics > Print, Copy, Scan & Fax > Printer, Copier & Fax Machine Accessories > Toner & Inkjet Cartridges	Inks & Toner Cartridges	no
5180	HP 117A Black Toner Cartridge (W2070A)	HP 117A BLACK TONER CARTRIDGE (W2070A	https://trinatechtonersandprinters.co.ke/product?id=5180	https://old.trinatechtonersandprinters.co.ke/wp-content/uploads/2026/02/HP-117A-Black-Toner-Cartridge-W2070A.webp	in stock	7500 KES	HP	new	Electronics > Print, Copy, Scan & Fax > Printer, Copier & Fax Machine Accessories > Toner & Inkjet Cartridges	HP Original Toners	no
5179	HP 117A Cym Toner Laserjet Cartridge Each (CF214A)	HP 117A CYM TONER LASERJET CARTRIDGE EACH (CF214A	https://trinatechtonersandprinters.co.ke/product?id=5179	https://old.trinatechtonersandprinters.co.ke/wp-content/uploads/2026/02/HP-117A-Cym-Toner-Laserjet-Cartridge-Each-CF214A.webp	in stock	7500 KES	HP	new	Electronics > Print, Copy, Scan & Fax > Printer, Copier & Fax Machine Accessories > Toner & Inkjet Cartridges	HP Original Toners	no
5178	HP 11A Black Toner Original Laserjet (Q6511A)	HP 11A BLACK TONER ORIGINAL LASERJET (Q6511A	https://trinatechtonersandprinters.co.ke/product?id=5178	https://old.trinatechtonersandprinters.co.ke/wp-content/uploads/2026/02/HP-11A-Black-Toner-Original-Laserjet-Q6511A.webp	in stock	11000 KES	HP	new	Electronics > Print, Copy, Scan & Fax > Printer, Copier & Fax Machine Accessories > Toner & Inkjet Cartridges	HP Original Toners	no
5177	HP 120A Imaging Drum (W1120)	HP 120A IMAGING DRUM (W1120	https://trinatechtonersandprinters.co.ke/product?id=5177	https://old.trinatechtonersandprinters.co.ke/wp-content/uploads/2026/02/HP-120A-Imaging-Drum-W1120.webp	in stock	15000 KES	HP	new	Electronics > Print, Copy, Scan & Fax > Printer, Copier & Fax Machine Accessories > Toner & Inkjet Cartridges	HP Original Toners	no
5502	HP 121 Black Ink Original Cartridge (CC640HE)	HP 121 BLACK INK ORIGINAL CARTRIDGE (CC640HE	https://trinatechtonersandprinters.co.ke/product?id=5502	https://old.trinatechtonersandprinters.co.ke/wp-content/uploads/2026/02/HP-121-Black-Ink-Original-Cartridge-CC640HE.webp	in stock	2800 KES	HP	new	Electronics > Print, Copy, Scan & Fax > Printer, Copier & Fax Machine Accessories > Toner & Inkjet Cartridges	Original Hp Ink Cartridges	no
3588	HP 121 Black Original Ink Cartridge	The HP 121 Black Ink Cartridge offers reliable, high-quality printing for both home and office use.	https://trinatechtonersandprinters.co.ke/product?id=3588	https://old.trinatechtonersandprinters.co.ke/wp-content/uploads/2024/12/HP-121-Black-Ink.png	in stock	4500 KES	HP	new	Electronics > Print, Copy, Scan & Fax > Printer, Copier & Fax Machine Accessories > Toner & Inkjet Cartridges	Inks & Toner Cartridges	no
5501	HP 121 Tri Color Ink Original Cartridge (CC640HE)	HP 121 TRI COLOR INK ORIGINAL CARTRIDGE (CC640HE	https://trinatechtonersandprinters.co.ke/product?id=5501	https://old.trinatechtonersandprinters.co.ke/wp-content/uploads/2026/02/HP-121-Tri-Color-Ink-Original-Cartridge-CC640HE.webp	in stock	3500 KES	HP	new	Electronics > Print, Copy, Scan & Fax > Printer, Copier & Fax Machine Accessories > Toner & Inkjet Cartridges	Original Hp Ink Cartridges	no
3590	HP 121 Tri-Colour Original Ink Cartridge	The HP 121 Tri-colour Ink Cartridge is your go-to solution for producing vibrant, true-to-life color prints.	https://trinatechtonersandprinters.co.ke/product?id=3590	https://old.trinatechtonersandprinters.co.ke/wp-content/uploads/2024/12/HP-121-Tri-color-Original-Ink.png	in stock	4000 KES	HP	new	Electronics > Print, Copy, Scan & Fax > Printer, Copier & Fax Machine Accessories > Toner & Inkjet Cartridges	Inks & Toner Cartridges	no
5500	HP 122 Black Ink Cartridge (CH561HE)	HP 122 BLACK INK CARTRIDGE (CH561HE	https://trinatechtonersandprinters.co.ke/product?id=5500	https://old.trinatechtonersandprinters.co.ke/wp-content/uploads/2026/02/HP-122-Black-Ink-Cartridge-CH561HE.webp	in stock	2500 KES	HP	new	Electronics > Print, Copy, Scan & Fax > Printer, Copier & Fax Machine Accessories > Toner & Inkjet Cartridges	Original Hp Ink Cartridges	no
3911	HP 122 Black Original Ink Cartridge	The HP 122 Black Original Ink Cartridge is designed to provide exceptional print quality with sharp, crisp black text.	https://trinatechtonersandprinters.co.ke/product?id=3911	https://old.trinatechtonersandprinters.co.ke/wp-content/uploads/2024/12/HP-122-Black-Original-Ink.png	in stock	2700 KES	HP	new	Electronics > Print, Copy, Scan & Fax > Printer, Copier & Fax Machine Accessories > Toner & Inkjet Cartridges	Inks & Toner Cartridges	no
5499	HP 122 Tri Color Ink Cartridge (CH562HE)	HP 122 TRI COLOR INK CARTRIDGE (CH562HE	https://trinatechtonersandprinters.co.ke/product?id=5499	https://old.trinatechtonersandprinters.co.ke/wp-content/uploads/2026/02/HP-122-Tri-Color-Ink-Cartridge-CH562HE.webp	in stock	3000 KES	HP	new	Electronics > Print, Copy, Scan & Fax > Printer, Copier & Fax Machine Accessories > Toner & Inkjet Cartridges	Original Hp Ink Cartridges	no
3914	HP 122 Tri-Colour Original Ink Cartridge	The HP 122 Tri-colour Original Ink Cartridge is designed to bring your prints to life with bright, vibrant colours.	https://trinatechtonersandprinters.co.ke/product?id=3914	https://old.trinatechtonersandprinters.co.ke/wp-content/uploads/2024/12/HP-122-Tri-colour-Original-Ink.png	in stock	2600 KES	HP	new	Electronics > Print, Copy, Scan & Fax > Printer, Copier & Fax Machine Accessories > Toner & Inkjet Cartridges	Inks & Toner Cartridges	no
5498	HP 123 Black Ink Advantage Cartridge (C2P10AE)	HP 123 BLACK INK ADVANTAGE CARTRIDGE (C2P10AE	https://trinatechtonersandprinters.co.ke/product?id=5498	https://old.trinatechtonersandprinters.co.ke/wp-content/uploads/2026/02/HP-123-Black-Ink-Advantage-Cartridge-C2P10AE.webp	in stock	3500 KES	HP	new	Electronics > Print, Copy, Scan & Fax > Printer, Copier & Fax Machine Accessories > Toner & Inkjet Cartridges	Original Hp Ink Cartridges	no
5497	HP 123 Black Original Ink Cartridge (F6V17AE)	HP 123 BLACK ORIGINAL INK CARTRIDGE (F6V17AE	https://trinatechtonersandprinters.co.ke/product?id=5497	https://old.trinatechtonersandprinters.co.ke/wp-content/uploads/2026/02/HP-123-Black-Original-Ink-Cartridge-F6V17AE.webp	in stock	2200 KES	HP	new	Electronics > Print, Copy, Scan & Fax > Printer, Copier & Fax Machine Accessories > Toner & Inkjet Cartridges	Original Hp Ink Cartridges	no
5496	HP 123 Tri Color Original Ink Cartridge (F6V16AE)	HP 123 TRI COLOR ORIGINAL INK CARTRIDGE (F6V16AE	https://trinatechtonersandprinters.co.ke/product?id=5496	https://old.trinatechtonersandprinters.co.ke/wp-content/uploads/2026/02/HP-123-Tri-Color-Original-Ink-Cartridge-F6V16AE.webp	in stock	2200 KES	HP	new	Electronics > Print, Copy, Scan & Fax > Printer, Copier & Fax Machine Accessories > Toner & Inkjet Cartridges	Original Hp Ink Cartridges	no
3944	HP 123 Tri-Colour Original Ink Cartridge	Compatible with: HP DeskJet 1110, 1111, 1112 series HP DeskJet 2130, 2132, 2133, 2134, 3630, 3632, 3637 series HP Envy 4513, 4520, 4521, 4522	https://trinatechtonersandprinters.co.ke/product?id=3944	https://old.trinatechtonersandprinters.co.ke/wp-content/uploads/2024/12/HP-123-Tri-colour-Original-Ink.png	in stock	2300 KES	HP	new	Electronics > Print, Copy, Scan & Fax > Printer, Copier & Fax Machine Accessories > Toner & Inkjet Cartridges	Inks & Toner Cartridges	no
5176	HP 125A Black Toner Laserjet Catridge (CB540A)	HP 125A BLACK TONER LASERJET CATRIDGE (CB540A	https://trinatechtonersandprinters.co.ke/product?id=5176	https://old.trinatechtonersandprinters.co.ke/wp-content/uploads/2026/02/HP-125A-Black-Toner-Laserjet-Catridge-CB540A.webp	in stock	4500 KES	HP	new	Electronics > Print, Copy, Scan & Fax > Printer, Copier & Fax Machine Accessories > Toner & Inkjet Cartridges	HP Original Toners	no
5175	HP 125A Cyan Toner Laserjet Catridge (CB541A)	HP 125A CYAN TONER LASERJET CATRIDGE (CB541A	https://trinatechtonersandprinters.co.ke/product?id=5175	https://old.trinatechtonersandprinters.co.ke/wp-content/uploads/2026/02/HP-125A-Cyan-Toner-Laserjet-Catridge-CB541A.webp	in stock	4500 KES	HP	new	Electronics > Print, Copy, Scan & Fax > Printer, Copier & Fax Machine Accessories > Toner & Inkjet Cartridges	HP Original Toners	no
5174	HP 125A Magneta Toner Laserjet (CB543A)	HP 125A MAGNETA TONER LASERJET (CB543A	https://trinatechtonersandprinters.co.ke/product?id=5174	https://old.trinatechtonersandprinters.co.ke/wp-content/uploads/2026/02/HP-125A-Magneta-Toner-Laserjet-CB543A.webp	in stock	4500 KES	HP	new	Electronics > Print, Copy, Scan & Fax > Printer, Copier & Fax Machine Accessories > Toner & Inkjet Cartridges	HP Original Toners	no
5173	HP 125A Yellow Toner Laserjet Catridge (CB542A)	HP 125A YELLOW TONER LASERJET CATRIDGE (CB542A	https://trinatechtonersandprinters.co.ke/product?id=5173	https://old.trinatechtonersandprinters.co.ke/wp-content/uploads/2026/02/HP-125A-Yellow-Toner-Laserjet-Catridge-CB542A.webp	in stock	4500 KES	HP	new	Electronics > Print, Copy, Scan & Fax > Printer, Copier & Fax Machine Accessories > Toner & Inkjet Cartridges	HP Original Toners	no
5172	HP 126A Black Toner Original Laserjet (CE310A)	HP 126A BLACK TONER ORIGINAL LASERJET (CE310A	https://trinatechtonersandprinters.co.ke/product?id=5172	https://old.trinatechtonersandprinters.co.ke/wp-content/uploads/2026/02/HP-126A-Black-Toner-Original-Laserjet-CE310A.webp	in stock	4500 KES	HP	new	Electronics > Print, Copy, Scan & Fax > Printer, Copier & Fax Machine Accessories > Toner & Inkjet Cartridges	HP Original Toners	no
5171	HP 126A Cyan Toner Original Laserjet (CE311A)	HP 126A CYAN TONER ORIGINAL LASERJET (CE311A	https://trinatechtonersandprinters.co.ke/product?id=5171	https://old.trinatechtonersandprinters.co.ke/wp-content/uploads/2026/02/HP-126A-Cyan-Toner-Original-Laserjet-CE311A.webp	in stock	4500 KES	HP	new	Electronics > Print, Copy, Scan & Fax > Printer, Copier & Fax Machine Accessories > Toner & Inkjet Cartridges	HP Original Toners	no
5170	HP 126A Imaging Drum Laserjet (CE314A)	HP 126A IMAGING DRUM LASERJET (CE314A	https://trinatechtonersandprinters.co.ke/product?id=5170	https://old.trinatechtonersandprinters.co.ke/wp-content/uploads/2026/02/HP-126A-Imaging-Drum-Laserjet-CE314A.webp	in stock	4500 KES	HP	new	Electronics > Print, Copy, Scan & Fax > Printer, Copier & Fax Machine Accessories > Toner & Inkjet Cartridges	HP Original Toners	no
5169	HP 126A Magneta Toner Original Laserjet (CE313A)	HP 126A MAGNETA TONER ORIGINAL LASERJET (CE313A	https://trinatechtonersandprinters.co.ke/product?id=5169	https://old.trinatechtonersandprinters.co.ke/wp-content/uploads/2026/02/HP-126A-Magneta-Toner-Original-Laserjet-CE313A.webp	in stock	4500 KES	HP	new	Electronics > Print, Copy, Scan & Fax > Printer, Copier & Fax Machine Accessories > Toner & Inkjet Cartridges	HP Original Toners	no
5168	HP 126A Yellow Toner Original Laserjet (CE312A)	HP 126A YELLOW TONER ORIGINAL LASERJET (CE312A	https://trinatechtonersandprinters.co.ke/product?id=5168	https://old.trinatechtonersandprinters.co.ke/wp-content/uploads/2026/02/HP-126A-Yellow-Toner-Original-Laserjet-CE312A.webp	in stock	2500 KES	HP	new	Electronics > Print, Copy, Scan & Fax > Printer, Copier & Fax Machine Accessories > Toner & Inkjet Cartridges	HP Original Toners	no
5167	HP 128A Black Toner Original Laserjet (CE320A)	HP 128A BLACK TONER ORIGINAL LASERJET (CE320A	https://trinatechtonersandprinters.co.ke/product?id=5167	https://old.trinatechtonersandprinters.co.ke/wp-content/uploads/2026/02/HP-128A-Black-Toner-Original-Laserjet-CE320A.webp	in stock	8000 KES	HP	new	Electronics > Print, Copy, Scan & Fax > Printer, Copier & Fax Machine Accessories > Toner & Inkjet Cartridges	HP Original Toners	no
5166	HP 128A Cyan Toner Original Laserjet (CE321A)	HP 128A CYAN TONER ORIGINAL LASERJET (CE321A	https://trinatechtonersandprinters.co.ke/product?id=5166	https://old.trinatechtonersandprinters.co.ke/wp-content/uploads/2026/02/HP-128A-Cyan-Toner-Original-Laserjet-CE321A-scaled.webp	in stock	8000 KES	HP	new	Electronics > Print, Copy, Scan & Fax > Printer, Copier & Fax Machine Accessories > Toner & Inkjet Cartridges	HP Original Toners	no
5165	HP 128A Magneta Toner Original Laserjet (CE322A)	HP 128A MAGNETA TONER ORIGINAL LASERJET (CE322A	https://trinatechtonersandprinters.co.ke/product?id=5165	https://old.trinatechtonersandprinters.co.ke/wp-content/uploads/2026/02/HP-128A-Magneta-Toner-Original-Laserjet-CE322A-scaled.webp	in stock	8000 KES	HP	new	Electronics > Print, Copy, Scan & Fax > Printer, Copier & Fax Machine Accessories > Toner & Inkjet Cartridges	HP Original Toners	no
5164	HP 128A Yellow Toner Original Laserjet (CE322A)	HP 128A YELLOW TONER ORIGINAL LASERJET (CE322A	https://trinatechtonersandprinters.co.ke/product?id=5164	https://old.trinatechtonersandprinters.co.ke/wp-content/uploads/2026/02/HP-128A-Yellow-Toner-Original-Laserjet-CE322A.webp	in stock	8000 KES	HP	new	Electronics > Print, Copy, Scan & Fax > Printer, Copier & Fax Machine Accessories > Toner & Inkjet Cartridges	HP Original Toners	no
5495	HP 129 Black Ink Cartridge (C9364HE)	HP 129 BLACK INK CARTRIDGE (C9364HE	https://trinatechtonersandprinters.co.ke/product?id=5495	https://old.trinatechtonersandprinters.co.ke/wp-content/uploads/2026/02/HP-129-Black-Ink-Cartridge-C9364HE.webp	in stock	3500 KES	HP	new	Electronics > Print, Copy, Scan & Fax > Printer, Copier & Fax Machine Accessories > Toner & Inkjet Cartridges	Original Hp Ink Cartridges	no
3556	HP 12A Black Original Laserjet Toner Cartridge	Compatible with: HP LaserJet 1010 / 1012 / 1015 / 1018 HP LaserJet 1020 / 1020 Plus / 1022 / 1022n / 1022nw HP LaserJet 3015 / 3020 / 3030 / 3050 / 3050z / 3052 / 3055	https://trinatechtonersandprinters.co.ke/product?id=3556	https://old.trinatechtonersandprinters.co.ke/wp-content/uploads/2024/12/HP-12A-Toner.png	in stock	6000 KES	HP	new	Electronics > Print, Copy, Scan & Fax > Printer, Copier & Fax Machine Accessories > Toner & Inkjet Cartridges	Inks & Toner Cartridges	no
5163	HP 12A Black Toner Original Catridge (Q2612A)	HP 12A BLACK TONER ORIGINAL CATRIDGE (Q2612A	https://trinatechtonersandprinters.co.ke/product?id=5163	https://old.trinatechtonersandprinters.co.ke/wp-content/uploads/2026/02/HP-12A-Black-Toner-Original-Catridge-Q2612A.webp	in stock	6000 KES	HP	new	Electronics > Print, Copy, Scan & Fax > Printer, Copier & Fax Machine Accessories > Toner & Inkjet Cartridges	HP Original Toners	no
5494	HP 130 Black Ink Original Cartridge (C8767HE)	HP 130 BLACK INK ORIGINAL CARTRIDGE (C8767HE	https://trinatechtonersandprinters.co.ke/product?id=5494	https://old.trinatechtonersandprinters.co.ke/wp-content/uploads/2026/02/HP-130-Black-Ink-Original-Cartridge-C8767HE.webp	in stock	5000 KES	HP	new	Electronics > Print, Copy, Scan & Fax > Printer, Copier & Fax Machine Accessories > Toner & Inkjet Cartridges	Original Hp Ink Cartridges	no
5162	HP 130A Black Original Toner Laserjet Catridge (CF350A)	HP 130A BLACK ORIGINAL TONER LASERJET CATRIDGE (CF350A	https://trinatechtonersandprinters.co.ke/product?id=5162	https://old.trinatechtonersandprinters.co.ke/wp-content/uploads/2026/02/HP-130A-Black-Original-Toner-Laserjet-Catridge-CF350A-scaled.webp	in stock	6500 KES	HP	new	Electronics > Print, Copy, Scan & Fax > Printer, Copier & Fax Machine Accessories > Toner & Inkjet Cartridges	HP Original Toners	no
5161	HP 130A Cyan Original Toner Laserjet (CF351A)	HP 130A CYAN ORIGINAL TONER LASERJET (CF351A	https://trinatechtonersandprinters.co.ke/product?id=5161	https://old.trinatechtonersandprinters.co.ke/wp-content/uploads/2026/02/HP-130A-Cyan-Original-Toner-Laserjet-CF351A-scaled.webp	in stock	6500 KES	HP	new	Electronics > Print, Copy, Scan & Fax > Printer, Copier & Fax Machine Accessories > Toner & Inkjet Cartridges	HP Original Toners	no
5159	HP 130A Yellow Original Toner Laserjet Catridge (CF352A)	HP 130A YELLOW ORIGINAL TONER LASERJET CATRIDGE (CF352A	https://trinatechtonersandprinters.co.ke/product?id=5159	https://old.trinatechtonersandprinters.co.ke/wp-content/uploads/2026/02/HP-130A-Yellow-Original-Toner-Laserjet-Catridge-CF352A-scaled.webp	in stock	6500 KES	HP	new	Electronics > Print, Copy, Scan & Fax > Printer, Copier & Fax Machine Accessories > Toner & Inkjet Cartridges	HP Original Toners	no
4812	HP 131A Black Original Laserjet Toner Cartridge	Compatible with: HP LaserJet Pro 200 Color M251 series (M251n, M251nw) HP LaserJet Pro 200 Color MFP M276 series (M276n, M276nw)	https://trinatechtonersandprinters.co.ke/product?id=4812	https://old.trinatechtonersandprinters.co.ke/wp-content/uploads/2025/07/HP-131A-Black-Original-Toner.png	in stock	7000 KES	HP	new	Electronics > Print, Copy, Scan & Fax > Printer, Copier & Fax Machine Accessories > Toner & Inkjet Cartridges	Inks & Toner Cartridges	no
5158	HP 131A Black Toner Laserjet (CF210A)	HP 131A BLACK TONER LASERJET (CF210A	https://trinatechtonersandprinters.co.ke/product?id=5158	https://old.trinatechtonersandprinters.co.ke/wp-content/uploads/2026/02/HP-131A-Black-Toner-Laserjet-CF210A-scaled.webp	in stock	7000 KES	HP	new	Electronics > Print, Copy, Scan & Fax > Printer, Copier & Fax Machine Accessories > Toner & Inkjet Cartridges	HP Original Toners	no
5157	HP 131A Cyan Toner Laserjet (CF211A)	HP 131A CYAN TONER LASERJET (CF211A	https://trinatechtonersandprinters.co.ke/product?id=5157	https://old.trinatechtonersandprinters.co.ke/wp-content/uploads/2026/02/HP-131A-Cyan-Toner-Laserjet-CF211A-scaled.webp	in stock	7000 KES	HP	new	Electronics > Print, Copy, Scan & Fax > Printer, Copier & Fax Machine Accessories > Toner & Inkjet Cartridges	HP Original Toners	no
5156	HP 131A Magneta Toner Laserjet (CF213A)	HP 131A MAGNETA TONER LASERJET (CF213A	https://trinatechtonersandprinters.co.ke/product?id=5156	https://old.trinatechtonersandprinters.co.ke/wp-content/uploads/2026/02/HP-131A-Magneta-Toner-Laserjet-CF213A-scaled.webp	in stock	7000 KES	HP	new	Electronics > Print, Copy, Scan & Fax > Printer, Copier & Fax Machine Accessories > Toner & Inkjet Cartridges	HP Original Toners	no
5155	HP 131A Yellow Toner Laserjet (CF212A)	HP 131A YELLOW TONER LASERJET (CF212A	https://trinatechtonersandprinters.co.ke/product?id=5155	https://old.trinatechtonersandprinters.co.ke/wp-content/uploads/2026/02/HP-131A-Yellow-Toner-Laserjet-CF212A-scaled.webp	in stock	7000 KES	HP	new	Electronics > Print, Copy, Scan & Fax > Printer, Copier & Fax Machine Accessories > Toner & Inkjet Cartridges	HP Original Toners	no
5493	HP 134 Tri Color Ink Original Cartridge (C9363HE)	HP 134 TRI COLOR INK ORIGINAL CARTRIDGE (C9363HE	https://trinatechtonersandprinters.co.ke/product?id=5493	https://old.trinatechtonersandprinters.co.ke/wp-content/uploads/2026/02/HP-134-Tri-Color-Ink-Original-Cartridge-C9363HE.webp	in stock	3500 KES	HP	new	Electronics > Print, Copy, Scan & Fax > Printer, Copier & Fax Machine Accessories > Toner & Inkjet Cartridges	Original Hp Ink Cartridges	no
5154	HP 136A Black Toner Laserjet Cartridge (W1360A)	HP 136A BLACK TONER LASERJET CARTRIDGE (W1360A	https://trinatechtonersandprinters.co.ke/product?id=5154	https://old.trinatechtonersandprinters.co.ke/wp-content/uploads/2026/02/HP-136A-Black-Toner-Laserjet-Cartridge-W1360A-scaled.webp	in stock	8000 KES	HP	new	Electronics > Print, Copy, Scan & Fax > Printer, Copier & Fax Machine Accessories > Toner & Inkjet Cartridges	HP Original Toners	no
5153	HP 13A Black Toner Original Laserjet (Q2613A)	HP 13A BLACK TONER ORIGINAL LASERJET (Q2613A	https://trinatechtonersandprinters.co.ke/product?id=5153	https://old.trinatechtonersandprinters.co.ke/wp-content/uploads/2026/02/HP-13A-Black-Toner-Original-Laserjet-Q2613A-scaled.webp	in stock	8000 KES	HP	new	Electronics > Print, Copy, Scan & Fax > Printer, Copier & Fax Machine Accessories > Toner & Inkjet Cartridges	HP Original Toners	no
5152	HP 140G Refill Powder	HP 140G REFILL POWDER	https://trinatechtonersandprinters.co.ke/product?id=5152	https://old.trinatechtonersandprinters.co.ke/wp-content/uploads/2026/02/HP-140G-Refill-Powder.png	in stock	250 KES	HP	new	Electronics > Print, Copy, Scan & Fax > Printer, Copier & Fax Machine Accessories > Toner & Inkjet Cartridges	HP Original Toners	no
5151	HP 147A Black Toner Laserjet Cartridge (W1470A)	HP 147A BLACK TONER LASERJET CARTRIDGE (W1470A	https://trinatechtonersandprinters.co.ke/product?id=5151	https://old.trinatechtonersandprinters.co.ke/wp-content/uploads/2026/02/HP-147A-Black-Toner-Laserjet-Cartridge-W1470A-scaled.webp	in stock	14000 KES	HP	new	Electronics > Print, Copy, Scan & Fax > Printer, Copier & Fax Machine Accessories > Toner & Inkjet Cartridges	HP Original Toners	no
5150	HP 14A Black Toner Laserjet Cartridge (CF214A)	HP 14A BLACK TONER LASERJET CARTRIDGE (CF214A	https://trinatechtonersandprinters.co.ke/product?id=5150	https://old.trinatechtonersandprinters.co.ke/wp-content/uploads/2026/02/HP-14A-Black-Toner-Laserjet-Cartridge-CF214A-scaled.webp	in stock	18000 KES	HP	new	Electronics > Print, Copy, Scan & Fax > Printer, Copier & Fax Machine Accessories > Toner & Inkjet Cartridges	HP Original Toners	no
3496	HP 15 Celeron 4GB/500GB/15.6in Laptop	The HP 15 Celeron is a practical and affordable laptop that offers reliable performance for everyday computing needs.	https://trinatechtonersandprinters.co.ke/product?id=3496	https://old.trinatechtonersandprinters.co.ke/wp-content/uploads/2024/12/HP-15-Celeron-Laptop.png	in stock	42000 KES	HP	new		Laptops	no
3501	HP 15 Core I7 8GB/1TB/15.6in DOS Laptop	The HP 15 Core i7 is a robust and high-performance laptop designed for users who require speed, efficiency, and ample storage.	https://trinatechtonersandprinters.co.ke/product?id=3501	https://old.trinatechtonersandprinters.co.ke/wp-content/uploads/2024/12/HP-15-Celeron-Laptop.png	in stock	98000 KES	HP	new		Laptops	no
4822	HP 150A Black Original Laserjet Toner Cartridge	Compatible with: HP LaserJet M111a, M111w HP LaserJet MFP M141a, M141ca, M141cw, M141w HP LaserJet M110a, M139e-M142e, and related models	https://trinatechtonersandprinters.co.ke/product?id=4822	https://old.trinatechtonersandprinters.co.ke/wp-content/uploads/2025/07/HP-150A-Black-Original-Toner.png	in stock	7500 KES	HP	new	Electronics > Print, Copy, Scan & Fax > Printer, Copier & Fax Machine Accessories > Toner & Inkjet Cartridges	Inks & Toner Cartridges	no
5149	HP 150A Black Toner Laserjet Cartridge (W1500A)	HP 150A BLACK TONER LASERJET CARTRIDGE (W1500A	https://trinatechtonersandprinters.co.ke/product?id=5149	https://old.trinatechtonersandprinters.co.ke/wp-content/uploads/2026/02/HP-150A-Black-Toner-Laserjet-Cartridge-W1500A-scaled.webp	in stock	7500 KES	HP	new	Electronics > Print, Copy, Scan & Fax > Printer, Copier & Fax Machine Accessories > Toner & Inkjet Cartridges	HP Original Toners	no
4592	HP 151A Black Laserjet Toner Cartridge (W1510A)	Compatible with: HP LaserJet Pro 4003 (including 4003dn, 4003dw) HP LaserJet Pro 4103 (including 4103fdn, 4103fdw, MFP variants)	https://trinatechtonersandprinters.co.ke/product?id=4592	https://old.trinatechtonersandprinters.co.ke/wp-content/uploads/2025/07/HP-151A-Black-LaserJet-Toner-Cartridge.png	in stock	13000 KES	HP	new	Electronics > Print, Copy, Scan & Fax > Printer, Copier & Fax Machine Accessories > Toner & Inkjet Cartridges	Inks & Toner Cartridges	no
5148	HP 151A Black Toner Laserjet Cartridge (W1510A)	HP 151A BLACK TONER LASERJET CARTRIDGE (W1510A	https://trinatechtonersandprinters.co.ke/product?id=5148	https://old.trinatechtonersandprinters.co.ke/wp-content/uploads/2026/02/HP-151A-Black-Toner-Laserjet-Cartridge-W1510A-scaled.webp	in stock	11000 KES	HP	new	Electronics > Print, Copy, Scan & Fax > Printer, Copier & Fax Machine Accessories > Toner & Inkjet Cartridges	HP Original Toners	no
5147	HP 16A Black Toner Laserjet Cartridge (Q7516A)	HP 16A BLACK TONER LASERJET CARTRIDGE (Q7516A	https://trinatechtonersandprinters.co.ke/product?id=5147	https://old.trinatechtonersandprinters.co.ke/wp-content/uploads/2026/02/HP-16A-Black-Toner-Laserjet-Cartridge-Q7516A-scaled.webp	in stock	18000 KES	HP	new	Electronics > Print, Copy, Scan & Fax > Printer, Copier & Fax Machine Accessories > Toner & Inkjet Cartridges	HP Original Toners	no
4077	HP 17A Black Original Laserjet Toner Cartridge	Compatible with: HP LaserJet Pro M102 Series: M102a M102w HP LaserJet Pro MFP M130 Series: M130a M130fn M130fw M130nw	https://trinatechtonersandprinters.co.ke/product?id=4077	https://old.trinatechtonersandprinters.co.ke/wp-content/uploads/2025/01/HP-17A-Black-Original-Toner.png	in stock	7000 KES	HP	new	Electronics > Print, Copy, Scan & Fax > Printer, Copier & Fax Machine Accessories > Toner & Inkjet Cartridges	Inks & Toner Cartridges	no
5146	HP 17A Black Toner Laserjet (CF217A)	HP 17A BLACK TONER LASERJET (CF217A	https://trinatechtonersandprinters.co.ke/product?id=5146	https://old.trinatechtonersandprinters.co.ke/wp-content/uploads/2026/02/HP-17A-Black-Toner-Laserjet-CF217A-scaled.webp	in stock	7000 KES	HP	new	Electronics > Print, Copy, Scan & Fax > Printer, Copier & Fax Machine Accessories > Toner & Inkjet Cartridges	HP Original Toners	no
5145	HP 19A Imaging Drum Unit	HP 19A IMAGING DRUM UNIT	https://trinatechtonersandprinters.co.ke/product?id=5145	https://old.trinatechtonersandprinters.co.ke/wp-content/uploads/2026/02/HP-19A-Imaging-Drum-Unit-scaled.webp	in stock	8000 KES	HP	new	Electronics > Print, Copy, Scan & Fax > Printer, Copier & Fax Machine Accessories > Toner & Inkjet Cartridges	HP Original Toners	no
4123	HP 19A Original Laserjet Imaging Drum	Compatible with: HP LaserJet Pro M102 series (M102a, M102w) HP LaserJet Pro MFP M130 series (M130a, M130fn, M130fw, M130nw)	https://trinatechtonersandprinters.co.ke/product?id=4123	https://old.trinatechtonersandprinters.co.ke/wp-content/uploads/2025/01/HP-19A-LaserJet-Imaging-Drum.png	in stock	8000 KES	HP	new	Electronics > Print, Copy, Scan & Fax > Printer, Copier & Fax Machine Accessories > Toner & Inkjet Cartridges	Inks & Toner Cartridges	no
3507	HP 200 G4 All-In-One Pc Core I3 10Th Gen 4GB 1TB 18.5in	The HP 200 G4 All-in-One PC is a compact and efficient solution for users who need reliable performance without the clutter of traditional desktop setups.	https://trinatechtonersandprinters.co.ke/product?id=3507	https://old.trinatechtonersandprinters.co.ke/wp-content/uploads/2024/12/HP-All-in-One-PC-200-G4.png	in stock	80000 KES	HP	new		Computers & Computer Accessories	no
4808	HP 201A Black Original Laserjet Toner Cartridge	Compatible with: HP Color LaserJet Pro M252dw and M252n HP Color LaserJet Pro MFP M274n HP Color LaserJet Pro MFP M277dw and M277n	https://trinatechtonersandprinters.co.ke/product?id=4808	https://old.trinatechtonersandprinters.co.ke/wp-content/uploads/2025/07/HP-201A-Black-Original-Toner.png	in stock	7500 KES	HP	new	Electronics > Print, Copy, Scan & Fax > Printer, Copier & Fax Machine Accessories > Toner & Inkjet Cartridges	Inks & Toner Cartridges	no
5144	HP 201A Black Toner Laserjet (CF400A)	HP 201A BLACK TONER LASERJET (CF400A	https://trinatechtonersandprinters.co.ke/product?id=5144	https://old.trinatechtonersandprinters.co.ke/wp-content/uploads/2026/02/HP-201A-Black-Toner-Laserjet-CF400A-scaled.webp	in stock	7500 KES	HP	new	Electronics > Print, Copy, Scan & Fax > Printer, Copier & Fax Machine Accessories > Toner & Inkjet Cartridges	HP Original Toners	no
5143	HP 201A Cyan Toner Laserjet (CF401A)	HP 201A CYAN TONER LASERJET (CF401A	https://trinatechtonersandprinters.co.ke/product?id=5143	https://old.trinatechtonersandprinters.co.ke/wp-content/uploads/2026/02/HP-201A-Cyan-Toner-Laserjet-CF401A-scaled.webp	in stock	8500 KES	HP	new	Electronics > Print, Copy, Scan & Fax > Printer, Copier & Fax Machine Accessories > Toner & Inkjet Cartridges	HP Original Toners	no
5142	HP 201A Magneta Toner Laserjet (CF403A)	HP 201A MAGNETA TONER LASERJET (CF403A	https://trinatechtonersandprinters.co.ke/product?id=5142	https://old.trinatechtonersandprinters.co.ke/wp-content/uploads/2026/02/HP-201A-Magneta-Toner-Laserjet-CF403A-scaled.webp	in stock	7500 KES	HP	new	Electronics > Print, Copy, Scan & Fax > Printer, Copier & Fax Machine Accessories > Toner & Inkjet Cartridges	HP Original Toners	no
5141	HP 201A Yellow Toner Laserjet (CF402A)	HP 201A YELLOW TONER LASERJET (CF402A	https://trinatechtonersandprinters.co.ke/product?id=5141	https://old.trinatechtonersandprinters.co.ke/wp-content/uploads/2026/02/HP-201A-Yellow-Toner-Laserjet-CF402A-scaled.webp	in stock	7500 KES	HP	new	Electronics > Print, Copy, Scan & Fax > Printer, Copier & Fax Machine Accessories > Toner & Inkjet Cartridges	HP Original Toners	no
4799	HP 203A Black Original Laserjet Toner Cartridge	Compatible with: HP Color LaserJet Pro MFP M180nw, M181fw, M181n HP Color LaserJet Pro M254dw, M254nw HP Color LaserJet Pro MFP M280nw, M281fdw, M281fdn	https://trinatechtonersandprinters.co.ke/product?id=4799	https://old.trinatechtonersandprinters.co.ke/wp-content/uploads/2025/07/HP-203A-Black-Original-Toner.png	in stock	7500 KES	HP	new	Electronics > Print, Copy, Scan & Fax > Printer, Copier & Fax Machine Accessories > Toner & Inkjet Cartridges	Inks & Toner Cartridges	no
5140	HP 203A Black Toner Laserjet (CF540A)	HP 203A BLACK TONER LASERJET (CF540A	https://trinatechtonersandprinters.co.ke/product?id=5140	https://old.trinatechtonersandprinters.co.ke/wp-content/uploads/2026/02/HP-203A-Black-Toner-Laserjet-CF540A-scaled.webp	in stock	7500 KES	HP	new	Electronics > Print, Copy, Scan & Fax > Printer, Copier & Fax Machine Accessories > Toner & Inkjet Cartridges	HP Original Toners	no
5139	HP 203A Cyan Toner Laserjet (CF541A)	HP 203A CYAN TONER LASERJET (CF541A	https://trinatechtonersandprinters.co.ke/product?id=5139	https://old.trinatechtonersandprinters.co.ke/wp-content/uploads/2026/02/HP-203A-Cyan-Toner-Laserjet-CF541A-scaled.webp	in stock	7500 KES	HP	new	Electronics > Print, Copy, Scan & Fax > Printer, Copier & Fax Machine Accessories > Toner & Inkjet Cartridges	HP Original Toners	no
5138	HP 203A Magneta Toner Laserjet (CF543A)	HP 203A MAGNETA TONER LASERJET (CF543A	https://trinatechtonersandprinters.co.ke/product?id=5138	https://old.trinatechtonersandprinters.co.ke/wp-content/uploads/2026/02/HP-203A-Magneta-Toner-Laserjet-CF543A-scaled.webp	in stock	7500 KES	HP	new	Electronics > Print, Copy, Scan & Fax > Printer, Copier & Fax Machine Accessories > Toner & Inkjet Cartridges	HP Original Toners	no
5137	HP 203A Yellow Toner Laserjet (CF542A)	HP 203A YELLOW TONER LASERJET (CF542A	https://trinatechtonersandprinters.co.ke/product?id=5137	https://old.trinatechtonersandprinters.co.ke/wp-content/uploads/2026/02/HP-203A-Yellow-Toner-Laserjet-CF542A-scaled.webp	in stock	7500 KES	HP	new	Electronics > Print, Copy, Scan & Fax > Printer, Copier & Fax Machine Accessories > Toner & Inkjet Cartridges	HP Original Toners	no
4068	HP 205A Black Original Laserjet Toner Cartridge	Compatible with: HP Color LaserJet Pro MFP M180n (T6B70A) HP Color LaserJet Pro MFP M181fw (T6B71A)	https://trinatechtonersandprinters.co.ke/product?id=4068	https://old.trinatechtonersandprinters.co.ke/wp-content/uploads/2025/01/HP-205A-Black-Original-Toner-Cartridge.png	in stock	7500 KES	HP	new	Electronics > Print, Copy, Scan & Fax > Printer, Copier & Fax Machine Accessories > Toner & Inkjet Cartridges	Inks & Toner Cartridges	no
5136	HP 205A Black Toner Laserjet (CF530A)	HP 205A BLACK TONER LASERJET (CF530A	https://trinatechtonersandprinters.co.ke/product?id=5136	https://old.trinatechtonersandprinters.co.ke/wp-content/uploads/2026/02/HP-205A-Black-Toner-Laserjet-CF530A-1-scaled.webp	in stock	7500 KES	HP	new	Electronics > Print, Copy, Scan & Fax > Printer, Copier & Fax Machine Accessories > Toner & Inkjet Cartridges	HP Original Toners	no
5135	HP 205A Cyan Toner Laserjet (CF531A)	HP 205A CYAN TONER LASERJET (CF531A	https://trinatechtonersandprinters.co.ke/product?id=5135	https://old.trinatechtonersandprinters.co.ke/wp-content/uploads/2026/02/HP-205A-Cyan-Toner-Laserjet-CF531A-scaled.webp	in stock	7500 KES	HP	new	Electronics > Print, Copy, Scan & Fax > Printer, Copier & Fax Machine Accessories > Toner & Inkjet Cartridges	HP Original Toners	no
5134	HP 205A Magneta Toner Laserjet (CF533A)	HP 205A MAGNETA TONER LASERJET (CF533A	https://trinatechtonersandprinters.co.ke/product?id=5134	https://old.trinatechtonersandprinters.co.ke/wp-content/uploads/2026/02/HP-205A-Magneta-Toner-Laserjet-CF533A-scaled.webp	in stock	7500 KES	HP	new	Electronics > Print, Copy, Scan & Fax > Printer, Copier & Fax Machine Accessories > Toner & Inkjet Cartridges	HP Original Toners	no
5133	HP 205A Yellow Toner Laserjet (CF532A)	HP 205A YELLOW TONER LASERJET (CF532A	https://trinatechtonersandprinters.co.ke/product?id=5133	https://old.trinatechtonersandprinters.co.ke/wp-content/uploads/2026/02/HP-205A-Yellow-Toner-Laserjet-CF532A-scaled.webp	in stock	7500 KES	HP	new	Electronics > Print, Copy, Scan & Fax > Printer, Copier & Fax Machine Accessories > Toner & Inkjet Cartridges	HP Original Toners	no
4166	HP 207A Black Original Laserjet Toner Cartridge	Compatible with: HP Color LaserJet Pro M255dw HP Color LaserJet Pro M255nw HP Color LaserJet Pro MFP M282nw HP Color LaserJet Pro MFP M283fdn HP Color LaserJet Pro MFP M283fdw	https://trinatechtonersandprinters.co.ke/product?id=4166	https://old.trinatechtonersandprinters.co.ke/wp-content/uploads/2025/01/HP-207A-Black-Original-LaserJet-Toner.png	in stock	14000 KES	HP	new	Electronics > Print, Copy, Scan & Fax > Printer, Copier & Fax Machine Accessories > Toner & Inkjet Cartridges	Inks & Toner Cartridges	no
5132	HP 207A Black Toner Laserjet Catridge (W2210A)	HP 207A BLACK TONER LASERJET CATRIDGE (W2210A	https://trinatechtonersandprinters.co.ke/product?id=5132	https://old.trinatechtonersandprinters.co.ke/wp-content/uploads/2026/02/HP-207A-Black-Toner-Laserjet-Catridge-W2210A-scaled.webp	in stock	13000 KES	HP	new	Electronics > Print, Copy, Scan & Fax > Printer, Copier & Fax Machine Accessories > Toner & Inkjet Cartridges	HP Original Toners	no
5131	HP 207A Cyan, Yellow, Magneta Toners Each	HP 207A CYAN, YELLOW, MAGNETA TONERS EACH	https://trinatechtonersandprinters.co.ke/product?id=5131	https://old.trinatechtonersandprinters.co.ke/wp-content/uploads/2026/02/HP-207A-Cyan-Yellow-Magneta-Toners-Each-scaled.webp	in stock	11500 KES	HP	new	Electronics > Print, Copy, Scan & Fax > Printer, Copier & Fax Machine Accessories > Toner & Inkjet Cartridges	HP Original Toners	no
5492	HP 21 Black Original Black Ink Cartridge (C9351AA)	HP 21 BLACK ORIGINAL BLACK INK CARTRIDGE (C9351AA	https://trinatechtonersandprinters.co.ke/product?id=5492	https://old.trinatechtonersandprinters.co.ke/wp-content/uploads/2026/02/HP-21-Black-Original-Black-Ink-Cartridge-C9351AA.webp	in stock	3800 KES	HP	new	Electronics > Print, Copy, Scan & Fax > Printer, Copier & Fax Machine Accessories > Toner & Inkjet Cartridges	Original Hp Ink Cartridges	no
3908	HP 21 Black Original Ink Cartridge	The HP 21 Black Original Ink Cartridge is designed to produce sharp, crisp black text for your everyday printing needs.	https://trinatechtonersandprinters.co.ke/product?id=3908	https://old.trinatechtonersandprinters.co.ke/wp-content/uploads/2024/12/HP-21-Black-Original-Ink.png	in stock	4000 KES	HP	new	Electronics > Print, Copy, Scan & Fax > Printer, Copier & Fax Machine Accessories > Toner & Inkjet Cartridges	Inks & Toner Cartridges	no
5130	HP 212A Black Laserjet Toner Cartridge (W2120A)	HP 212A BLACK LASERJET TONER CARTRIDGE (W2120A	https://trinatechtonersandprinters.co.ke/product?id=5130	https://old.trinatechtonersandprinters.co.ke/wp-content/uploads/2026/02/HP-212A-Black-Laserjet-Toner-Cartridge-W2120A-scaled.webp	in stock	24000 KES	HP	new	Electronics > Print, Copy, Scan & Fax > Printer, Copier & Fax Machine Accessories > Toner & Inkjet Cartridges	HP Original Toners	no
5129	HP 212A Toner Cartridges Cym Each	HP 212A TONER CARTRIDGES CYM EACH	https://trinatechtonersandprinters.co.ke/product?id=5129	https://old.trinatechtonersandprinters.co.ke/wp-content/uploads/2026/02/HP-212A-Toner-Cartridges-Cym-Each-scaled.webp	in stock	28000 KES	HP	new	Electronics > Print, Copy, Scan & Fax > Printer, Copier & Fax Machine Accessories > Toner & Inkjet Cartridges	HP Original Toners	no
4796	HP 216A Black Original Laserjet Toner Cartridge	Compatible with: HP Color LaserJet Pro MFP M182n HP Color LaserJet Pro MFP M183fw	https://trinatechtonersandprinters.co.ke/product?id=4796	https://old.trinatechtonersandprinters.co.ke/wp-content/uploads/2025/07/HP-216A-Black-Original-Toner.png	in stock	7500 KES	HP	new	Electronics > Print, Copy, Scan & Fax > Printer, Copier & Fax Machine Accessories > Toner & Inkjet Cartridges	Inks & Toner Cartridges	no
5128	HP 216A Black Toner Cartridge (W2410A)	HP 216A BLACK TONER CARTRIDGE (W2410A	https://trinatechtonersandprinters.co.ke/product?id=5128	https://old.trinatechtonersandprinters.co.ke/wp-content/uploads/2026/02/HP-216A-Black-Toner-Cartridge-W2410A-scaled.webp	in stock	7500 KES	HP	new	Electronics > Print, Copy, Scan & Fax > Printer, Copier & Fax Machine Accessories > Toner & Inkjet Cartridges	HP Original Toners	no
5127	HP 216A Yellow, Cyan, Magneta Toners Each	HP 216A YELLOW, CYAN, MAGNETA TONERS EACH	https://trinatechtonersandprinters.co.ke/product?id=5127	https://old.trinatechtonersandprinters.co.ke/wp-content/uploads/2026/02/HP-216A-Yellow-Cyan-Magneta-Toners-Each-scaled.webp	in stock	7500 KES	HP	new	Electronics > Print, Copy, Scan & Fax > Printer, Copier & Fax Machine Accessories > Toner & Inkjet Cartridges	HP Original Toners	no
5491	HP 22 Tri Color Ink Cartridge (C9352AE)	HP 22 TRI COLOR INK CARTRIDGE (C9352AE	https://trinatechtonersandprinters.co.ke/product?id=5491	https://old.trinatechtonersandprinters.co.ke/wp-content/uploads/2026/02/HP-22-Tri-Color-Ink-Cartridge-C9352AE.webp	in stock	4000 KES	HP	new	Electronics > Print, Copy, Scan & Fax > Printer, Copier & Fax Machine Accessories > Toner & Inkjet Cartridges	Original Hp Ink Cartridges	no
3904	HP 22 Tri-Colour Original Ink Cartridge	The HP 22 Tri-Colour Original Ink Cartridge is designed to bring your prints to life with vibrant, accurate colour reproduction.	https://trinatechtonersandprinters.co.ke/product?id=3904	https://old.trinatechtonersandprinters.co.ke/wp-content/uploads/2024/12/HP-22-Tri-colour-Original-Ink.png	in stock	4500 KES	HP	new	Electronics > Print, Copy, Scan & Fax > Printer, Copier & Fax Machine Accessories > Toner & Inkjet Cartridges	Inks & Toner Cartridges	no
3495	HP 250 G7 Celeron 4GB/500GB/15.6in Laptop	The HP 250 G7 Celeron is a practical, budget-friendly laptop designed for users seeking reliable performance for everyday tasks.	https://trinatechtonersandprinters.co.ke/product?id=3495	https://old.trinatechtonersandprinters.co.ke/wp-content/uploads/2024/12/HP-250-G7-Laptop.png	in stock	42000 KES	HP	new		Laptops	no
3493	HP 250 G7 Core I3 4GB/1TB/15.6in DOS Laptop	The HP 250 G7 Core i3 is an affordable, reliable laptop designed to meet the needs of everyday computing.	https://trinatechtonersandprinters.co.ke/product?id=3493	https://old.trinatechtonersandprinters.co.ke/wp-content/uploads/2024/12/HP-250-G7-Laptop.png	in stock	55000 KES	HP	new		Laptops	no
3498	HP 250 G8 10Th Gen Core I7 1TB HDD 8GB RAM 15.6in Laptop	The HP 250 G8 is a powerful and efficient laptop designed to meet the needs of professionals, students, and casual users alike.	https://trinatechtonersandprinters.co.ke/product?id=3498	https://old.trinatechtonersandprinters.co.ke/wp-content/uploads/2024/12/HP-250-G8-laptop.png	in stock	95000 KES	HP	new		Laptops	no
3491	HP 255 G8 Amd Ryzen 3 Core I5 4GB/1TB/DOS Laptop	The HP 255 G8 AMD Ryzen 3 Core i5 4GB/1TB/DOS Laptop is an affordable, reliable, and versatile laptop designed for students, small businesses, and home users.	https://trinatechtonersandprinters.co.ke/product?id=3491	https://old.trinatechtonersandprinters.co.ke/wp-content/uploads/2024/12/HP-255-G8-AMD-Ryzen-3-Laptop.png	in stock	55000 KES	HP	new		Laptops	no
4145	HP 26A Black Original Laserjet Toner Cartridge	Compatible with: HP LaserJet Pro M402 models: M402d, M402dn, M402dne, M402dw, M402m, M402n HP LaserJet Pro MFP M426 models: M426dw, M426fdn, M426fdw	https://trinatechtonersandprinters.co.ke/product?id=4145	https://old.trinatechtonersandprinters.co.ke/wp-content/uploads/2025/01/HP-26A-Black-Original-LaserJet-Toner.png	in stock	8500 KES	HP	new	Electronics > Print, Copy, Scan & Fax > Printer, Copier & Fax Machine Accessories > Toner & Inkjet Cartridges	Inks & Toner Cartridges	no
5126	HP 26A Black Toner Laserjet (CF226A)	HP 26A BLACK TONER LASERJET (CF226A	https://trinatechtonersandprinters.co.ke/product?id=5126	https://old.trinatechtonersandprinters.co.ke/wp-content/uploads/2026/02/HP-26A-Black-Toner-Laserjet-CF226A-scaled.webp	in stock	7800 KES	HP	new	Electronics > Print, Copy, Scan & Fax > Printer, Copier & Fax Machine Accessories > Toner & Inkjet Cartridges	HP Original Toners	no
5490	HP 27 Black Ink Original Cartridge (C8727AE)	HP 27 BLACK INK ORIGINAL CARTRIDGE (C8727AE	https://trinatechtonersandprinters.co.ke/product?id=5490	https://old.trinatechtonersandprinters.co.ke/wp-content/uploads/2026/02/HP-27-Black-Ink-Original-Cartridge-C8727AE.webp	in stock	3300 KES	HP	new	Electronics > Print, Copy, Scan & Fax > Printer, Copier & Fax Machine Accessories > Toner & Inkjet Cartridges	Original Hp Ink Cartridges	no
5125	HP 304A Black Toner Original Laserjet (CC530A)	HP 304A BLACK TONER ORIGINAL LASERJET (CC530A	https://trinatechtonersandprinters.co.ke/product?id=5125	https://old.trinatechtonersandprinters.co.ke/wp-content/uploads/2026/02/HP-304A-Black-Toner-Original-Laserjet-CC530A-scaled.webp	in stock	8000 KES	HP	new	Electronics > Print, Copy, Scan & Fax > Printer, Copier & Fax Machine Accessories > Toner & Inkjet Cartridges	HP Original Toners	no
5124	HP 304A Cyan Toner Original Laserjet (CC531A)	HP 304A CYAN TONER ORIGINAL LASERJET (CC531A	https://trinatechtonersandprinters.co.ke/product?id=5124	https://old.trinatechtonersandprinters.co.ke/wp-content/uploads/2026/02/HP-304A-Cyan-Toner-Original-Laserjet-CC531A-scaled.webp	in stock	8000 KES	HP	new	Electronics > Print, Copy, Scan & Fax > Printer, Copier & Fax Machine Accessories > Toner & Inkjet Cartridges	HP Original Toners	no
5123	HP 304A Magneta Toner Original Laserjet (CC533A)	HP 304A MAGNETA TONER ORIGINAL LASERJET (CC533A	https://trinatechtonersandprinters.co.ke/product?id=5123	https://old.trinatechtonersandprinters.co.ke/wp-content/uploads/2026/02/HP-304A-Magneta-Toner-Original-Laserjet-CC533A-scaled.webp	in stock	8000 KES	HP	new	Electronics > Print, Copy, Scan & Fax > Printer, Copier & Fax Machine Accessories > Toner & Inkjet Cartridges	HP Original Toners	no
5122	HP 304A Yellow Toner Original Laserjet (CC532A)	HP 304A YELLOW TONER ORIGINAL LASERJET (CC532A	https://trinatechtonersandprinters.co.ke/product?id=5122	https://old.trinatechtonersandprinters.co.ke/wp-content/uploads/2026/02/HP-304A-Yellow-Toner-Original-Laserjet-CC532A-scaled.webp	in stock	8000 KES	HP	new	Electronics > Print, Copy, Scan & Fax > Printer, Copier & Fax Machine Accessories > Toner & Inkjet Cartridges	HP Original Toners	no
3947	HP 305 Black Original Ink Cartridge	Compatible with: DeskJet 2300 series (e.g. 2320) DeskJet 2700 series (e.g. 2710, 2720, 2721, 2723) DeskJet Plus 4100 / 4120 / 4130 series ENVY 6000 / 6010 / 6020 / 6030 / 6050	https://trinatechtonersandprinters.co.ke/product?id=3947	https://old.trinatechtonersandprinters.co.ke/wp-content/uploads/2024/12/HP-305-Black-Original-Ink.png	in stock	2200 KES	HP	new	Electronics > Print, Copy, Scan & Fax > Printer, Copier & Fax Machine Accessories > Toner & Inkjet Cartridges	Inks & Toner Cartridges	no
5489	HP 305 Blacktri Color Ink Cartridge Each	HP 305 BLACKTRI COLOR INK CARTRIDGE EACH	https://trinatechtonersandprinters.co.ke/product?id=5489	https://old.trinatechtonersandprinters.co.ke/wp-content/uploads/2026/02/HP-305-Blacktri-Color-Ink-Cartridge-Each.webp	in stock	2000 KES	HP	new	Electronics > Print, Copy, Scan & Fax > Printer, Copier & Fax Machine Accessories > Toner & Inkjet Cartridges	Original Hp Ink Cartridges	no
3950	HP 305 Tri-Colour Original Ink Cartridge	Compatible with: DeskJet 2300 series (e.g. 2320) DeskJet 2700 series (e.g. 2710, 2720, 2721, 2723) DeskJet Plus 4100 / 4120 / 4130 series ENVY 6000 / 6010 / 6020 / 6030 / 6050	https://trinatechtonersandprinters.co.ke/product?id=3950	https://old.trinatechtonersandprinters.co.ke/wp-content/uploads/2024/12/HP-305-Tri-colour-Original-Ink.png	in stock	2200 KES	HP	new	Electronics > Print, Copy, Scan & Fax > Printer, Copier & Fax Machine Accessories > Toner & Inkjet Cartridges	Inks & Toner Cartridges	no
4829	HP 305A Black Original Laserjet Toner Cartridge	Compatible with: HP LaserJet Pro 300 Color MFP M351a, MFP M375nw HP LaserJet Pro 400 Color MFP M475dn, M475dw HP LaserJet Pro 400 Color Printer M451dn, M451dw, M451nw	https://trinatechtonersandprinters.co.ke/product?id=4829	https://old.trinatechtonersandprinters.co.ke/wp-content/uploads/2025/07/HP-305A-Black-Original-Toner.png	in stock	7500 KES	HP	new	Electronics > Print, Copy, Scan & Fax > Printer, Copier & Fax Machine Accessories > Toner & Inkjet Cartridges	Inks & Toner Cartridges	no
5121	HP 305A Black Toner Catridge (CE410A)	HP 305A BLACK TONER CATRIDGE (CE410A	https://trinatechtonersandprinters.co.ke/product?id=5121	https://old.trinatechtonersandprinters.co.ke/wp-content/uploads/2026/02/HP-305A-Black-Toner-Catridge-CE410A-scaled.webp	in stock	7500 KES	HP	new	Electronics > Print, Copy, Scan & Fax > Printer, Copier & Fax Machine Accessories > Toner & Inkjet Cartridges	HP Original Toners	no
5120	HP 305A Cyan Toner Catridge (CE411A)	HP 305A CYAN TONER CATRIDGE (CE411A	https://trinatechtonersandprinters.co.ke/product?id=5120	https://old.trinatechtonersandprinters.co.ke/wp-content/uploads/2026/02/HP-305A-Cyan-Toner-Catridge-CE411A-scaled.webp	in stock	7500 KES	HP	new	Electronics > Print, Copy, Scan & Fax > Printer, Copier & Fax Machine Accessories > Toner & Inkjet Cartridges	HP Original Toners	no
5119	HP 305A Yellow Toner Laserjet (CE412A)	HP 305A YELLOW TONER LASERJET (CE412A	https://trinatechtonersandprinters.co.ke/product?id=5119	https://old.trinatechtonersandprinters.co.ke/wp-content/uploads/2026/02/HP-305A-Yellow-Toner-Laserjet-CE412A-scaled.webp	in stock	7500 KES	HP	new	Electronics > Print, Copy, Scan & Fax > Printer, Copier & Fax Machine Accessories > Toner & Inkjet Cartridges	HP Original Toners	no
5117	HP 307A Black Toner Laserjet Cartridge (CE740A)	HP 307A BLACK TONER LASERJET CARTRIDGE (CE740A	https://trinatechtonersandprinters.co.ke/product?id=5117	https://old.trinatechtonersandprinters.co.ke/wp-content/uploads/2026/02/HP-307A-Black-Toner-Laserjet-Cartridge-CE740A-scaled.webp	in stock	15000 KES	HP	new	Electronics > Print, Copy, Scan & Fax > Printer, Copier & Fax Machine Accessories > Toner & Inkjet Cartridges	HP Original Toners	no
5118	HP 307A Cym Toner Cartridge Each	HP 307A CYM TONER CARTRIDGE EACH	https://trinatechtonersandprinters.co.ke/product?id=5118	https://old.trinatechtonersandprinters.co.ke/wp-content/uploads/2026/02/HP-307A-Cym-Toner-Cartridge-Each-scaled.webp	in stock	18000 KES	HP	new	Electronics > Print, Copy, Scan & Fax > Printer, Copier & Fax Machine Accessories > Toner & Inkjet Cartridges	HP Original Toners	no
4129	HP 30A Black Original Laserjet Toner Cartridge	Compatible with: HP LaserJet Pro M203 Series: M203dn M203dw HP LaserJet Pro MFP M227 Series: M227fdn M227fdw M227sdn	https://trinatechtonersandprinters.co.ke/product?id=4129	https://old.trinatechtonersandprinters.co.ke/wp-content/uploads/2025/01/HP-30A-Black-Original-Toner-Cartridge.png	in stock	7100 KES	HP	new	Electronics > Print, Copy, Scan & Fax > Printer, Copier & Fax Machine Accessories > Toner & Inkjet Cartridges	Inks & Toner Cartridges	no
5116	HP 30A Black Toner Laserjet (CF230A)	HP 30A Black TONER LASERJET (CF230A	https://trinatechtonersandprinters.co.ke/product?id=5116	https://old.trinatechtonersandprinters.co.ke/wp-content/uploads/2026/02/HP-30A-Black-Toner-Laserjet-CF230A-scaled.webp	in stock	7100 KES	HP	new	Electronics > Print, Copy, Scan & Fax > Printer, Copier & Fax Machine Accessories > Toner & Inkjet Cartridges	HP Original Toners	no
4832	HP 312A Black Original Laserjet Toner Cartridge	Compatible with: HP Color LaserJet Pro MFP M476 series: M476dn, M476dw, M476nw	https://trinatechtonersandprinters.co.ke/product?id=4832	https://old.trinatechtonersandprinters.co.ke/wp-content/uploads/2025/07/HP-312A-Black-Original-Toner.png	in stock	8000 KES	HP	new	Electronics > Print, Copy, Scan & Fax > Printer, Copier & Fax Machine Accessories > Toner & Inkjet Cartridges	Inks & Toner Cartridges	no
5115	HP 312A Black Toner Original Laserjet Catridge (CF380A)	HP 312A BLACK TONER ORIGINAL LASERJET CATRIDGE (CF380A	https://trinatechtonersandprinters.co.ke/product?id=5115	https://old.trinatechtonersandprinters.co.ke/wp-content/uploads/2026/02/HP-312A-Black-Toner-Original-Laserjet-Catridge-CF380A-scaled.webp	in stock	8000 KES	HP	new	Electronics > Print, Copy, Scan & Fax > Printer, Copier & Fax Machine Accessories > Toner & Inkjet Cartridges	HP Original Toners	no
5114	HP 312A Cyan Toner Original Laserjet Catridge (CF381A)	HP 312A CYAN TONER ORIGINAL LASERJET CATRIDGE (CF381A	https://trinatechtonersandprinters.co.ke/product?id=5114	https://old.trinatechtonersandprinters.co.ke/wp-content/uploads/2026/02/HP-312A-Cyan-Toner-Original-Laserjet-Catridge-CF381A-scaled.webp	in stock	8000 KES	HP	new	Electronics > Print, Copy, Scan & Fax > Printer, Copier & Fax Machine Accessories > Toner & Inkjet Cartridges	HP Original Toners	no
5113	HP 312A Magneta Toner Original Laserjet (CF383A)	HP 312A MAGNETA TONER ORIGINAL LASERJET (CF383A	https://trinatechtonersandprinters.co.ke/product?id=5113	https://old.trinatechtonersandprinters.co.ke/wp-content/uploads/2026/02/HP-312A-Magneta-Toner-Original-Laserjet-CF383A-scaled.webp	in stock	8000 KES	HP	new	Electronics > Print, Copy, Scan & Fax > Printer, Copier & Fax Machine Accessories > Toner & Inkjet Cartridges	HP Original Toners	no
5112	HP 312A Yellow Toner Original Laserjet (CF382A)	HP 312A YELLOW TONER ORIGINAL LASERJET (CF382A	https://trinatechtonersandprinters.co.ke/product?id=5112	https://old.trinatechtonersandprinters.co.ke/wp-content/uploads/2026/02/HP-312A-Yellow-Toner-Original-Laserjet-CF382A-scaled.webp	in stock	8000 KES	HP	new	Electronics > Print, Copy, Scan & Fax > Printer, Copier & Fax Machine Accessories > Toner & Inkjet Cartridges	HP Original Toners	no
5111	HP 32A Laserjet Imaging Drum (CF232A)	HP 32A LASERJET IMAGING DRUM (CF232A	https://trinatechtonersandprinters.co.ke/product?id=5111	https://old.trinatechtonersandprinters.co.ke/wp-content/uploads/2026/02/HP-32A-Laserjet-Imaging-Drum-CF232A-scaled.webp	in stock	9000 KES	HP	new	Electronics > Print, Copy, Scan & Fax > Printer, Copier & Fax Machine Accessories > Toner & Inkjet Cartridges	HP Original Toners	no
4138	HP 32A Original Laserjet Imaging Drum	Compatible with: HP LaserJet Pro M118dw HP LaserJet Pro MFP M148dw / M148fdw HP LaserJet Pro M203dn / M203dw HP LaserJet Pro MFP M227fdn / M227fdw / M227sdn	https://trinatechtonersandprinters.co.ke/product?id=4138	https://old.trinatechtonersandprinters.co.ke/wp-content/uploads/2025/01/HP-32A-LaserJet-Imaging-Drum.png	in stock	7500 KES	HP	new	Electronics > Print, Copy, Scan & Fax > Printer, Copier & Fax Machine Accessories > Toner & Inkjet Cartridges	Inks & Toner Cartridges	no
4587	HP 35A Black Original Laserjet Toner Cartridge (CB435A)	Compatible with: HP LaserJet Pro P1000 Series (P1005-P1009): P1005, P1006, P1009, P1002, P1003, P1004 and P1007 HP LaserJet Pro P1100 Series (P1102-P1109): P1102w, P1109, P1105w	https://trinatechtonersandprinters.co.ke/product?id=4587	https://old.trinatechtonersandprinters.co.ke/wp-content/uploads/2025/07/HP-35A-Black-Original-LaserJet-Toner-Cartridge.png	in stock	5500 KES	HP	new	Electronics > Print, Copy, Scan & Fax > Printer, Copier & Fax Machine Accessories > Toner & Inkjet Cartridges	Inks & Toner Cartridges	no
3548	HP 36A Black Original Laserjet Toner Cartridge	Compatible with: HP LaserJet P1505 and P1505n HP LaserJet M1120 MFP and M1120n MFP HP LaserJet M1522n MFP and M1522nf MFP	https://trinatechtonersandprinters.co.ke/product?id=3548	https://old.trinatechtonersandprinters.co.ke/wp-content/uploads/2024/12/HP-36A-Toner.png	in stock	6000 KES	HP	new	Electronics > Print, Copy, Scan & Fax > Printer, Copier & Fax Machine Accessories > Toner & Inkjet Cartridges	Inks & Toner Cartridges	no
5109	HP 36A Black Toner Laserjet Cartridge (CB436A)	HP 36A BLACK TONER LASERJET CARTRIDGE (CB436A	https://trinatechtonersandprinters.co.ke/product?id=5109	https://old.trinatechtonersandprinters.co.ke/wp-content/uploads/2026/02/HP-36A-Black-Toner-Laserjet-Cartridge-CB436A-scaled.webp	in stock	6000 KES	HP	new	Electronics > Print, Copy, Scan & Fax > Printer, Copier & Fax Machine Accessories > Toner & Inkjet Cartridges	HP Original Toners	no
4835	HP 37A Black Original Laserjet Toner Cartridge	Compatible with: HP LaserJet Enterprise Flow MFP: M631h, M632z, M633z HP LaserJet Enterprise Series: M607n/dn, M608n/dn/x, M609dn/x, and M632/M633 multi-function variants	https://trinatechtonersandprinters.co.ke/product?id=4835	https://old.trinatechtonersandprinters.co.ke/wp-content/uploads/2025/07/HP-37A-Black-Original-Toner.png	in stock	16000 KES	HP	new	Electronics > Print, Copy, Scan & Fax > Printer, Copier & Fax Machine Accessories > Toner & Inkjet Cartridges	Inks & Toner Cartridges	no
5108	HP 37A Black Toner Cartridge (CF237A)	HP 37A BLACK TONER CARTRIDGE (CF237A	https://trinatechtonersandprinters.co.ke/product?id=5108	https://old.trinatechtonersandprinters.co.ke/wp-content/uploads/2026/02/HP-37A-Black-Toner-Cartridge-CF237A-scaled.webp	in stock	16000 KES	HP	new	Electronics > Print, Copy, Scan & Fax > Printer, Copier & Fax Machine Accessories > Toner & Inkjet Cartridges	HP Original Toners	no
5107	HP 410A Black Toner Laserjet (CF410A)	HP 410A BLACK TONER LASERJET (CF410A	https://trinatechtonersandprinters.co.ke/product?id=5107	https://old.trinatechtonersandprinters.co.ke/wp-content/uploads/2026/02/HP-410A-Black-Toner-Laserjet-CF410A-scaled.webp	in stock	7500 KES	HP	new	Electronics > Print, Copy, Scan & Fax > Printer, Copier & Fax Machine Accessories > Toner & Inkjet Cartridges	HP Original Toners	no
5106	HP 410A Cyan Toner Laserjet (CF411A)	HP 410A CYAN TONER LASERJET (CF411A	https://trinatechtonersandprinters.co.ke/product?id=5106	https://old.trinatechtonersandprinters.co.ke/wp-content/uploads/2026/02/HP-410A-Cyan-Toner-Laserjet-CF411A-scaled.webp	in stock	7500 KES	HP	new	Electronics > Print, Copy, Scan & Fax > Printer, Copier & Fax Machine Accessories > Toner & Inkjet Cartridges	HP Original Toners	no
5105	HP 410A Magneta Toner Laserjet (CF413A)	HP 410A MAGNETA TONER LASERJET (CF413A	https://trinatechtonersandprinters.co.ke/product?id=5105	https://old.trinatechtonersandprinters.co.ke/wp-content/uploads/2026/02/HP-410A-Magneta-Toner-Laserjet-CF413A-scaled.webp	in stock	7500 KES	HP	new	Electronics > Print, Copy, Scan & Fax > Printer, Copier & Fax Machine Accessories > Toner & Inkjet Cartridges	HP Original Toners	no
5104	HP 410A Yellow Toner Laserjet (CF412A)	HP 410A YELLOW TONER LASERJET (CF412A	https://trinatechtonersandprinters.co.ke/product?id=5104	https://old.trinatechtonersandprinters.co.ke/wp-content/uploads/2026/02/HP-410A-Yellow-Toner-Laserjet-CF412A-scaled.webp	in stock	7500 KES	HP	new	Electronics > Print, Copy, Scan & Fax > Printer, Copier & Fax Machine Accessories > Toner & Inkjet Cartridges	HP Original Toners	no
4160	HP 415A Black Original Laserjet Toner Cartridge	Compatible with: HP Color LaserJet Pro M454 series Models: M454dn, M454dw, M454fw, M454nw HP Color LaserJet Pro MFP M479 series Models: M479dw, M479fdn, M479fdw, M479fnw	https://trinatechtonersandprinters.co.ke/product?id=4160	https://old.trinatechtonersandprinters.co.ke/wp-content/uploads/2025/01/HP-415A-Black-Original-LaserJet-Toner.png	in stock	10500 KES	HP	new	Electronics > Print, Copy, Scan & Fax > Printer, Copier & Fax Machine Accessories > Toner & Inkjet Cartridges	Inks & Toner Cartridges	no
5103	HP 415A Black Toner Catridge (W2032A)	HP 415A BLACK TONER CATRIDGE (W2032A	https://trinatechtonersandprinters.co.ke/product?id=5103	https://old.trinatechtonersandprinters.co.ke/wp-content/uploads/2026/02/HP-415A-Black-Toner-Catridge-W2032A-scaled.webp	in stock	10500 KES	HP	new	Electronics > Print, Copy, Scan & Fax > Printer, Copier & Fax Machine Accessories > Toner & Inkjet Cartridges	HP Original Toners	no
5102	HP 415A Cyan Toner Laserjet (W2031A)	HP 415A CYAN TONER LASERJET (W2031A	https://trinatechtonersandprinters.co.ke/product?id=5102	https://old.trinatechtonersandprinters.co.ke/wp-content/uploads/2026/02/HP-415A-Cyan-Toner-Laserjet-W2031A-scaled.webp	in stock	11000 KES	HP	new	Electronics > Print, Copy, Scan & Fax > Printer, Copier & Fax Machine Accessories > Toner & Inkjet Cartridges	HP Original Toners	no
5101	HP 415A Magneta Toner Laserjet (W2033A)	HP 415A MAGNETA TONER LASERJET (W2033A	https://trinatechtonersandprinters.co.ke/product?id=5101	https://old.trinatechtonersandprinters.co.ke/wp-content/uploads/2026/02/HP-415A-Magneta-Toner-Laserjet-W2033A-scaled.webp	in stock	11000 KES	HP	new	Electronics > Print, Copy, Scan & Fax > Printer, Copier & Fax Machine Accessories > Toner & Inkjet Cartridges	HP Original Toners	no
5100	HP 415A Yellow Toner Laserjet (W2030A)	HP 415A YELLOW TONER LASERJET (W2030A	https://trinatechtonersandprinters.co.ke/product?id=5100	https://old.trinatechtonersandprinters.co.ke/wp-content/uploads/2026/02/HP-415A-Yellow-Toner-Laserjet-W2030A-scaled.webp	in stock	11000 KES	HP	new	Electronics > Print, Copy, Scan & Fax > Printer, Copier & Fax Machine Accessories > Toner & Inkjet Cartridges	HP Original Toners	no
5099	HP 42A Black Toner Original Laserjet (Q5942)	HP 42A BLACK TONER ORIGINAL LASERJET (Q5942	https://trinatechtonersandprinters.co.ke/product?id=5099	https://old.trinatechtonersandprinters.co.ke/wp-content/uploads/2026/02/HP-42A-Black-Toner-Original-Laserjet-Q5942-scaled.webp	in stock	13000 KES	HP	new	Electronics > Print, Copy, Scan & Fax > Printer, Copier & Fax Machine Accessories > Toner & Inkjet Cartridges	HP Original Toners	no
5098	HP 49A Black Toner Original Laserjet Catridge (Q5949A)	HP 49A BLACK TONER ORIGINAL LASERJET CATRIDGE (Q5949A	https://trinatechtonersandprinters.co.ke/product?id=5098	https://old.trinatechtonersandprinters.co.ke/wp-content/uploads/2026/02/HP-49A-Black-Toner-Original-Laserjet-Catridge-Q5949A-scaled.webp	in stock	7500 KES	HP	new	Electronics > Print, Copy, Scan & Fax > Printer, Copier & Fax Machine Accessories > Toner & Inkjet Cartridges	HP Original Toners	no
5097	HP 504A Black Toner Original Laserjet (CE250A)	HP 504A BLACK TONER ORIGINAL LASERJET (CE250A	https://trinatechtonersandprinters.co.ke/product?id=5097	https://old.trinatechtonersandprinters.co.ke/wp-content/uploads/2026/02/HP-504A-Black-Toner-Original-Laserjet-CE250A-scaled.webp	in stock	15500 KES	HP	new	Electronics > Print, Copy, Scan & Fax > Printer, Copier & Fax Machine Accessories > Toner & Inkjet Cartridges	HP Original Toners	no
5096	HP 504A Cyan Toner Original Laserjet (CE251A)	HP 504A CYAN TONER ORIGINAL LASERJET (CE251A	https://trinatechtonersandprinters.co.ke/product?id=5096	https://old.trinatechtonersandprinters.co.ke/wp-content/uploads/2026/02/HP-504A-Cyan-Toner-Original-Laserjet-CE251A-scaled.webp	in stock	17000 KES	HP	new	Electronics > Print, Copy, Scan & Fax > Printer, Copier & Fax Machine Accessories > Toner & Inkjet Cartridges	HP Original Toners	no
5095	HP 504A Magneta Toner Original Laserjet (CE253A)	HP 504A MAGNETA TONER ORIGINAL LASERJET (CE253A	https://trinatechtonersandprinters.co.ke/product?id=5095	https://old.trinatechtonersandprinters.co.ke/wp-content/uploads/2026/02/HP-504A-Magneta-Toner-Original-Laserjet-CE253A-scaled.webp	in stock	17000 KES	HP	new	Electronics > Print, Copy, Scan & Fax > Printer, Copier & Fax Machine Accessories > Toner & Inkjet Cartridges	HP Original Toners	no
5094	HP 504A Yellow Toner Original Laserjet (CE252A)	HP 504A YELLOW TONER ORIGINAL LASERJET (CE252A	https://trinatechtonersandprinters.co.ke/product?id=5094	https://old.trinatechtonersandprinters.co.ke/wp-content/uploads/2026/02/HP-504A-Yellow-Toner-Original-Laserjet-CE252A-scaled.webp	in stock	17000 KES	HP	new	Electronics > Print, Copy, Scan & Fax > Printer, Copier & Fax Machine Accessories > Toner & Inkjet Cartridges	HP Original Toners	no
4819	HP 507A Black Original Laserjet Toner Cartridge	Compatible with: HP LaserJet Enterprise 500 Color M551 series: M551n, M551dn, M551xh HP LaserJet Enterprise 500 Color Flow MFP M575 series: M575c, M575dn, M575f HP LaserJet Pro	https://trinatechtonersandprinters.co.ke/product?id=4819	https://old.trinatechtonersandprinters.co.ke/wp-content/uploads/2025/07/HP-507A-Black-Original-Toner.png	in stock	14000 KES	HP	new	Electronics > Print, Copy, Scan & Fax > Printer, Copier & Fax Machine Accessories > Toner & Inkjet Cartridges	Inks & Toner Cartridges	no
5093	HP 507A Black Toner Original Laserjet (CE400A)	HP 507A BLACK TONER ORIGINAL LASERJET (CE400A	https://trinatechtonersandprinters.co.ke/product?id=5093	https://old.trinatechtonersandprinters.co.ke/wp-content/uploads/2026/02/HP-507A-Black-Toner-Original-Laserjet-CE400A-scaled.webp	in stock	14000 KES	HP	new	Electronics > Print, Copy, Scan & Fax > Printer, Copier & Fax Machine Accessories > Toner & Inkjet Cartridges	HP Original Toners	no
5092	HP 507A Cyan Toner Original Laserjet (CE401A)	HP 507A CYAN TONER ORIGINAL LASERJET (CE401A	https://trinatechtonersandprinters.co.ke/product?id=5092	https://old.trinatechtonersandprinters.co.ke/wp-content/uploads/2026/02/HP-507A-Cyan-Toner-Original-Laserjet-CE401A-scaled.webp	in stock	14000 KES	HP	new	Electronics > Print, Copy, Scan & Fax > Printer, Copier & Fax Machine Accessories > Toner & Inkjet Cartridges	HP Original Toners	no
5091	HP 507A Magneta Toner Original Laserjet (CE403A)	HP 507A MAGNETA TONER ORIGINAL LASERJET (CE403A	https://trinatechtonersandprinters.co.ke/product?id=5091	https://old.trinatechtonersandprinters.co.ke/wp-content/uploads/2026/02/HP-507A-Magneta-Toner-Original-Laserjet-CE403A-scaled.webp	in stock	14000 KES	HP	new	Electronics > Print, Copy, Scan & Fax > Printer, Copier & Fax Machine Accessories > Toner & Inkjet Cartridges	HP Original Toners	no
5090	HP 507A Yellow Toner Original Laserjet (CE402A)	HP 507A YELLOW TONER ORIGINAL LASERJET (CE402A	https://trinatechtonersandprinters.co.ke/product?id=5090	https://old.trinatechtonersandprinters.co.ke/wp-content/uploads/2026/02/HP-507A-Yellow-Toner-Original-Laserjet-CE402A-scaled.webp	in stock	14000 KES	HP	new	Electronics > Print, Copy, Scan & Fax > Printer, Copier & Fax Machine Accessories > Toner & Inkjet Cartridges	HP Original Toners	no
5088	HP 508A Black Toner Laserjet Cartridge (CF360A)	HP 508A BLACK TONER LASERJET CARTRIDGE (CF360A	https://trinatechtonersandprinters.co.ke/product?id=5088	https://old.trinatechtonersandprinters.co.ke/wp-content/uploads/2026/02/HP-508A-Black-Toner-Laserjet-Cartridge-CF360A-scaled.webp	in stock	15000 KES	HP	new	Electronics > Print, Copy, Scan & Fax > Printer, Copier & Fax Machine Accessories > Toner & Inkjet Cartridges	HP Original Toners	no
5089	HP 508A Cyan Toner Laserjet Cartridge (CF361A)	HP 5085A CYAN TONER LASERJET CARTRIDGE (CF361A	https://trinatechtonersandprinters.co.ke/product?id=5089	https://old.trinatechtonersandprinters.co.ke/wp-content/uploads/2026/02/HP-5085A-Cyan-Toner-Laserjet-Cartridge-CF361A-scaled.webp	in stock	15000 KES	HP	new	Electronics > Print, Copy, Scan & Fax > Printer, Copier & Fax Machine Accessories > Toner & Inkjet Cartridges	HP Original Toners	no
5087	HP 508A Magneta Toner Laserjet Cartridge (CF363A)	HP 508A MAGNETA TONER LASERJET CARTRIDGE (CF363A	https://trinatechtonersandprinters.co.ke/product?id=5087	https://old.trinatechtonersandprinters.co.ke/wp-content/uploads/2026/02/HP-508A-Magneta-Toner-Laserjet-Cartridge-CF363A-scaled.webp	in stock	19000 KES	HP	new	Electronics > Print, Copy, Scan & Fax > Printer, Copier & Fax Machine Accessories > Toner & Inkjet Cartridges	HP Original Toners	no
5086	HP 508A Yellow Toner Laserjet Cartridge (CF362A)	HP 508A YELLOW TONER LASERJET CARTRIDGE (CF362A	https://trinatechtonersandprinters.co.ke/product?id=5086	https://old.trinatechtonersandprinters.co.ke/wp-content/uploads/2026/02/HP-508A-Yellow-Toner-Laserjet-Cartridge-CF362A-scaled.webp	in stock	19000 KES	HP	new	Electronics > Print, Copy, Scan & Fax > Printer, Copier & Fax Machine Accessories > Toner & Inkjet Cartridges	HP Original Toners	no
5085	HP 51A Black Toner Original Laserjet (Q7551A)	HP 51A BLACK TONER ORIGINAL LASERJET (Q7551A	https://trinatechtonersandprinters.co.ke/product?id=5085	https://old.trinatechtonersandprinters.co.ke/wp-content/uploads/2026/02/HP-51A-Black-Toner-Original-Laserjet-Q7551A-scaled.webp	in stock	11500 KES	HP	new	Electronics > Print, Copy, Scan & Fax > Printer, Copier & Fax Machine Accessories > Toner & Inkjet Cartridges	HP Original Toners	no
5084	HP 53A Black Toner Laserjet Cartridge (Q7553A)	HP 53A BLACK TONER LASERJET CARTRIDGE (Q7553A	https://trinatechtonersandprinters.co.ke/product?id=5084	https://old.trinatechtonersandprinters.co.ke/wp-content/uploads/2026/02/HP-53A-Black-Toner-Laserjet-Cartridge-Q7553A-scaled.webp	in stock	8000 KES	HP	new	Electronics > Print, Copy, Scan & Fax > Printer, Copier & Fax Machine Accessories > Toner & Inkjet Cartridges	HP Original Toners	no
3565	HP 55A Black Original Laserjet Toner Cartridge	Compatible with: HP LaserJet Enterprise P3015 series: P3015, P3015d, P3015dn, P3015n, P3015x HP LaserJet Pro MFP M521 series: M521dn, M521dw HP LaserJet Enterprise 500 M525	https://trinatechtonersandprinters.co.ke/product?id=3565	https://old.trinatechtonersandprinters.co.ke/wp-content/uploads/2024/12/HP-55A-Toner.png	in stock	11000 KES	HP	new	Electronics > Print, Copy, Scan & Fax > Printer, Copier & Fax Machine Accessories > Toner & Inkjet Cartridges	Inks & Toner Cartridges	no
5083	HP 55A Black Toner Original Laserjet Original (CE255A)	HP 55A BLACK TONER ORIGINAL LASERJET ORIGINAL (CE255A	https://trinatechtonersandprinters.co.ke/product?id=5083	https://old.trinatechtonersandprinters.co.ke/wp-content/uploads/2026/02/HP-55A-Black-Toner-Original-Laserjet-Original-CE255A-scaled.webp	in stock	10000 KES	HP	new	Electronics > Print, Copy, Scan & Fax > Printer, Copier & Fax Machine Accessories > Toner & Inkjet Cartridges	HP Original Toners	no
5082	HP 56A Black Toner Original Laserjet (CE256A)	HP 56A BLACK TONER ORIGINAL LASERJET (CE256A	https://trinatechtonersandprinters.co.ke/product?id=5082	https://old.trinatechtonersandprinters.co.ke/wp-content/uploads/2026/02/HP-56A-Black-Toner-Original-Laserjet-CE256A-scaled.webp	in stock	4000 KES	HP	new	Electronics > Print, Copy, Scan & Fax > Printer, Copier & Fax Machine Accessories > Toner & Inkjet Cartridges	HP Original Toners	no
3535	HP 59A Black Original Laserjet Toner Cartridge	Compatible with: HP LaserJet Enterprise M406 (e.g., M406dn) HP LaserJet Enterprise MFP M430f HP LaserJet Pro M304 (e.g., M304a) HP LaserJet Pro M404 (M404n, M404dn, M404dw)	https://trinatechtonersandprinters.co.ke/product?id=3535	https://old.trinatechtonersandprinters.co.ke/wp-content/uploads/2024/12/HP-59A-Toner.png	in stock	12000 KES	HP	new	Electronics > Print, Copy, Scan & Fax > Printer, Copier & Fax Machine Accessories > Toner & Inkjet Cartridges	Inks & Toner Cartridges	no
5081	HP 59A Black Toner Catridge (CF259A)	HP 59A BLACK TONER CATRIDGE (CF259A	https://trinatechtonersandprinters.co.ke/product?id=5081	https://old.trinatechtonersandprinters.co.ke/wp-content/uploads/2026/02/HP-59A-Black-Toner-Catridge-CF259A-scaled.webp	in stock	11000 KES	HP	new	Electronics > Print, Copy, Scan & Fax > Printer, Copier & Fax Machine Accessories > Toner & Inkjet Cartridges	HP Original Toners	no
3926	HP 60 Black Original Ink Cartridge	The HP 60 Black Original Ink Cartridge is engineered to provide high-quality prints with every page.	https://trinatechtonersandprinters.co.ke/product?id=3926	https://old.trinatechtonersandprinters.co.ke/wp-content/uploads/2024/12/HP-60-Black-Original-Ink.png	in stock	4500 KES	HP	new	Electronics > Print, Copy, Scan & Fax > Printer, Copier & Fax Machine Accessories > Toner & Inkjet Cartridges	Inks & Toner Cartridges	no
5488	HP 61 Black Original Ink Cartridge (CH561WA)	HP 61 BLACK ORIGINAL INK CARTRIDGE (CH561WA	https://trinatechtonersandprinters.co.ke/product?id=5488	https://old.trinatechtonersandprinters.co.ke/wp-content/uploads/2026/02/HP-61-Black-Original-Ink-Cartridge-CH561WA.webp	in stock	4200 KES	HP	new	Electronics > Print, Copy, Scan & Fax > Printer, Copier & Fax Machine Accessories > Toner & Inkjet Cartridges	Original Hp Ink Cartridges	no
5487	HP 61 Tri Color Original Ink Cartridge	HP 61 TRI COLOR ORIGINAL INK CARTRIDGE	https://trinatechtonersandprinters.co.ke/product?id=5487	https://old.trinatechtonersandprinters.co.ke/wp-content/uploads/2026/02/HP-61-Tri-Color-Original-Ink-Cartridge.webp	in stock	4300 KES	HP	new	Electronics > Print, Copy, Scan & Fax > Printer, Copier & Fax Machine Accessories > Toner & Inkjet Cartridges	Original Hp Ink Cartridges	no
3932	HP 61 Tri-Colour Original Ink Cartridge	The HP 61 Tri-colour Original Ink Cartridge is designed to deliver exceptional colour quality for all your printing needs.	https://trinatechtonersandprinters.co.ke/product?id=3932	https://old.trinatechtonersandprinters.co.ke/wp-content/uploads/2024/12/HP-61-Tri-colour-Original-Ink.png	in stock	4500 KES	HP	new	Electronics > Print, Copy, Scan & Fax > Printer, Copier & Fax Machine Accessories > Toner & Inkjet Cartridges	Inks & Toner Cartridges	no
5486	HP 63 Black Ink Original Cartridge (F6U62AA)	HP 63 BLACK INK ORIGINAL CARTRIDGE (F6U62AA	https://trinatechtonersandprinters.co.ke/product?id=5486	https://old.trinatechtonersandprinters.co.ke/wp-content/uploads/2026/02/HP-63-Black-Ink-Original-Cartridge-F6U62AA.webp	in stock	4500 KES	HP	new	Electronics > Print, Copy, Scan & Fax > Printer, Copier & Fax Machine Accessories > Toner & Inkjet Cartridges	Original Hp Ink Cartridges	no
3832	HP 63 Black Original Ink Cartridge	The HP 63 Black Original Ink Cartridge is designed to provide high-quality prints with sharp, clear black text.	https://trinatechtonersandprinters.co.ke/product?id=3832	https://old.trinatechtonersandprinters.co.ke/wp-content/uploads/2024/12/HP-63-Black-Original-Ink.png	in stock	4500 KES	HP	new	Electronics > Print, Copy, Scan & Fax > Printer, Copier & Fax Machine Accessories > Toner & Inkjet Cartridges	Inks & Toner Cartridges	no
5485	HP 63 Tri Color Ink Cartridge (F6U61AA)	HP 63 TRI COLOR INK CARTRIDGE (F6U61AA	https://trinatechtonersandprinters.co.ke/product?id=5485	https://old.trinatechtonersandprinters.co.ke/wp-content/uploads/2026/02/HP-63-Tri-Color-Ink-Cartridge-F6U61AA.webp	in stock	3000 KES	HP	new	Electronics > Print, Copy, Scan & Fax > Printer, Copier & Fax Machine Accessories > Toner & Inkjet Cartridges	Original Hp Ink Cartridges	no
3901	HP 63 Tri-Colour Original Ink Cartridge	The HP 63 Tri-Colour Original Ink Cartridge is the ideal choice for producing high-quality, vibrant prints with stunning colours.	https://trinatechtonersandprinters.co.ke/product?id=3901	https://old.trinatechtonersandprinters.co.ke/wp-content/uploads/2024/12/HP-63-Tri-colour-Original-Ink.png	in stock	4300 KES	HP	new	Electronics > Print, Copy, Scan & Fax > Printer, Copier & Fax Machine Accessories > Toner & Inkjet Cartridges	Inks & Toner Cartridges	no
5080	HP 647A Black Toner Laserjet Original Catridge (CE260A)	HP 647A BLACK TONER LASERJET ORIGINAL CATRIDGE (CE260A	https://trinatechtonersandprinters.co.ke/product?id=5080	https://old.trinatechtonersandprinters.co.ke/wp-content/uploads/2026/02/HP-647A-Black-Toner-Laserjet-Original-Catridge-CE260A-scaled.webp	in stock	18000 KES	HP	new	Electronics > Print, Copy, Scan & Fax > Printer, Copier & Fax Machine Accessories > Toner & Inkjet Cartridges	HP Original Toners	no
5079	HP 648A Cyan Toner Laserjet Original Catridge (CE261A)	HP 648A CYAN TONER LASERJET ORIGINAL CATRIDGE (CE261A	https://trinatechtonersandprinters.co.ke/product?id=5079	https://old.trinatechtonersandprinters.co.ke/wp-content/uploads/2026/02/HP-648A-Cyan-Toner-Laserjet-Original-Catridge-CE261A-scaled.webp	in stock	18000 KES	HP	new	Electronics > Print, Copy, Scan & Fax > Printer, Copier & Fax Machine Accessories > Toner & Inkjet Cartridges	HP Original Toners	no
5078	HP 648A Magneta Toner Laserjet Original (CE263A)	HP 648A MAGNETA TONER LASERJET ORIGINAL (CE263A	https://trinatechtonersandprinters.co.ke/product?id=5078	https://old.trinatechtonersandprinters.co.ke/wp-content/uploads/2026/02/HP-648A-Magneta-Toner-Laserjet-Original-CE263A-scaled.webp	in stock	18000 KES	HP	new	Electronics > Print, Copy, Scan & Fax > Printer, Copier & Fax Machine Accessories > Toner & Inkjet Cartridges	HP Original Toners	no
5077	HP 648A Yellow Toner Laserjet Original Catridge (CE262A)	HP 648A YELLOW TONER LASERJET ORIGINAL CATRIDGE (CE262A	https://trinatechtonersandprinters.co.ke/product?id=5077	https://old.trinatechtonersandprinters.co.ke/wp-content/uploads/2026/02/HP-648A-Yellow-Toner-Laserjet-Original-Catridge-CE262A-scaled.webp	in stock	18000 KES	HP	new	Electronics > Print, Copy, Scan & Fax > Printer, Copier & Fax Machine Accessories > Toner & Inkjet Cartridges	HP Original Toners	no
5076	HP 64A Black Toner Original Laserjet Cartridge (CC364A)	HP 64A BLACK TONER ORIGINAL LASERJET CARTRIDGE (CC364A	https://trinatechtonersandprinters.co.ke/product?id=5076	https://old.trinatechtonersandprinters.co.ke/wp-content/uploads/2026/02/HP-64A-Black-Toner-Original-Laserjet-Cartridge-CC364A-scaled.webp	in stock	18000 KES	HP	new	Electronics > Print, Copy, Scan & Fax > Printer, Copier & Fax Machine Accessories > Toner & Inkjet Cartridges	HP Original Toners	no
5484	HP 650 Black Ink Advantage Cartridge (CH561HE)	HP 650 BLACK INK ADVANTAGE CARTRIDGE (CH561HE	https://trinatechtonersandprinters.co.ke/product?id=5484	https://old.trinatechtonersandprinters.co.ke/wp-content/uploads/2026/02/HP-650-Black-Ink-Advantage-Cartridge-CH561HE.webp	in stock	2500 KES	HP	new	Electronics > Print, Copy, Scan & Fax > Printer, Copier & Fax Machine Accessories > Toner & Inkjet Cartridges	Original Hp Ink Cartridges	no
3820	HP 650 Black Original Ink Cartridge	The HP 650 Black Ink Cartridge is designed to provide high-quality, reliable, and efficient printing.	https://trinatechtonersandprinters.co.ke/product?id=3820	https://old.trinatechtonersandprinters.co.ke/wp-content/uploads/2024/12/HP-650-Black-Ink.png	in stock	2500 KES	HP	new	Electronics > Print, Copy, Scan & Fax > Printer, Copier & Fax Machine Accessories > Toner & Inkjet Cartridges	Inks & Toner Cartridges	no
5483	HP 650 Tri Color Ink Advantage Cartridge (CH561HE)	HP 650 TRI COLOR INK ADVANTAGE CARTRIDGE (CH561HE	https://trinatechtonersandprinters.co.ke/product?id=5483	https://old.trinatechtonersandprinters.co.ke/wp-content/uploads/2026/02/HP-650-Tri-Color-Ink-Advantage-Cartridge-CH561HE.webp	in stock	2300 KES	HP	new	Electronics > Print, Copy, Scan & Fax > Printer, Copier & Fax Machine Accessories > Toner & Inkjet Cartridges	Original Hp Ink Cartridges	no
3825	HP 650 Tri-Colour Original Ink Cartridge	The HP 650 Tri-colour Ink Cartridge is designed to bring your prints to life with stunning, vibrant colors.	https://trinatechtonersandprinters.co.ke/product?id=3825	https://old.trinatechtonersandprinters.co.ke/wp-content/uploads/2024/12/HP-650-Tri-color-Ink.png	in stock	2500 KES	HP	new	Electronics > Print, Copy, Scan & Fax > Printer, Copier & Fax Machine Accessories > Toner & Inkjet Cartridges	Inks & Toner Cartridges	no
5075	HP 650A Black Toner Original Laserjet (CE270A)	HP 650A BLACK TONER ORIGINAL LASERJET (CE270A	https://trinatechtonersandprinters.co.ke/product?id=5075	https://old.trinatechtonersandprinters.co.ke/wp-content/uploads/2026/02/HP-650A-Black-Toner-Original-Laserjet-CE270A-scaled.webp	in stock	22000 KES	HP	new	Electronics > Print, Copy, Scan & Fax > Printer, Copier & Fax Machine Accessories > Toner & Inkjet Cartridges	HP Original Toners	no
5074	HP 650A Cyan Toner Original Laserjet (CE271A)	HP 650A CYAN TONER ORIGINAL LASERJET (CE271A	https://trinatechtonersandprinters.co.ke/product?id=5074	https://old.trinatechtonersandprinters.co.ke/wp-content/uploads/2026/02/HP-650A-Cyan-Toner-Original-Laserjet-CE271A-scaled.webp	in stock	22000 KES	HP	new	Electronics > Print, Copy, Scan & Fax > Printer, Copier & Fax Machine Accessories > Toner & Inkjet Cartridges	HP Original Toners	no
5073	HP 650A Magneta Toner Original Laserjet (CE273A)	HP 650A MAGNETA TONER ORIGINAL LASERJET (CE273A	https://trinatechtonersandprinters.co.ke/product?id=5073	https://old.trinatechtonersandprinters.co.ke/wp-content/uploads/2026/02/HP-650A-Magneta-Toner-Original-Laserjet-CE273A-scaled.webp	in stock	22000 KES	HP	new	Electronics > Print, Copy, Scan & Fax > Printer, Copier & Fax Machine Accessories > Toner & Inkjet Cartridges	HP Original Toners	no
5072	HP 650A Yellow Toner Original Laserjet (CE272A)	HP 650A YELLOW TONER ORIGINAL LASERJET (CE272A	https://trinatechtonersandprinters.co.ke/product?id=5072	https://old.trinatechtonersandprinters.co.ke/wp-content/uploads/2026/02/HP-650A-Yellow-Toner-Original-Laserjet-CE272A-scaled.webp	in stock	22000 KES	HP	new	Electronics > Print, Copy, Scan & Fax > Printer, Copier & Fax Machine Accessories > Toner & Inkjet Cartridges	HP Original Toners	no
5482	HP 651 Tri Color Ink Cartridge (C2P11AE)	HP 651 TRI COLOR INK CARTRIDGE (C2P11AE	https://trinatechtonersandprinters.co.ke/product?id=5482	https://old.trinatechtonersandprinters.co.ke/wp-content/uploads/2026/02/HP-651-Tri-Color-Ink-Cartridge-C2P11AE.webp	in stock	3200 KES	HP	new	Electronics > Print, Copy, Scan & Fax > Printer, Copier & Fax Machine Accessories > Toner & Inkjet Cartridges	Original Hp Ink Cartridges	no
5071	HP 651A Black Toner Laserjet Cartridge (CE340A)	HP 651A BLACK TONER LASERJET CARTRIDGE (CE340A	https://trinatechtonersandprinters.co.ke/product?id=5071	https://old.trinatechtonersandprinters.co.ke/wp-content/uploads/2026/02/HP-651A-Black-Toner-Laserjet-Cartridge-CE340A-scaled.webp	in stock	22000 KES	HP	new	Electronics > Print, Copy, Scan & Fax > Printer, Copier & Fax Machine Accessories > Toner & Inkjet Cartridges	HP Original Toners	no
5070	HP 651A Color Toners Cym Each	HP 651A COLOR TONERS CYM EACH	https://trinatechtonersandprinters.co.ke/product?id=5070	https://old.trinatechtonersandprinters.co.ke/wp-content/uploads/2026/02/HP-651A-Color-Toners-Cym-Each-scaled.webp	in stock	27000 KES	HP	new	Electronics > Print, Copy, Scan & Fax > Printer, Copier & Fax Machine Accessories > Toner & Inkjet Cartridges	HP Original Toners	no
5481	HP 652 Black Ink Cartridge (F6V25AE)	HP 652 BLACK INK CARTRIDGE (F6V25AE	https://trinatechtonersandprinters.co.ke/product?id=5481	https://old.trinatechtonersandprinters.co.ke/wp-content/uploads/2026/02/HP-652-Black-Ink-Cartridge-F6V25AE.webp	in stock	2500 KES	HP	new	Electronics > Print, Copy, Scan & Fax > Printer, Copier & Fax Machine Accessories > Toner & Inkjet Cartridges	Original Hp Ink Cartridges	no
3953	HP 652 Black Original Ink Cartridge	Works with HP DeskJet Ink Advantage: 1115, 2135, 3635, 3775, 3785, 3787, 3788, 3835, 4675, 5075, 5275	https://trinatechtonersandprinters.co.ke/product?id=3953	https://old.trinatechtonersandprinters.co.ke/wp-content/uploads/2024/12/HP-652-Black-Original-Ink.png	in stock	2500 KES	HP	new	Electronics > Print, Copy, Scan & Fax > Printer, Copier & Fax Machine Accessories > Toner & Inkjet Cartridges	Inks & Toner Cartridges	no
5480	HP 652 Tri Color Ink Cartridge (F6V24AE)	HP 652 TRI COLOR INK CARTRIDGE (F6V24AE	https://trinatechtonersandprinters.co.ke/product?id=5480	https://old.trinatechtonersandprinters.co.ke/wp-content/uploads/2026/02/HP-652-Tri-Color-Ink-Cartridge-F6V24AE.webp	in stock	2400 KES	HP	new	Electronics > Print, Copy, Scan & Fax > Printer, Copier & Fax Machine Accessories > Toner & Inkjet Cartridges	Original Hp Ink Cartridges	no
3956	HP 652 Tri-Colour Original Ink Cartridge	Works with HP DeskJet Ink Advantage: 1115, 2135, 3635, 3775, 3785, 3787, 3788, 3835, 4675, 5075, 5275.	https://trinatechtonersandprinters.co.ke/product?id=3956	https://old.trinatechtonersandprinters.co.ke/wp-content/uploads/2024/12/HP-652-Tri-colour-Original-Ink.png	in stock	2500 KES	HP	new	Electronics > Print, Copy, Scan & Fax > Printer, Copier & Fax Machine Accessories > Toner & Inkjet Cartridges	Inks & Toner Cartridges	no
5479	HP 655 Black Ink Original Cartridge (CZ109AE)	HP 655 BLACK INK ORIGINAL CARTRIDGE (CZ109AE	https://trinatechtonersandprinters.co.ke/product?id=5479	https://old.trinatechtonersandprinters.co.ke/wp-content/uploads/2026/02/HP-655-Black-Ink-Original-Cartridge-CZ109AE.webp	in stock	2400 KES	HP	new	Electronics > Print, Copy, Scan & Fax > Printer, Copier & Fax Machine Accessories > Toner & Inkjet Cartridges	Original Hp Ink Cartridges	no
3829	HP 655 Black Original Ink Cartridge	The HP 655 Black Ink Cartridge offers exceptional print quality, making it the perfect choice for home and office printing.	https://trinatechtonersandprinters.co.ke/product?id=3829	https://old.trinatechtonersandprinters.co.ke/wp-content/uploads/2024/12/HP-655-Black-Ink.png	in stock	3500 KES	HP	new	Electronics > Print, Copy, Scan & Fax > Printer, Copier & Fax Machine Accessories > Toner & Inkjet Cartridges	Inks & Toner Cartridges	no
5478	HP 655 Cyan Ink Original Cartridge (CZ119AE)	HP 655 CYAN INK ORIGINAL CARTRIDGE (CZ119AE	https://trinatechtonersandprinters.co.ke/product?id=5478	https://old.trinatechtonersandprinters.co.ke/wp-content/uploads/2026/02/HP-655-Cyan-Ink-Original-Cartridge-CZ119AE.webp	in stock	2300 KES	HP	new	Electronics > Print, Copy, Scan & Fax > Printer, Copier & Fax Machine Accessories > Toner & Inkjet Cartridges	Original Hp Ink Cartridges	no
5477	HP 655 Magenta Ink Original Cartridge (CZ111AE)	HP 655 MAGENTA INK ORIGINAL CARTRIDGE (CZ111AE	https://trinatechtonersandprinters.co.ke/product?id=5477	https://old.trinatechtonersandprinters.co.ke/wp-content/uploads/2026/02/HP-655-Magenta-Ink-Original-Cartridge-CZ111AE.webp	in stock	2300 KES	HP	new	Electronics > Print, Copy, Scan & Fax > Printer, Copier & Fax Machine Accessories > Toner & Inkjet Cartridges	Original Hp Ink Cartridges	no
5476	HP 655 Yellow Ink Original Cartridge (CZ112AE)	HP 655 YELLOW INK ORIGINAL CARTRIDGE (CZ112AE	https://trinatechtonersandprinters.co.ke/product?id=5476	https://old.trinatechtonersandprinters.co.ke/wp-content/uploads/2026/02/HP-655-Yellow-Ink-Original-Cartridge-CZ112AE.webp	in stock	2300 KES	HP	new	Electronics > Print, Copy, Scan & Fax > Printer, Copier & Fax Machine Accessories > Toner & Inkjet Cartridges	Original Hp Ink Cartridges	no
5069	HP 655A Black Toner Laserjet Cartridge (CF450A)	HP 655A BLACK TONER LASERJET CARTRIDGE (CF450A	https://trinatechtonersandprinters.co.ke/product?id=5069	https://old.trinatechtonersandprinters.co.ke/wp-content/uploads/2026/02/HP-655A-Black-Toner-Laserjet-Cartridge-CF450A-scaled.webp	in stock	30500 KES	HP	new	Electronics > Print, Copy, Scan & Fax > Printer, Copier & Fax Machine Accessories > Toner & Inkjet Cartridges	HP Original Toners	no
5475	HP 655A Cym Toner Cartridge Each	HP 655A CYM TONER CARTRIDGE EACH	https://trinatechtonersandprinters.co.ke/product?id=5475	https://old.trinatechtonersandprinters.co.ke/wp-content/uploads/2026/02/HP-655A-Cym-Toner-Cartridge-Each.webp	in stock	36500 KES	HP	new	Electronics > Print, Copy, Scan & Fax > Printer, Copier & Fax Machine Accessories > Toner & Inkjet Cartridges	Original Hp Ink Cartridges	no
5068	HP 659A Black Toner Laserjet Cartridge (W2010A)	HP 659A BLACK TONER LASERJET CARTRIDGE (W2010A	https://trinatechtonersandprinters.co.ke/product?id=5068	https://old.trinatechtonersandprinters.co.ke/wp-content/uploads/2026/02/HP-659A-Black-Toner-Laserjet-Cartridge-W2010A-scaled.webp	in stock	24000 KES	HP	new	Electronics > Print, Copy, Scan & Fax > Printer, Copier & Fax Machine Accessories > Toner & Inkjet Cartridges	HP Original Toners	no
5067	HP 659A Cym Toner Each	HP 659A CYM TONER EACH	https://trinatechtonersandprinters.co.ke/product?id=5067	https://old.trinatechtonersandprinters.co.ke/wp-content/uploads/2026/02/HP-659A-Cym-Toner-Each-scaled.webp	in stock	44000 KES	HP	new	Electronics > Print, Copy, Scan & Fax > Printer, Copier & Fax Machine Accessories > Toner & Inkjet Cartridges	HP Original Toners	no
5474	HP 711 Black Ink Cartridge	HP 711 BLACK INK CARTRIDGE	https://trinatechtonersandprinters.co.ke/product?id=5474	https://old.trinatechtonersandprinters.co.ke/wp-content/uploads/2026/02/HP-711-Black-Ink-Cartridge.webp	in stock	6000 KES	HP	new	Electronics > Print, Copy, Scan & Fax > Printer, Copier & Fax Machine Accessories > Toner & Inkjet Cartridges	Original Hp Ink Cartridges	no
5473	HP 711 Cyan Ink Cartridge 38ML Genune (CZ130A)	HP 711 CYAN INK CARTRIDGE 38ML GENUNE (CZ130A	https://trinatechtonersandprinters.co.ke/product?id=5473	https://old.trinatechtonersandprinters.co.ke/wp-content/uploads/2026/02/HP-711-Cyan-Ink-Cartridge-38ML-Genune-CZ130A.webp	in stock	5000 KES	HP	new	Electronics > Print, Copy, Scan & Fax > Printer, Copier & Fax Machine Accessories > Toner & Inkjet Cartridges	Original Hp Ink Cartridges	no
5472	HP 711 Maenta Ink Cartridge 38ML Genune (CZ131A)	HP 711 MAENTA INK CARTRIDGE 38ML GENUNE (CZ131A	https://trinatechtonersandprinters.co.ke/product?id=5472	https://old.trinatechtonersandprinters.co.ke/wp-content/uploads/2026/02/HP-711-Maenta-Ink-Cartridge-38ML-Genune-CZ131A.webp	in stock	5000 KES	HP	new	Electronics > Print, Copy, Scan & Fax > Printer, Copier & Fax Machine Accessories > Toner & Inkjet Cartridges	Original Hp Ink Cartridges	no
5471	HP 711 Yellow Ink Cartridge 38ML Genune (CZ132A)	HP 711 YELLOW INK CARTRIDGE 38ML GENUNE (CZ132A	https://trinatechtonersandprinters.co.ke/product?id=5471	https://old.trinatechtonersandprinters.co.ke/wp-content/uploads/2026/02/HP-711-Yellow-Ink-Cartridge-38ML-Genune-CZ132A.webp	in stock	5000 KES	HP	new	Electronics > Print, Copy, Scan & Fax > Printer, Copier & Fax Machine Accessories > Toner & Inkjet Cartridges	Original Hp Ink Cartridges	no
5307	HP 72 130-ML Black Matte Designjet Ink Each	HP 72 130-ML BLACK MATTE DESIGNJET INK EACH	https://trinatechtonersandprinters.co.ke/product?id=5307	https://old.trinatechtonersandprinters.co.ke/wp-content/uploads/2026/02/HP-72-130-ML-Black-Matte-Designjet-Ink-Each.webp	in stock	15000 KES	HP	new	Electronics > Print, Copy, Scan & Fax > Printer, Copier & Fax Machine Accessories > Toner & Inkjet Cartridges	Master Rolls & Inks	no
5306	HP 72 Design Jet Printehead Magnta | Cyan, C9383A	HP 72 DESIGN JET PRINTEHEAD MAGNTA | CYAN, C9383A	https://trinatechtonersandprinters.co.ke/product?id=5306	https://old.trinatechtonersandprinters.co.ke/wp-content/uploads/2026/02/HP-72-Design-Jet-Printehead-Magnta-Cyan-C9383A.webp	in stock	15000 KES	HP	new	Electronics > Print, Copy, Scan & Fax > Printer, Copier & Fax Machine Accessories > Toner & Inkjet Cartridges	Master Rolls & Inks	no
5305	HP 72 Gray | Photo Black Designjet Printhead, C9380A	HP 72 GRAY | PHOTO BLACK DESIGNJET PRINTHEAD, C9380A	https://trinatechtonersandprinters.co.ke/product?id=5305	https://old.trinatechtonersandprinters.co.ke/wp-content/uploads/2026/02/HP-72-Gray-Photo-Black-Designjet-Printhead-C9380A.webp	in stock	15000 KES	HP	new	Electronics > Print, Copy, Scan & Fax > Printer, Copier & Fax Machine Accessories > Toner & Inkjet Cartridges	Master Rolls & Inks	no
5304	HP 72 Matte Black | Yellow Designjet Printhead, C9384A	HP 72 MATTE BLACK | YELLOW DESIGNJET PRINTHEAD, C9384A	https://trinatechtonersandprinters.co.ke/product?id=5304	https://old.trinatechtonersandprinters.co.ke/wp-content/uploads/2026/02/HP-72-Matte-Black-Yellow-Designjet-Printhead-C9384A.webp	in stock	15000 KES	HP	new	Electronics > Print, Copy, Scan & Fax > Printer, Copier & Fax Machine Accessories > Toner & Inkjet Cartridges	Master Rolls & Inks	no
5302	HP 727 Black Designjet Ink (130-ML Cartridge)	HP 727 BLACK DESIGNJET INK (130-ML CARTRIDGE	https://trinatechtonersandprinters.co.ke/product?id=5302	https://old.trinatechtonersandprinters.co.ke/wp-content/uploads/2026/02/HP-727-Black-Designjet-Ink-130-ML-Cartridge.webp	in stock	18000 KES	HP	new	Electronics > Print, Copy, Scan & Fax > Printer, Copier & Fax Machine Accessories > Toner & Inkjet Cartridges	Master Rolls & Inks	no
5303	HP 727 Cym Designjet Ink (130-ML Cartridge Each)	HP 727 CYM DESIGNJET INK (130-ML CARTRIDGE EACH	https://trinatechtonersandprinters.co.ke/product?id=5303	https://old.trinatechtonersandprinters.co.ke/wp-content/uploads/2026/02/HP-727-Cym-Designjet-Ink-130-ML-Cartridge-Each.webp	in stock	18000 KES	HP	new	Electronics > Print, Copy, Scan & Fax > Printer, Copier & Fax Machine Accessories > Toner & Inkjet Cartridges	Master Rolls & Inks	no
5301	HP 728 Black 300ML Matte Designjet Ink Cartridge Each	HP 728 BLACK 300ML MATTE DESIGNJET INK CARTRIDGE EACH	https://trinatechtonersandprinters.co.ke/product?id=5301	https://old.trinatechtonersandprinters.co.ke/wp-content/uploads/2026/02/HP-728-Black-300ML-Matte-Designjet-Ink-Cartridge-Each.webp	in stock	18000 KES	HP	new	Electronics > Print, Copy, Scan & Fax > Printer, Copier & Fax Machine Accessories > Toner & Inkjet Cartridges	Master Rolls & Inks	no
5300	HP 728 Cym High Capacity Ink 130-ML Each	HP 728 CYM HIGH CAPACITY INK 130-ML EACH	https://trinatechtonersandprinters.co.ke/product?id=5300	https://old.trinatechtonersandprinters.co.ke/wp-content/uploads/2026/02/HP-728-Cym-High-Capacity-Ink-130-ML-Each.webp	in stock	18000 KES	HP	new	Electronics > Print, Copy, Scan & Fax > Printer, Copier & Fax Machine Accessories > Toner & Inkjet Cartridges	Master Rolls & Inks	no
5299	HP 730 Designjet Ink Cartridges 130-ML Each	HP 730 DESIGNJET INK CARTRIDGES 130-ML EACH	https://trinatechtonersandprinters.co.ke/product?id=5299	https://old.trinatechtonersandprinters.co.ke/wp-content/uploads/2026/02/HP-730-Designjet-Ink-Cartridges-130-ML-Each.webp	in stock	18000 KES	HP	new	Electronics > Print, Copy, Scan & Fax > Printer, Copier & Fax Machine Accessories > Toner & Inkjet Cartridges	Master Rolls & Inks	no
5066	HP 76A Black Toner Laserjet Cartridge (CF276A)	HP 76A BLACK TONER LASERJET CARTRIDGE (CF276A	https://trinatechtonersandprinters.co.ke/product?id=5066	https://old.trinatechtonersandprinters.co.ke/wp-content/uploads/2026/02/HP-76A-Black-Toner-Laserjet-Cartridge-CF276A-scaled.webp	in stock	17000 KES	HP	new	Electronics > Print, Copy, Scan & Fax > Printer, Copier & Fax Machine Accessories > Toner & Inkjet Cartridges	HP Original Toners	no
5298	HP 771 Designjet 775-ML Ink Cartridge Each	HP 771 DESIGNJET 775-ML INK CARTRIDGE EACH	https://trinatechtonersandprinters.co.ke/product?id=5298	https://old.trinatechtonersandprinters.co.ke/wp-content/uploads/2026/02/HP-771-Designjet-775-ML.png	in stock	18000 KES	HP	new	Electronics > Print, Copy, Scan & Fax > Printer, Copier & Fax Machine Accessories > Toner & Inkjet Cartridges	Master Rolls & Inks	no
3552	HP 78A Black Original Laserjet Toner Cartridge	Compatible: HP LaserJet Pro P1566 (single-function laser) HP LaserJet Pro P1606 series (models including P1606, P1606n, P1606dn) HP LaserJet Pro M1536dnf (multifunction printer)	https://trinatechtonersandprinters.co.ke/product?id=3552	https://old.trinatechtonersandprinters.co.ke/wp-content/uploads/2024/12/HP-78A-Toner.png	in stock	6000 KES	HP	new	Electronics > Print, Copy, Scan & Fax > Printer, Copier & Fax Machine Accessories > Toner & Inkjet Cartridges	Inks & Toner Cartridges	no
5065	HP 78A Black Toner Laserjet (CE278A)	HP 78A BLACK TONER LASERJET (CE278A	https://trinatechtonersandprinters.co.ke/product?id=5065	https://old.trinatechtonersandprinters.co.ke/wp-content/uploads/2026/02/HP-78A-Black-Toner-Laserjet-CE278A-scaled.webp	in stock	6000 KES	HP	new	Electronics > Print, Copy, Scan & Fax > Printer, Copier & Fax Machine Accessories > Toner & Inkjet Cartridges	HP Original Toners	no
5064	HP 79A Black Laserjet Toner Cartridge	HP 79A BLACK LASERJET TONER CARTRIDGE	https://trinatechtonersandprinters.co.ke/product?id=5064	https://old.trinatechtonersandprinters.co.ke/wp-content/uploads/2026/02/HP-79A-Black-Laserjet-Toner-Cartridge-scaled.webp	in stock	9500 KES	HP	new	Electronics > Print, Copy, Scan & Fax > Printer, Copier & Fax Machine Accessories > Toner & Inkjet Cartridges	HP Original Toners	no
4151	HP 79A Black Original Laserjet Toner Cartridge	The HP 79A Black Original LaserJet Toner Cartridge ensures exceptional print quality with each page.	https://trinatechtonersandprinters.co.ke/product?id=4151	https://old.trinatechtonersandprinters.co.ke/wp-content/uploads/2025/01/HP-79A-Black-Original-LaserJet-Toner.png	in stock	9000 KES	HP	new	Electronics > Print, Copy, Scan & Fax > Printer, Copier & Fax Machine Accessories > Toner & Inkjet Cartridges	Inks & Toner Cartridges	no
4603	HP 80A Black Original Laserjet Toner Cartridge (CF280A)	Compatible with: HP LaserJet Pro 400 M401 models: M401a, M401d, M401dn, M401dne, M401dw, M401n HP LaserJet Pro 400 MFP M425 models: M425dn, M425dw	https://trinatechtonersandprinters.co.ke/product?id=4603	https://old.trinatechtonersandprinters.co.ke/wp-content/uploads/2025/07/HP-80A-Black-Original-LaserJet-Toner-Cartridge.png	in stock	6000 KES	HP	new	Electronics > Print, Copy, Scan & Fax > Printer, Copier & Fax Machine Accessories > Toner & Inkjet Cartridges	Inks & Toner Cartridges	no
5063	HP 80A Black Toner Laserjet (CE280A)	HP 80A BLACK TONER LASERJET (CE280A	https://trinatechtonersandprinters.co.ke/product?id=5063	https://old.trinatechtonersandprinters.co.ke/wp-content/uploads/2026/02/HP-80A-Black-Toner-Laserjet-CE280A-scaled.webp	in stock	6000 KES	HP	new	Electronics > Print, Copy, Scan & Fax > Printer, Copier & Fax Machine Accessories > Toner & Inkjet Cartridges	HP Original Toners	no
4781	HP 81A Black Original Laserjet Toner Cartridge	Compatible with: HP LaserJet Enterprise M604 (including M604n, M604dn) HP LaserJet Enterprise M605 (M605n, M605dn, M605x) HP LaserJet Enterprise M606 (M606dn, M606x)	https://trinatechtonersandprinters.co.ke/product?id=4781	https://old.trinatechtonersandprinters.co.ke/wp-content/uploads/2025/07/HP-81A-Black-Original-Toner.png	in stock	12000 KES	HP	new	Electronics > Print, Copy, Scan & Fax > Printer, Copier & Fax Machine Accessories > Toner & Inkjet Cartridges	Inks & Toner Cartridges	no
5062	HP 81A Black Toner Laserjet Catrigde (CF281A)	HP 81A BLACK TONER LASERJET CATRIGDE (CF281A	https://trinatechtonersandprinters.co.ke/product?id=5062	https://old.trinatechtonersandprinters.co.ke/wp-content/uploads/2026/02/HP-81A-Black-Toner-Laserjet-Catrigde-CF281A-scaled.webp	in stock	12000 KES	HP	new	Electronics > Print, Copy, Scan & Fax > Printer, Copier & Fax Machine Accessories > Toner & Inkjet Cartridges	HP Original Toners	no
5061	HP 827A Black Toner Laserjet Cartridge (CF300A)	HP 827A BLACK TONER LASERJET CARTRIDGE (CF300A	https://trinatechtonersandprinters.co.ke/product?id=5061	https://old.trinatechtonersandprinters.co.ke/wp-content/uploads/2026/02/HP-827A-Black-Toner-Laserjet-Cartridge-CF300A-scaled.webp	in stock	25000 KES	HP	new	Electronics > Print, Copy, Scan & Fax > Printer, Copier & Fax Machine Accessories > Toner & Inkjet Cartridges	HP Original Toners	no
5060	HP 827A Color Toner Cartridges Each	HP 827A COLOR TONER CARTRIDGES EACH	https://trinatechtonersandprinters.co.ke/product?id=5060	https://old.trinatechtonersandprinters.co.ke/wp-content/uploads/2026/02/HP-827A-Color-Toner-Cartridges-Each-scaled.webp	in stock	35000 KES	HP	new	Electronics > Print, Copy, Scan & Fax > Printer, Copier & Fax Machine Accessories > Toner & Inkjet Cartridges	HP Original Toners	no
5059	HP 828A Black Drum Laserjet Image (CF358A)	HP 828A BLACK DRUM LASERJET IMAGE (CF358A	https://trinatechtonersandprinters.co.ke/product?id=5059	https://old.trinatechtonersandprinters.co.ke/wp-content/uploads/2026/02/HP-828A-Black-Drum-Laserjet-Image-CF358A-scaled.webp	in stock	26000 KES	HP	new	Electronics > Print, Copy, Scan & Fax > Printer, Copier & Fax Machine Accessories > Toner & Inkjet Cartridges	HP Original Toners	no
5058	HP 828A Drum Units Cym Each	HP 828A DRUM UNITS CYM EACH	https://trinatechtonersandprinters.co.ke/product?id=5058	https://old.trinatechtonersandprinters.co.ke/wp-content/uploads/2026/02/HP-828A-Drum-Units-Cym-Each-scaled.webp	in stock	36000 KES	HP	new	Electronics > Print, Copy, Scan & Fax > Printer, Copier & Fax Machine Accessories > Toner & Inkjet Cartridges	HP Original Toners	no
3542	HP 83A Black Original Laserjet Toner Cartridge	Compatible with: LaserJet Pro Single-Function: HP M201dw HP M201n HP LaserJet Pro MFP (All-in-One) Series: M125a, M125nw, M125rnw M127fn, M127fw, M127fs M225dn, M225dw M128fn	https://trinatechtonersandprinters.co.ke/product?id=3542	https://old.trinatechtonersandprinters.co.ke/wp-content/uploads/2024/12/HP-83A-Toner.png	in stock	5500 KES	HP	new	Electronics > Print, Copy, Scan & Fax > Printer, Copier & Fax Machine Accessories > Toner & Inkjet Cartridges	Inks & Toner Cartridges	no
5057	HP 83A Black Toner Laserjet (CF283A)	HP 83A BLACK TONER LASERJET (CF283A	https://trinatechtonersandprinters.co.ke/product?id=5057	https://old.trinatechtonersandprinters.co.ke/wp-content/uploads/2026/02/HP-83A-Black-Toner-Laserjet-CF283A-scaled.webp	in stock	6000 KES	HP	new	Electronics > Print, Copy, Scan & Fax > Printer, Copier & Fax Machine Accessories > Toner & Inkjet Cartridges	HP Original Toners	no
4580	HP 85A Black Original Laserjet Toner Cartridge	Compatible with: HP LaserJet Pro P1102 / P1102w / P1109w / P1109 HP LaserJet Pro P1104 / P1106 / P1107 / P1108 HP LaserJet Pro M1130 / M1132 / M1136 / M1139 (MFPs)	https://trinatechtonersandprinters.co.ke/product?id=4580	https://old.trinatechtonersandprinters.co.ke/wp-content/uploads/2025/07/HP-85A-Black-LaserJet-Toner.png	in stock	6000 KES	HP	new	Electronics > Print, Copy, Scan & Fax > Printer, Copier & Fax Machine Accessories > Toner & Inkjet Cartridges	Inks & Toner Cartridges	no
5056	HP 85A Black Toner Laserjet (CE285A)	HP 85A BLACK TONER LASERJET (CE285A	https://trinatechtonersandprinters.co.ke/product?id=5056	https://old.trinatechtonersandprinters.co.ke/wp-content/uploads/2026/02/HP-85A-Black-Toner-Laserjet-CE285A-scaled.webp	in stock	6000 KES	HP	new	Electronics > Print, Copy, Scan & Fax > Printer, Copier & Fax Machine Accessories > Toner & Inkjet Cartridges	HP Original Toners	no
4790	HP 87A Black Original Laserjet Toner Cartridge	Compatible with: HP LaserJet Enterprise M506 series: M506dn, M506n, M506x HP LaserJet Pro M501 series: M501dn, M501n HP LaserJet Enterprise Flow MFP M527 series: M527dn, M527f	https://trinatechtonersandprinters.co.ke/product?id=4790	https://old.trinatechtonersandprinters.co.ke/wp-content/uploads/2025/07/HP-87A-Black-Original-Toner.png	in stock	12000 KES	HP	new	Electronics > Print, Copy, Scan & Fax > Printer, Copier & Fax Machine Accessories > Toner & Inkjet Cartridges	Inks & Toner Cartridges	no
5055	HP 87A Black Toner Original Laserjet (CF287A)	HP 87A BLACK TONER ORIGINAL LASERJET (CF287A	https://trinatechtonersandprinters.co.ke/product?id=5055	https://old.trinatechtonersandprinters.co.ke/wp-content/uploads/2026/02/HP-87A-Black-Toner-Original-Laserjet-CF287A-scaled.webp	in stock	12000 KES	HP	new	Electronics > Print, Copy, Scan & Fax > Printer, Copier & Fax Machine Accessories > Toner & Inkjet Cartridges	HP Original Toners	no
5054	HP 89A Black Toner Cartridge (CF289A)	HP 89A BLACK TONER CARTRIDGE (CF289A	https://trinatechtonersandprinters.co.ke/product?id=5054	https://old.trinatechtonersandprinters.co.ke/wp-content/uploads/2026/02/HP-89A-Black-Toner-Cartridge-CF289A-scaled.webp	in stock	11000 KES	HP	new	Electronics > Print, Copy, Scan & Fax > Printer, Copier & Fax Machine Accessories > Toner & Inkjet Cartridges	HP Original Toners	no
5470	HP 901 Black Ink Cartridge (CC653A)	HP 901 BLACK INK CARTRIDGE (CC653A	https://trinatechtonersandprinters.co.ke/product?id=5470	https://old.trinatechtonersandprinters.co.ke/wp-content/uploads/2026/02/HP-901-Black-Ink-Cartridge-CC653A.png	in stock	2800 KES	HP	new	Electronics > Print, Copy, Scan & Fax > Printer, Copier & Fax Machine Accessories > Toner & Inkjet Cartridges	Original Hp Ink Cartridges	no
3917	HP 901 Black Original Ink Cartridge	The HP 901 Black Original Ink Cartridge is engineered to deliver clear, sharp black text.	https://trinatechtonersandprinters.co.ke/product?id=3917	https://old.trinatechtonersandprinters.co.ke/wp-content/uploads/2024/12/HP-901-Black-Original-Ink.png	in stock	4500 KES	HP	new	Electronics > Print, Copy, Scan & Fax > Printer, Copier & Fax Machine Accessories > Toner & Inkjet Cartridges	Inks & Toner Cartridges	no
5469	HP 901 Tri Color Ink Cartridge	HP 901 TRI COLOR INK CARTRIDGE	https://trinatechtonersandprinters.co.ke/product?id=5469	https://old.trinatechtonersandprinters.co.ke/wp-content/uploads/2026/02/HP-901-Tri-Color-Ink-Cartridge.webp	in stock	3500 KES	HP	new	Electronics > Print, Copy, Scan & Fax > Printer, Copier & Fax Machine Accessories > Toner & Inkjet Cartridges	Original Hp Ink Cartridges	no
3920	HP 901 Tri-Colour Original Ink Cartridge	The HP 901 Tri-colour Original Ink Cartridge offers an exceptional printing experience with vivid, true-to-life colours.	https://trinatechtonersandprinters.co.ke/product?id=3920	https://old.trinatechtonersandprinters.co.ke/wp-content/uploads/2024/12/HP-901-Tri-colour-Original-Ink.png	in stock	4500 KES	HP	new	Electronics > Print, Copy, Scan & Fax > Printer, Copier & Fax Machine Accessories > Toner & Inkjet Cartridges	Inks & Toner Cartridges	no
5468	HP 903 Black Ink High Capacity Cartridge (T6M15AE)	HP 903 BLACK INK HIGH CAPACITY CARTRIDGE (T6M15AE	https://trinatechtonersandprinters.co.ke/product?id=5468	https://old.trinatechtonersandprinters.co.ke/wp-content/uploads/2026/02/HP-903-Black-Ink-High-Capacity-Cartridge-T6M15AE.webp	in stock	3500 KES	HP	new	Electronics > Print, Copy, Scan & Fax > Printer, Copier & Fax Machine Accessories > Toner & Inkjet Cartridges	Original Hp Ink Cartridges	no
5467	HP 903 Cyan Ink Original Cartridge (T6L87AE)	HP 903 CYAN INK ORIGINAL CARTRIDGE (T6L87AE	https://trinatechtonersandprinters.co.ke/product?id=5467	https://old.trinatechtonersandprinters.co.ke/wp-content/uploads/2026/02/HP-903-Cyan-Ink-Original-Cartridge-T6L87AE.webp	in stock	3500 KES	HP	new	Electronics > Print, Copy, Scan & Fax > Printer, Copier & Fax Machine Accessories > Toner & Inkjet Cartridges	Original Hp Ink Cartridges	no
5466	HP 903 Magenta Ink Original Cartridge (T6L91AE)	HP 903 MAGENTA INK ORIGINAL CARTRIDGE (T6L91AE	https://trinatechtonersandprinters.co.ke/product?id=5466	https://old.trinatechtonersandprinters.co.ke/wp-content/uploads/2026/02/HP-903-Magenta-Ink-Original-Cartridge-T6L91AE.webp	in stock	3500 KES	HP	new	Electronics > Print, Copy, Scan & Fax > Printer, Copier & Fax Machine Accessories > Toner & Inkjet Cartridges	Original Hp Ink Cartridges	no
5465	HP 903 Yellow Ink Original Cartridge (T6L95AE)	HP 903 YELLOW INK ORIGINAL CARTRIDGE (T6L95AE	https://trinatechtonersandprinters.co.ke/product?id=5465	https://old.trinatechtonersandprinters.co.ke/wp-content/uploads/2026/02/HP-903-Yellow-Ink-Original-Cartridge-T6L95AE.webp	in stock	3500 KES	HP	new	Electronics > Print, Copy, Scan & Fax > Printer, Copier & Fax Machine Accessories > Toner & Inkjet Cartridges	Original Hp Ink Cartridges	no
5464	HP 903XL Cyan High Capacity Cartridge	HP 903XL CYAN HIGH CAPACITY CARTRIDGE	https://trinatechtonersandprinters.co.ke/product?id=5464	https://old.trinatechtonersandprinters.co.ke/wp-content/uploads/2026/02/HP-903XL-Cyan-High-Capacity-Cartridge.webp	in stock	3500 KES	HP	new	Electronics > Print, Copy, Scan & Fax > Printer, Copier & Fax Machine Accessories > Toner & Inkjet Cartridges	Original Hp Ink Cartridges	no
5463	HP 903XL Magenta Ink High Capacity Cartridge (T6M07AE)	HP 903XL MAGENTA INK HIGH CAPACITY CARTRIDGE (T6M07AE	https://trinatechtonersandprinters.co.ke/product?id=5463	https://old.trinatechtonersandprinters.co.ke/wp-content/uploads/2026/02/HP-903XL-Magenta-Ink-High-Capacity-Cartridge-T6M07AE.webp	in stock	3500 KES	HP	new	Electronics > Print, Copy, Scan & Fax > Printer, Copier & Fax Machine Accessories > Toner & Inkjet Cartridges	Original Hp Ink Cartridges	no
5462	HP 903XL Yellow Ink High Capacity Cartridge (T6M11AE)	HP 903XL YELLOW INK HIGH CAPACITY CARTRIDGE (T6M11AE	https://trinatechtonersandprinters.co.ke/product?id=5462	https://old.trinatechtonersandprinters.co.ke/wp-content/uploads/2026/02/HP-903XL-Yellow-Ink-High-Capacity-Cartridge-T6M11AE.webp	in stock	3500 KES	HP	new	Electronics > Print, Copy, Scan & Fax > Printer, Copier & Fax Machine Accessories > Toner & Inkjet Cartridges	Original Hp Ink Cartridges	no
4787	HP 90A Black Original Laserjet Toner Cartridge	Compatible with: HP LaserJet Enterprise 600 series: M601n / M601dn M602n / M602dn / M602x M603n / M603dn / M603xh HP LaserJet Enterprise M4555 MFP series	https://trinatechtonersandprinters.co.ke/product?id=4787	https://old.trinatechtonersandprinters.co.ke/wp-content/uploads/2025/07/HP-90A-Black-Original-Toner.png	in stock	11000 KES	HP	new	Electronics > Print, Copy, Scan & Fax > Printer, Copier & Fax Machine Accessories > Toner & Inkjet Cartridges	Inks & Toner Cartridges	no
5053	HP 90A Black Toner Laserjet Original (CE390A)	HP 90A BLACK TONER LASERJET ORIGINAL (CE390A	https://trinatechtonersandprinters.co.ke/product?id=5053	https://old.trinatechtonersandprinters.co.ke/wp-content/uploads/2026/02/HP-90A-Black-Toner-Laserjet-Original-CE390A-scaled.webp	in stock	11000 KES	HP	new	Electronics > Print, Copy, Scan & Fax > Printer, Copier & Fax Machine Accessories > Toner & Inkjet Cartridges	HP Original Toners	no
3923	HP 920 Black Original Ink Cartridge	The HP 920 Black Original Ink Cartridge offers exceptional print quality with rich, deep black ink.	https://trinatechtonersandprinters.co.ke/product?id=3923	https://old.trinatechtonersandprinters.co.ke/wp-content/uploads/2024/12/HP-920-Black-Original-Ink.png	in stock	4000 KES	HP	new	Electronics > Print, Copy, Scan & Fax > Printer, Copier & Fax Machine Accessories > Toner & Inkjet Cartridges	Inks & Toner Cartridges	no
5461	HP 920XL Black Cartridge High Yield Original Ink (CD975AA)	HP 920XL BLACK CARTRIDGE HIGH YIELD ORIGINAL INK (CD975AA	https://trinatechtonersandprinters.co.ke/product?id=5461	https://old.trinatechtonersandprinters.co.ke/wp-content/uploads/2026/02/HP-920XL-Black-Cartridge-High-Yield-Original-Ink-CD975AA.webp	in stock	7000 KES	HP	new	Electronics > Print, Copy, Scan & Fax > Printer, Copier & Fax Machine Accessories > Toner & Inkjet Cartridges	Original Hp Ink Cartridges	no
5460	HP 920XL High Yield Ink Cartridge Cmy Each	HP 920XL HIGH YIELD INK CARTRIDGE CMY EACH	https://trinatechtonersandprinters.co.ke/product?id=5460	https://old.trinatechtonersandprinters.co.ke/wp-content/uploads/2026/02/HP-920XL-High-Yield-Ink-Cartridge-Cmy-Each.webp	in stock	3600 KES	HP	new	Electronics > Print, Copy, Scan & Fax > Printer, Copier & Fax Machine Accessories > Toner & Inkjet Cartridges	Original Hp Ink Cartridges	no
5459	HP 932 Black Ink Original Cartridge (CN0557AE)	HP 932 BLACK INK ORIGINAL CARTRIDGE (CN0557AE	https://trinatechtonersandprinters.co.ke/product?id=5459	https://old.trinatechtonersandprinters.co.ke/wp-content/uploads/2026/02/HP-932-Black-Ink-Original-Cartridge-CN0557AE.webp	in stock	3600 KES	HP	new	Electronics > Print, Copy, Scan & Fax > Printer, Copier & Fax Machine Accessories > Toner & Inkjet Cartridges	Original Hp Ink Cartridges	no
3962	HP 932 Black Original Ink Cartridge	The HP 932 Black Original Ink Cartridge is designed to provide sharp, professional-quality black text for all your printing needs.	https://trinatechtonersandprinters.co.ke/product?id=3962	https://old.trinatechtonersandprinters.co.ke/wp-content/uploads/2024/12/HP-932-Black-Original-Ink.png	in stock	2800 KES	HP	new	Electronics > Print, Copy, Scan & Fax > Printer, Copier & Fax Machine Accessories > Toner & Inkjet Cartridges	Inks & Toner Cartridges	no
5458	HP 932XL Black Ink High Yield Cartridge (CN049AE)	HP 932XL BLACK INK HIGH YIELD CARTRIDGE (CN049AE	https://trinatechtonersandprinters.co.ke/product?id=5458	https://old.trinatechtonersandprinters.co.ke/wp-content/uploads/2026/02/HP-932XL-Black-Ink-High-Yield-Cartridge-CN049AE.webp	in stock	6500 KES	HP	new	Electronics > Print, Copy, Scan & Fax > Printer, Copier & Fax Machine Accessories > Toner & Inkjet Cartridges	Original Hp Ink Cartridges	no
5457	HP 933 Color Ink High Yield Cartridge Each	HP 933 COLOR INK HIGH YIELD CARTRIDGE EACH	https://trinatechtonersandprinters.co.ke/product?id=5457	https://old.trinatechtonersandprinters.co.ke/wp-content/uploads/2026/02/HP-933XL-Color-Ink-High-Yield-Cartridge-Cmy-Each.webp	in stock	3000 KES	HP	new	Electronics > Print, Copy, Scan & Fax > Printer, Copier & Fax Machine Accessories > Toner & Inkjet Cartridges	Original Hp Ink Cartridges	no
5456	HP 933XL Color Ink High Yield Cartridge Cmy Each	HP 933XL COLOR INK HIGH YIELD CARTRIDGE CMY EACH	https://trinatechtonersandprinters.co.ke/product?id=5456	https://old.trinatechtonersandprinters.co.ke/wp-content/uploads/2026/02/HP-933XL-Color-Ink-High-Yield-Cartridge-Cmy-Each-1.webp	in stock	3500 KES	HP	new	Electronics > Print, Copy, Scan & Fax > Printer, Copier & Fax Machine Accessories > Toner & Inkjet Cartridges	Original Hp Ink Cartridges	no
5455	HP 934 Black Ink Original Cartridge (C2P19AE)	HP 934 BLACK INK ORIGINAL CARTRIDGE (C2P19AE	https://trinatechtonersandprinters.co.ke/product?id=5455	https://old.trinatechtonersandprinters.co.ke/wp-content/uploads/2026/02/HP-934-Black-Ink-Original-Cartridge-C2P19AE.webp	in stock	3500 KES	HP	new	Electronics > Print, Copy, Scan & Fax > Printer, Copier & Fax Machine Accessories > Toner & Inkjet Cartridges	Original Hp Ink Cartridges	no
5454	HP 934XL Black Ink High Yield Cartridge (C2P23AN)	HP 934XL BLACK INK HIGH YIELD CARTRIDGE (C2P23AN	https://trinatechtonersandprinters.co.ke/product?id=5454	https://old.trinatechtonersandprinters.co.ke/wp-content/uploads/2026/02/HP-934XL-Black-Ink-High-Yield-Cartridge-C2P23AN.webp	in stock	6500 KES	HP	new	Electronics > Print, Copy, Scan & Fax > Printer, Copier & Fax Machine Accessories > Toner & Inkjet Cartridges	Original Hp Ink Cartridges	no
5453	HP 935 Cyan Ink Original Cartridge (C2P20AE)	HP 935 CYAN INK ORIGINAL CARTRIDGE (C2P20AE	https://trinatechtonersandprinters.co.ke/product?id=5453	https://old.trinatechtonersandprinters.co.ke/wp-content/uploads/2026/02/HP-935-Cyan-Ink-Original-Cartridge-C2P20AE.png	in stock	3000 KES	HP	new	Electronics > Print, Copy, Scan & Fax > Printer, Copier & Fax Machine Accessories > Toner & Inkjet Cartridges	Original Hp Ink Cartridges	no
5452	HP 935 Magenta Ink Original Cartridge (C2P21AE)	HP 935 MAGENTA INK ORIGINAL CARTRIDGE (C2P21AE	https://trinatechtonersandprinters.co.ke/product?id=5452	https://old.trinatechtonersandprinters.co.ke/wp-content/uploads/2026/02/HP-935-Magenta-Ink-Original-Cartridge-C2P21AE.webp	in stock	3000 KES	HP	new	Electronics > Print, Copy, Scan & Fax > Printer, Copier & Fax Machine Accessories > Toner & Inkjet Cartridges	Original Hp Ink Cartridges	no
5451	HP 935 Yellow Ink Original Cartridge (C2P22AE)	HP 935 YELLOW INK ORIGINAL CARTRIDGE (C2P22AE	https://trinatechtonersandprinters.co.ke/product?id=5451	https://old.trinatechtonersandprinters.co.ke/wp-content/uploads/2026/02/HP-935-Yellow-Ink-Original-Cartridge-C2P22AE.png	in stock	3000 KES	HP	new	Electronics > Print, Copy, Scan & Fax > Printer, Copier & Fax Machine Accessories > Toner & Inkjet Cartridges	Original Hp Ink Cartridges	no
5450	HP 935XL Cyan Ink High Yield Cartridge	HP 935XL CYAN INK HIGH YIELD CARTRIDGE	https://trinatechtonersandprinters.co.ke/product?id=5450	https://old.trinatechtonersandprinters.co.ke/wp-content/uploads/2026/02/HP-935XL-Cyan-Ink-High-Yield-Cartridge.webp	in stock	4500 KES	HP	new	Electronics > Print, Copy, Scan & Fax > Printer, Copier & Fax Machine Accessories > Toner & Inkjet Cartridges	Original Hp Ink Cartridges	no
5449	HP 935XL Magenta Ink High Yield Cartridge (C2P25AE)	HP 935XL MAGENTA INK HIGH YIELD CARTRIDGE (C2P25AE	https://trinatechtonersandprinters.co.ke/product?id=5449	https://old.trinatechtonersandprinters.co.ke/wp-content/uploads/2026/02/HP-935XL-Magenta-Ink-High-Yield-Cartridge-C2P25AE.webp	in stock	4500 KES	HP	new	Electronics > Print, Copy, Scan & Fax > Printer, Copier & Fax Machine Accessories > Toner & Inkjet Cartridges	Original Hp Ink Cartridges	no
5448	HP 935XL Yellow Ink High Yield Cartridge	HP 935XL YELLOW INK HIGH YIELD CARTRIDGE	https://trinatechtonersandprinters.co.ke/product?id=5448	https://old.trinatechtonersandprinters.co.ke/wp-content/uploads/2026/02/HP-935XL-Yellow-Ink-High-Yield-Cartridge.webp	in stock	4500 KES	HP	new	Electronics > Print, Copy, Scan & Fax > Printer, Copier & Fax Machine Accessories > Toner & Inkjet Cartridges	Original Hp Ink Cartridges	no
5447	HP 950 Black Ink Original Cartridge (CN049AE)	HP 950 BLACK INK ORIGINAL CARTRIDGE (CN049AE	https://trinatechtonersandprinters.co.ke/product?id=5447	https://old.trinatechtonersandprinters.co.ke/wp-content/uploads/2026/02/HP-950-Black-Ink-Original-Cartridge-CN049AE.webp	in stock	5000 KES	HP	new	Electronics > Print, Copy, Scan & Fax > Printer, Copier & Fax Machine Accessories > Toner & Inkjet Cartridges	Original Hp Ink Cartridges	no
3959	HP 950 Black Original Ink Cartridge	The HP 950 Black Original Ink Cartridge is the perfect solution for anyone looking to achieve sharp, professional-quality black text on every print.	https://trinatechtonersandprinters.co.ke/product?id=3959	https://old.trinatechtonersandprinters.co.ke/wp-content/uploads/2024/12/HP-950-Black-Original-Ink.png	in stock	5000 KES	HP	new	Electronics > Print, Copy, Scan & Fax > Printer, Copier & Fax Machine Accessories > Toner & Inkjet Cartridges	Inks & Toner Cartridges	no
5446	HP 950XL Black Ink High Yield Cartridge	HP 950XL BLACK INK HIGH YIELD CARTRIDGE	https://trinatechtonersandprinters.co.ke/product?id=5446	https://old.trinatechtonersandprinters.co.ke/wp-content/uploads/2026/02/HP-950XL-Black-Ink-High-Yield-Cartridge.webp	in stock	7500 KES	HP	new	Electronics > Print, Copy, Scan & Fax > Printer, Copier & Fax Machine Accessories > Toner & Inkjet Cartridges	Original Hp Ink Cartridges	no
5445	HP 951XL Color Ink High Yieldcartridge Each	HP 951XL COLOR INK HIGH YIELDCARTRIDGE EACH	https://trinatechtonersandprinters.co.ke/product?id=5445	https://old.trinatechtonersandprinters.co.ke/wp-content/uploads/2026/02/HP-951XL-Color-Ink-High-Yieldcartridge-Each.webp	in stock	5500 KES	HP	new	Electronics > Print, Copy, Scan & Fax > Printer, Copier & Fax Machine Accessories > Toner & Inkjet Cartridges	Original Hp Ink Cartridges	no
5444	HP 952 Black Ink Cartridge	HP 952 BLACK INK CARTRIDGE	https://trinatechtonersandprinters.co.ke/product?id=5444	https://old.trinatechtonersandprinters.co.ke/wp-content/uploads/2026/02/HP-952-Black-Ink-Cartridge.webp	in stock	5500 KES	HP	new	Electronics > Print, Copy, Scan & Fax > Printer, Copier & Fax Machine Accessories > Toner & Inkjet Cartridges	Original Hp Ink Cartridges	no
5443	HP 952 Cym Ink Cartridge Cartridge Each	HP 952 CYM INK CARTRIDGE CARTRIDGE EACH	https://trinatechtonersandprinters.co.ke/product?id=5443	https://old.trinatechtonersandprinters.co.ke/wp-content/uploads/2026/02/HP-952-Cym-Ink-Cartridge-Cartridge-Each.webp	in stock	4500 KES	HP	new	Electronics > Print, Copy, Scan & Fax > Printer, Copier & Fax Machine Accessories > Toner & Inkjet Cartridges	Original Hp Ink Cartridges	no
5442	HP 953 Black Cartridge High Yield Ink	HP 953 BLACK CARTRIDGE HIGH YIELD INK	https://trinatechtonersandprinters.co.ke/product?id=5442	https://old.trinatechtonersandprinters.co.ke/wp-content/uploads/2026/02/HP-953-Black-Cartridge-High-Yield-Ink.webp	in stock	4700 KES	HP	new	Electronics > Print, Copy, Scan & Fax > Printer, Copier & Fax Machine Accessories > Toner & Inkjet Cartridges	Original Hp Ink Cartridges	no
3938	HP 953 Black Original Ink Cartridge	The HP 953 Black Original Ink Cartridge is designed to meet the needs of both home and business users who require high-quality, professional black text printing.	https://trinatechtonersandprinters.co.ke/product?id=3938	https://old.trinatechtonersandprinters.co.ke/wp-content/uploads/2024/12/HP-953-Black-Original-Ink.png	in stock	5000 KES	HP	new	Electronics > Print, Copy, Scan & Fax > Printer, Copier & Fax Machine Accessories > Toner & Inkjet Cartridges	Inks & Toner Cartridges	no
5441	HP 953 Color Cartridge High Yield Ink Each	HP 953 COLOR CARTRIDGE HIGH YIELD INK EACH	https://trinatechtonersandprinters.co.ke/product?id=5441	https://old.trinatechtonersandprinters.co.ke/wp-content/uploads/2026/02/HP-953XL-Color-Cartridge-High-Yield-Ink-Each-2.webp	in stock	3700 KES	HP	new	Electronics > Print, Copy, Scan & Fax > Printer, Copier & Fax Machine Accessories > Toner & Inkjet Cartridges	Original Hp Ink Cartridges	no
5440	HP 953XL Black Ink High Yield Caetridge	HP 953XL BLACK INK HIGH YIELD CAETRIDGE	https://trinatechtonersandprinters.co.ke/product?id=5440	https://old.trinatechtonersandprinters.co.ke/wp-content/uploads/2026/02/HP-953XL-Black-Ink-High-Yield-Caetridge.webp	in stock	7500 KES	HP	new	Electronics > Print, Copy, Scan & Fax > Printer, Copier & Fax Machine Accessories > Toner & Inkjet Cartridges	Original Hp Ink Cartridges	no
5439	HP 953XL Color Cartridge High Yield Ink Each	HP 953XL COLOR CARTRIDGE HIGH YIELD INK EACH	https://trinatechtonersandprinters.co.ke/product?id=5439	https://old.trinatechtonersandprinters.co.ke/wp-content/uploads/2026/02/HP-953XL-Color-Cartridge-High-Yield-Ink-Each-1.webp	in stock	5500 KES	HP	new	Electronics > Print, Copy, Scan & Fax > Printer, Copier & Fax Machine Accessories > Toner & Inkjet Cartridges	Original Hp Ink Cartridges	no
5438	HP 955 Black Ink Cartridge (L0S60AA)	HP 955 BLACK INK CARTRIDGE (L0S60AA	https://trinatechtonersandprinters.co.ke/product?id=5438	https://old.trinatechtonersandprinters.co.ke/wp-content/uploads/2026/02/HP-955-Black-Ink-Cartridge-L0S60AA.webp	in stock	6000 KES	HP	new	Electronics > Print, Copy, Scan & Fax > Printer, Copier & Fax Machine Accessories > Toner & Inkjet Cartridges	Original Hp Ink Cartridges	no
5437	HP 963 Black Ink Cartridge	HP 963 BLACK INK CARTRIDGE	https://trinatechtonersandprinters.co.ke/product?id=5437	https://old.trinatechtonersandprinters.co.ke/wp-content/uploads/2026/02/HP-963-Black-Ink-Cartridge.webp	in stock	4500 KES	HP	new	Electronics > Print, Copy, Scan & Fax > Printer, Copier & Fax Machine Accessories > Toner & Inkjet Cartridges	Original Hp Ink Cartridges	no
5436	HP 9633 Color Ink Cartridge Cym Each	HP 9633 COLOR INK CARTRIDGE CYM EACH	https://trinatechtonersandprinters.co.ke/product?id=5436	https://old.trinatechtonersandprinters.co.ke/wp-content/uploads/2026/02/HP-963.png	in stock	3400 KES	HP	new	Electronics > Print, Copy, Scan & Fax > Printer, Copier & Fax Machine Accessories > Toner & Inkjet Cartridges	Original Hp Ink Cartridges	no
5435	HP 963XL Black Ink High Yirld Cartridge	HP 963XL BLACK INK HIGH YIRLD CARTRIDGE	https://trinatechtonersandprinters.co.ke/product?id=5435	https://old.trinatechtonersandprinters.co.ke/wp-content/uploads/2026/02/HP-963XL-Black-Ink-High-Yirld-Cartridge.webp	in stock	6500 KES	HP	new	Electronics > Print, Copy, Scan & Fax > Printer, Copier & Fax Machine Accessories > Toner & Inkjet Cartridges	Original Hp Ink Cartridges	no
5434	HP 963XL Color Ink Cartridge Cmy Each	HP 963XL COLOR INK CARTRIDGE CMY EACH	https://trinatechtonersandprinters.co.ke/product?id=5434	https://old.trinatechtonersandprinters.co.ke/wp-content/uploads/2026/02/HP-963XL-Color-Ink-Cartridge-Cmy-Each.webp	in stock	5200 KES	HP	new	Electronics > Print, Copy, Scan & Fax > Printer, Copier & Fax Machine Accessories > Toner & Inkjet Cartridges	Original Hp Ink Cartridges	no
5297	HP 973X Black High Yield Pagewide Cartridge	HP 973X BLACK HIGH YIELD PAGEWIDE CARTRIDGE	https://trinatechtonersandprinters.co.ke/product?id=5297	https://old.trinatechtonersandprinters.co.ke/wp-content/uploads/2026/02/HP-973X-Black-High-Yield-Pagewide-Cartridge.webp	in stock	18000 KES	HP	new	Electronics > Print, Copy, Scan & Fax > Printer, Copier & Fax Machine Accessories > Toner & Inkjet Cartridges	Master Rolls & Inks	no
5296	HP 973X Cmy High Yield Pagewide Cartridge Each	HP 973X CMY HIGH YIELD PAGEWIDE CARTRIDGE EACH	https://trinatechtonersandprinters.co.ke/product?id=5296	https://old.trinatechtonersandprinters.co.ke/wp-content/uploads/2026/02/HP-973X-Cmy-High-Yield-Pagewide-Cartridge-Each.webp	in stock	18000 KES	HP	new	Electronics > Print, Copy, Scan & Fax > Printer, Copier & Fax Machine Accessories > Toner & Inkjet Cartridges	Master Rolls & Inks	no
5295	HP Black 970XL/971XL Ink Original Cartridges	HP BLACK 970XL/971XL INK ORIGINAL CARTRIDGES	https://trinatechtonersandprinters.co.ke/product?id=5295	https://old.trinatechtonersandprinters.co.ke/wp-content/uploads/2026/02/HP-Black-970XL-971XL-Ink-Original-Cartridges.webp	in stock	18000 KES	HP	new	Electronics > Print, Copy, Scan & Fax > Printer, Copier & Fax Machine Accessories > Toner & Inkjet Cartridges	Master Rolls & Inks	no
4474	HP Color Laser Mfp 179FNW Printer	The HP Color Laser MFP 179fnw Printer is a versatile and compact all-in-one printer that combines print, scan, copy, and fax functionality.	https://trinatechtonersandprinters.co.ke/product?id=4474	https://old.trinatechtonersandprinters.co.ke/wp-content/uploads/2025/01/HP-MFP-179fnw.png	in stock	65000 KES	HP	new	Electronics > Print, Copy, Scan & Fax > Printers, Copiers & Fax Machines	Printers & Copiers	no
4477	HP Color Laserjet Pro Mfp M182N Printer	The HP Color LaserJet Pro MFP M182n Printer is a feature-packed all-in-one solution designed to meet the needs of small offices and home businesses.	https://trinatechtonersandprinters.co.ke/product?id=4477	https://old.trinatechtonersandprinters.co.ke/wp-content/uploads/2025/01/HP-MFP-M182n.png	in stock	68000 KES	HP	new	Electronics > Print, Copy, Scan & Fax > Printers, Copiers & Fax Machines	Printers & Copiers	no
4480	HP Color Laserjet Pro Mfp M183FW Printer	The HP Color LaserJet Pro MFP M183fw Printer is an all-in-one solution that combines printing, scanning, copying, and faxing.	https://trinatechtonersandprinters.co.ke/product?id=4480	https://old.trinatechtonersandprinters.co.ke/wp-content/uploads/2025/01/HP-MFP-M183fw.png	in stock	72000 KES	HP	new	Electronics > Print, Copy, Scan & Fax > Printers, Copiers & Fax Machines	Printers & Copiers	no
4483	HP Color Laserjet Pro Mfp M283FDN Printer	The HP Color LaserJet Pro MFP M283fdn Printer is a powerful and versatile all-in-one printer designed to meet the demands of modern businesses.	https://trinatechtonersandprinters.co.ke/product?id=4483	https://old.trinatechtonersandprinters.co.ke/wp-content/uploads/2025/01/HP-MFP-M283fdn.png	in stock	95000 KES	HP	new	Electronics > Print, Copy, Scan & Fax > Printers, Copiers & Fax Machines	Printers & Copiers	no
4486	HP Color Laserjet Pro Mfp M479DW Printer	The HP Color LaserJet Pro MFP M479dw Printer is an all-in-one, high-performance solution for businesses requiring fast, reliable, and high-quality printing.	https://trinatechtonersandprinters.co.ke/product?id=4486	https://old.trinatechtonersandprinters.co.ke/wp-content/uploads/2025/01/HP-MFP-M479dw.png	in stock	120000 KES	HP	new	Electronics > Print, Copy, Scan & Fax > Printers, Copiers & Fax Machines	Printers & Copiers	no
4490	HP Deskjet 2710 All-In-One Printer	The HP DeskJet 2710 All-in-One Printer is an affordable, reliable, and compact solution for everyday printing, scanning, and copying needs.	https://trinatechtonersandprinters.co.ke/product?id=4490	https://old.trinatechtonersandprinters.co.ke/wp-content/uploads/2025/01/HP-DeskJet-2710.png	in stock	11500 KES	HP	new	Electronics > Print, Copy, Scan & Fax > Printers, Copiers & Fax Machines	Printers & Copiers	no
5294	HP GT51 Black Ink Bottle (MOH57AE)	HP GT51 BLACK INK BOTTLE (MOH57AE)	https://trinatechtonersandprinters.co.ke/product?id=5294	https://old.trinatechtonersandprinters.co.ke/wp-content/uploads/2026/02/HP-GT51-Black-Ink-Bottle-MOH57AE.webp	in stock	2300 KES	HP	new	Electronics > Print, Copy, Scan & Fax > Printer, Copier & Fax Machine Accessories > Toner & Inkjet Cartridges	Master Rolls & Inks	no
5293	HP GT52 Cyan Ink Bottle (MOH54AE)	HP GT52 CYAN INK BOTTLE (MOH54AE)	https://trinatechtonersandprinters.co.ke/product?id=5293	https://old.trinatechtonersandprinters.co.ke/wp-content/uploads/2026/02/HP-GT52-Cyan-Ink-Bottle-MOH54AE.webp	in stock	1700 KES	HP	new	Electronics > Print, Copy, Scan & Fax > Printer, Copier & Fax Machine Accessories > Toner & Inkjet Cartridges	Master Rolls & Inks	no
5292	HP GT52 Magenta Ink Bottle (MOH55AA)	HP GT52 MAGENTA INK BOTTLE (MOH55AA)	https://trinatechtonersandprinters.co.ke/product?id=5292	https://old.trinatechtonersandprinters.co.ke/wp-content/uploads/2026/02/HP-GT52-Magenta-Ink-Bottle-MOH55AA.webp	in stock	1700 KES	HP	new	Electronics > Print, Copy, Scan & Fax > Printer, Copier & Fax Machine Accessories > Toner & Inkjet Cartridges	Master Rolls & Inks	no
5291	HP GT52 Yellow Ink Bottle (MOH56AA)	HP GT52 YELLOW INK BOTTLE (MOH56AA)	https://trinatechtonersandprinters.co.ke/product?id=5291	https://old.trinatechtonersandprinters.co.ke/wp-content/uploads/2026/02/HP-GT52-Yellow-Ink-Bottle-MOH56AA.webp	in stock	1700 KES	HP	new	Electronics > Print, Copy, Scan & Fax > Printer, Copier & Fax Machine Accessories > Toner & Inkjet Cartridges	Master Rolls & Inks	no
5290	HP GT53-90-ML Black Original Ink Bottle	HP GT53-90-ML BLACK ORIGINAL INK BOTTLE	https://trinatechtonersandprinters.co.ke/product?id=5290	https://old.trinatechtonersandprinters.co.ke/wp-content/uploads/2026/02/HP-GT53-90-ML-Black-Original-Ink-Bottle.webp	in stock	1700 KES	HP	new	Electronics > Print, Copy, Scan & Fax > Printer, Copier & Fax Machine Accessories > Toner & Inkjet Cartridges	Master Rolls & Inks	no
4525	HP GT53XL Original Ink	The HP GT53XL Original Ink Bottle is designed to deliver high-quality, consistent prints for your HP printers.	https://trinatechtonersandprinters.co.ke/product?id=4525	https://old.trinatechtonersandprinters.co.ke/wp-content/uploads/2025/01/HP-GT53XL-ORIGINAL-INK.png	in stock	2500 KES	HP	new	Electronics > Print, Copy, Scan & Fax > Printer, Copier & Fax Machine Accessories > Toner & Inkjet Cartridges	Inks & Toner Cartridges	no
5289	HP M0H50A Tri-Color GT52 Replacement Printhead	HP M0H50A TRI-COLOR GT52 REPLACEMENT PRINTHEAD	https://trinatechtonersandprinters.co.ke/product?id=5289	https://old.trinatechtonersandprinters.co.ke/wp-content/uploads/2026/02/HP-M0H50A-Tri-Color-GT52-Replacement-Printhead.webp	in stock	3500 KES	HP	new	Electronics > Print, Copy, Scan & Fax > Printer, Copier & Fax Machine Accessories > Toner & Inkjet Cartridges	Master Rolls & Inks	no
5288	HP M0H51A Black GT51 Replacement Printhead	HP M0H51A BLACK GT51 REPLACEMENT PRINTHEAD	https://trinatechtonersandprinters.co.ke/product?id=5288	https://old.trinatechtonersandprinters.co.ke/wp-content/uploads/2026/02/HP-M0H51A-Black-GT51-Replacement-Printhead.webp	in stock	3500 KES	HP	new	Electronics > Print, Copy, Scan & Fax > Printer, Copier & Fax Machine Accessories > Toner & Inkjet Cartridges	Master Rolls & Inks	no
3502	HP M22F Fhd (1080P) Ips Frameless LED Backlit 22-INCH Monitor	The HP M22f 22-Inch Monitor delivers exceptional visual clarity with its Full HD (1080p) resolution and IPS technology.	https://trinatechtonersandprinters.co.ke/product?id=3502	https://old.trinatechtonersandprinters.co.ke/wp-content/uploads/2024/12/HP-M22f-Monitor.png	in stock	27000 KES	HP	new		Monitors	no
3444	HP Scanjet Pro 3600 F1 Scanner	The HP ScanJet Pro 3600 f1 Scanner combines speed, efficiency, and high-quality scanning in a compact, easy-to-use package.	https://trinatechtonersandprinters.co.ke/product?id=3444	https://old.trinatechtonersandprinters.co.ke/wp-content/uploads/2024/12/HP-ScanJet-Pro-Scanner.png	in stock	70000 KES	HP	new	Electronics > Print, Copy, Scan & Fax > Printers, Copiers & Fax Machines	Scanner	no
3504	HP V24I G5 Fhd Monitor	The HP V24i G5 FHD Monitor offers exceptional visual quality with its 24-inch Full HD (1080p) display , providing crisp, clear images for a wide range of activities.	https://trinatechtonersandprinters.co.ke/product?id=3504	https://old.trinatechtonersandprinters.co.ke/wp-content/uploads/2024/12/HP-V24i-G5-Monitor.png	in stock	29000 KES	HP	new		Monitors	no
5287	HP X4E75A Black Inktank Printhead	HP X4E75A BLACK INKTANK PRINTHEAD	https://trinatechtonersandprinters.co.ke/product?id=5287	https://old.trinatechtonersandprinters.co.ke/wp-content/uploads/2026/02/HP-X4E75A-Black-Inktank-Printhead.webp	in stock	16000 KES	HP	new	Electronics > Print, Copy, Scan & Fax > Printer, Copier & Fax Machine Accessories > Toner & Inkjet Cartridges	Master Rolls & Inks	no
3584	Pressure Roller For HP Laserjet 1102/1018/1020 Printers	The Pressure Roller for HP LaserJet 1102/1018/1020 is the ideal replacement part to keep your HP printer performing at its best.	https://trinatechtonersandprinters.co.ke/product?id=3584	https://old.trinatechtonersandprinters.co.ke/wp-content/uploads/2024/12/Pressure-Roller-for-HP-LaserJet.png	in stock	1800 KES	HP	new		Printer Parts	no
3587	Pressure Roller For HP Laserjet 2050/2055/PRO 400 Printers	The Pressure Roller for HP LaserJet 2050, 2055, and PRO 400 printers is a vital component that helps ensure consistent, high-quality prints.	https://trinatechtonersandprinters.co.ke/product?id=3587	https://old.trinatechtonersandprinters.co.ke/wp-content/uploads/2024/12/Pressure-Roller-for-HP-LaserJet.png	in stock	1800 KES	HP	new		Printer Parts	no
3582	Teflon Fuser Film Sleeve For HP Laserjet 1102/1020/1018 Printers	The Teflon Fuser Film Sleeve for HP LaserJet 1102/1020/1018 Printers is an essential replacement part for keeping your HP LaserJet printer running smoothly.	https://trinatechtonersandprinters.co.ke/product?id=3582	https://old.trinatechtonersandprinters.co.ke/wp-content/uploads/2024/12/Teflon-Fuser-Film-Sleeve.png	in stock	1000 KES	HP	new		Printer Parts	no
3586	Teflon Fuser Film Sleeve For HP Laserjet 2050/PRO 400 Printers	The Teflon Fuser Film Sleeve for HP LaserJet 2050/PRO 400 Printers is a vital component that ensures smooth and efficient printing.	https://trinatechtonersandprinters.co.ke/product?id=3586	https://old.trinatechtonersandprinters.co.ke/wp-content/uploads/2024/12/Teflon-Fuser-Film-Sleeve.png	in stock	1000 KES	HP	new		Printer Parts	no
4424	Konica Minolta TN216 Toner Cartridge	Compatible with: Bizhub C220 Bizhub C280	https://trinatechtonersandprinters.co.ke/product?id=4424	https://old.trinatechtonersandprinters.co.ke/wp-content/uploads/2025/01/Konica-Minolta-TN216-Toner.png	in stock	3000 KES	Konica Minolta	new	Electronics > Print, Copy, Scan & Fax > Printer, Copier & Fax Machine Accessories > Toner & Inkjet Cartridges	Inks & Toner Cartridges	no
4434	Konica Minolta TN217 Toner Cartridge	Compatible with: Bizhub 223 Bizhub 283 Bizhub 363 Bizhub 423	https://trinatechtonersandprinters.co.ke/product?id=4434	https://old.trinatechtonersandprinters.co.ke/wp-content/uploads/2025/01/Konica-Minolta-TN217-Toner.png	in stock	2200 KES	Konica Minolta	new	Electronics > Print, Copy, Scan & Fax > Printer, Copier & Fax Machine Accessories > Toner & Inkjet Cartridges	Inks & Toner Cartridges	no
4431	Konica Minolta TN321 Toner Cartridge	Compatible with: Bizhub C224, C224e Bizhub C284, C284e Bizhub C364, C364e	https://trinatechtonersandprinters.co.ke/product?id=4431	https://old.trinatechtonersandprinters.co.ke/wp-content/uploads/2025/01/Konica-Minolta-TN321-Toner.png	in stock	3000 KES	Konica Minolta	new	Electronics > Print, Copy, Scan & Fax > Printer, Copier & Fax Machine Accessories > Toner & Inkjet Cartridges	Inks & Toner Cartridges	no
4427	Konica Minolta TN324 Toner Cartridge	Compatible with: C258 C308 C368 C454 / C454e C554 / C554e	https://trinatechtonersandprinters.co.ke/product?id=4427	https://old.trinatechtonersandprinters.co.ke/wp-content/uploads/2025/01/Konica-Minolta-TN324-Toner.png	in stock	3500 KES	Konica Minolta	new	Electronics > Print, Copy, Scan & Fax > Printer, Copier & Fax Machine Accessories > Toner & Inkjet Cartridges	Inks & Toner Cartridges	no
4449	Blade Cleaning Blade For Kyocera Mita KM-2050	The Blade Cleaning Blade for Kyocera Mita KM-2050 is an essential component for keeping your printer in optimal condition.	https://trinatechtonersandprinters.co.ke/product?id=4449	https://old.trinatechtonersandprinters.co.ke/wp-content/uploads/2025/01/Blade-KM-2050.png	in stock	1000 KES	Kyocera	new		Printer Parts	no
3471	Kyocera Ecosys Fs 1025 Multifunction Laser Printer	The Kyocera ECOSYS FS 1025 Multi-Function Laser Printer is designed to meet the needs of small offices or workgroups.	https://trinatechtonersandprinters.co.ke/product?id=3471	https://old.trinatechtonersandprinters.co.ke/wp-content/uploads/2024/12/Kyocera-FS-1025-Multi-Function-Printer.png	in stock	48000 KES	Kyocera	new	Electronics > Print, Copy, Scan & Fax > Printers, Copiers & Fax Machines	Printers & Copiers	no
3457	Kyocera Ecosys M2135DN A4 Mono Multifunction Laser Printer	The Kyocera ECOSYS M2135dn A4 Mono Multifunction Laser Printer is designed to meet the needs of small to medium-sized businesses.	https://trinatechtonersandprinters.co.ke/product?id=3457	https://old.trinatechtonersandprinters.co.ke/wp-content/uploads/2024/12/Kyocera-ECOSYS-M2135dn-A4-mfp-Printer.png	in stock	95000 KES	Kyocera	new	Electronics > Print, Copy, Scan & Fax > Printers, Copiers & Fax Machines	Printers & Copiers	no
3450	Kyocera Ecosys MA4500IX Mono Multifunction Laser Printer	The Kyocera ECOSYS MA4500ix Mono Multifunction Laser Printer is designed to enhance productivity in high-demand office environments.	https://trinatechtonersandprinters.co.ke/product?id=3450	https://old.trinatechtonersandprinters.co.ke/wp-content/uploads/2024/12/Kyocera-ECOSYS-MA4500ix-mfp-Printer.png	in stock	145000 KES	Kyocera	new	Electronics > Print, Copy, Scan & Fax > Printers, Copiers & Fax Machines	Printers & Copiers	no
3459	Kyocera MA2000W Monochrome Multifunction Laser Printer	The Kyocera MA2000w MFP Monochrome Laser Printer is designed to streamline your office operations by combining printing, copying, and scanning capabilities.	https://trinatechtonersandprinters.co.ke/product?id=3459	https://old.trinatechtonersandprinters.co.ke/wp-content/uploads/2024/12/Kyocera-MA2000w-mfp-Printer.png	in stock	50000 KES	Kyocera	new	Electronics > Print, Copy, Scan & Fax > Printers, Copiers & Fax Machines	Printers & Copiers	no
4853	Kyocera TK-1110 Toner Cartridge	Compatible with: Kyocera FS-1025MFP, FS-1125MFP Kyocera FS-1040, FS-1020MFP, FS-1060DN, ECOSYS P1025/P1025d, ECOSYS M1025/M1025d/PN	https://trinatechtonersandprinters.co.ke/product?id=4853	https://old.trinatechtonersandprinters.co.ke/wp-content/uploads/2025/07/Kyocera-TK-1110-Toner.png	in stock	4000 KES	Kyocera	new	Electronics > Print, Copy, Scan & Fax > Printer, Copier & Fax Machine Accessories > Toner & Inkjet Cartridges	Inks & Toner Cartridges	no
4232	Kyocera TK-1120 Toner Cartridge	Compatible with: Kyocera FS-1025MFP, FS-1125MFP Kyocera FS-1060DN ECOSYS P1025 / P1025d, M1025 / M1025d / PN	https://trinatechtonersandprinters.co.ke/product?id=4232	https://old.trinatechtonersandprinters.co.ke/wp-content/uploads/2025/01/Kyocera-TK-1120-Toner.png	in stock	4000 KES	Kyocera	new	Electronics > Print, Copy, Scan & Fax > Printer, Copier & Fax Machine Accessories > Toner & Inkjet Cartridges	Inks & Toner Cartridges	no
4220	Kyocera TK-1130 Toner Cartridge	Compatible with: ECOSYS M2030dn / M2530dn FS-1030MFP (including FS-1030MFP/DP models) FS-1130MFP series	https://trinatechtonersandprinters.co.ke/product?id=4220	https://old.trinatechtonersandprinters.co.ke/wp-content/uploads/2025/01/Kyocera-TK-1130-Toner.png	in stock	1500 KES	Kyocera	new	Electronics > Print, Copy, Scan & Fax > Printer, Copier & Fax Machine Accessories > Toner & Inkjet Cartridges	Inks & Toner Cartridges	no
4717	Kyocera TK-1150 Toner Cartridge	Compatible with these Kyocera ECOSYS models: M2135dn M2635dn M2735dw P2235dn P2235dw	https://trinatechtonersandprinters.co.ke/product?id=4717	https://old.trinatechtonersandprinters.co.ke/wp-content/uploads/2025/07/Kyocera-TK-1150-Toner.png	in stock	5500 KES	Kyocera	new	Electronics > Print, Copy, Scan & Fax > Printer, Copier & Fax Machine Accessories > Toner & Inkjet Cartridges	Inks & Toner Cartridges	no
4247	Kyocera TK-1160 Toner Cartridge	Compatible with: ECOSYS P2040dn ECOSYS P2040dw	https://trinatechtonersandprinters.co.ke/product?id=4247	https://old.trinatechtonersandprinters.co.ke/wp-content/uploads/2025/01/Kyocera-TK-1160-Toner.png	in stock	5500 KES	Kyocera	new	Electronics > Print, Copy, Scan & Fax > Printer, Copier & Fax Machine Accessories > Toner & Inkjet Cartridges	Inks & Toner Cartridges	no
4244	Kyocera TK-1170 Toner Cartridge	Compatible with: ECOSYS M2040dn ECOSYS M2040dw ECOSYS M2540dn ECOSYS M2540dw ECOSYS M2640idw / M2640dw P2040dn	https://trinatechtonersandprinters.co.ke/product?id=4244	https://old.trinatechtonersandprinters.co.ke/wp-content/uploads/2025/01/Kyocera-TK-1170-Toner.png	in stock	5500 KES	Kyocera	new	Electronics > Print, Copy, Scan & Fax > Printer, Copier & Fax Machine Accessories > Toner & Inkjet Cartridges	Inks & Toner Cartridges	no
4289	Kyocera TK-1242 Toner Cartridge	Compatible with: MA2000 MA2000w PA2000 PA2000w	https://trinatechtonersandprinters.co.ke/product?id=4289	https://old.trinatechtonersandprinters.co.ke/wp-content/uploads/2025/01/Kyocera-TK-1242-Toner.png	in stock	1800 KES	Kyocera	new	Electronics > Print, Copy, Scan & Fax > Printer, Copier & Fax Machine Accessories > Toner & Inkjet Cartridges	Inks & Toner Cartridges	no
4223	Kyocera TK-130 Toner Cartridge	The Kyocera TK-130 Toner Cartridge is a reliable, high-performance solution for offices seeking consistent, professional-quality prints.	https://trinatechtonersandprinters.co.ke/product?id=4223	https://old.trinatechtonersandprinters.co.ke/wp-content/uploads/2025/01/Kyocera-TK-130-Toner.png	in stock	1800 KES	Kyocera	new	Electronics > Print, Copy, Scan & Fax > Printer, Copier & Fax Machine Accessories > Toner & Inkjet Cartridges	Inks & Toner Cartridges	no
4268	Kyocera TK-3060 Toner Cartridge	The Kyocera TK-3060 Toner Cartridge is engineered for businesses that demand high-quality, high-volume printing.	https://trinatechtonersandprinters.co.ke/product?id=4268	https://old.trinatechtonersandprinters.co.ke/wp-content/uploads/2025/01/Kyocera-TK-3060-Toner.png	in stock	2500 KES	Kyocera	new	Electronics > Print, Copy, Scan & Fax > Printer, Copier & Fax Machine Accessories > Toner & Inkjet Cartridges	Inks & Toner Cartridges	no
4298	Kyocera TK-3110 Toner Cartridge	The Kyocera TK-3110 Toner Cartridge is designed for small to medium-sized businesses that require high-quality prints with reliable performance.	https://trinatechtonersandprinters.co.ke/product?id=4298	https://old.trinatechtonersandprinters.co.ke/wp-content/uploads/2025/01/Kyocera-TK-3110-Toner.png	in stock	3500 KES	Kyocera	new	Electronics > Print, Copy, Scan & Fax > Printer, Copier & Fax Machine Accessories > Toner & Inkjet Cartridges	Inks & Toner Cartridges	no
4214	Kyocera TK-3130 Toner Cartridge	Compatible with: Kyocera ECOSYS M3550idn, M3560idn Kyocera FS-4200DN, FS-4300DN	https://trinatechtonersandprinters.co.ke/product?id=4214	https://old.trinatechtonersandprinters.co.ke/wp-content/uploads/2025/01/Kyocera-TK-3130-Toner.png	in stock	2500 KES	Kyocera	new	Electronics > Print, Copy, Scan & Fax > Printer, Copier & Fax Machine Accessories > Toner & Inkjet Cartridges	Inks & Toner Cartridges	no
4256	Kyocera TK-3190 Toner Cartridge	Compatible with: ECOSYS M3655idn ECOSYS M3660idn ECOSYS M3665idn ECOSYS P3055dn ECOSYS P3060dn ECOSYS P3155dn	https://trinatechtonersandprinters.co.ke/product?id=4256	https://old.trinatechtonersandprinters.co.ke/wp-content/uploads/2025/01/Kyocera-TK-3190-Toner.png	in stock	2500 KES	Kyocera	new	Electronics > Print, Copy, Scan & Fax > Printer, Copier & Fax Machine Accessories > Toner & Inkjet Cartridges	Inks & Toner Cartridges	no
4262	Kyocera TK-340 Toner Cartridge	The Kyocera TK-340 Toner Cartridge is engineered to meet the demands of businesses and offices that require reliable, high-quality printing.	https://trinatechtonersandprinters.co.ke/product?id=4262	https://old.trinatechtonersandprinters.co.ke/wp-content/uploads/2025/01/Kyocera-TK-340-Toner.png	in stock	2500 KES	Kyocera	new	Electronics > Print, Copy, Scan & Fax > Printer, Copier & Fax Machine Accessories > Toner & Inkjet Cartridges	Inks & Toner Cartridges	no
4238	Kyocera TK-350 Toner Cartridge	Compatible with: ECOSYS FS-3920DN ECOSYS FS-3040MFP / FS-3040MFP+ ECOSYS FS-3140MFP / FS-3140MFP+ ECOSYS FS-3540MFP ECOSYS FS-3640MFP	https://trinatechtonersandprinters.co.ke/product?id=4238	https://old.trinatechtonersandprinters.co.ke/wp-content/uploads/2025/01/Kyocera-TK-350-Toner.png	in stock	2500 KES	Kyocera	new	Electronics > Print, Copy, Scan & Fax > Printer, Copier & Fax Machine Accessories > Toner & Inkjet Cartridges	Inks & Toner Cartridges	no
4277	Kyocera TK-360 Toner Cartridge	The Kyocera TK-360 Toner Cartridge is engineered for businesses and high-volume users who demand reliable, high-quality prints.	https://trinatechtonersandprinters.co.ke/product?id=4277	https://old.trinatechtonersandprinters.co.ke/wp-content/uploads/2025/01/Kyocera-TK-360-Toner.png	in stock	2800 KES	Kyocera	new	Electronics > Print, Copy, Scan & Fax > Printer, Copier & Fax Machine Accessories > Toner & Inkjet Cartridges	Inks & Toner Cartridges	no
4838	Kyocera TK-410 Toner Cartridge	Compatible with: Kyocera ECOSYS KM-1620, KM-1635, KM-1650, KM-2035, KM-2050, KM-2550, KM-1648 Kyocera TASKalfa 180, 181, 220, 221	https://trinatechtonersandprinters.co.ke/product?id=4838	https://old.trinatechtonersandprinters.co.ke/wp-content/uploads/2025/07/Kyocera-TK-410-Toner.png	in stock	5500 KES	Kyocera	new	Electronics > Print, Copy, Scan & Fax > Printer, Copier & Fax Machine Accessories > Toner & Inkjet Cartridges	Inks & Toner Cartridges	no
4726	Kyocera TK-4175 Toner Cartridge	Compatible with: TASKalfa 2320 TASKalfa 2321 / 2321 A	https://trinatechtonersandprinters.co.ke/product?id=4726	https://old.trinatechtonersandprinters.co.ke/wp-content/uploads/2025/07/Kyocera-TK-4175-Toner.png	in stock	3000 KES	Kyocera	new	Electronics > Print, Copy, Scan & Fax > Printer, Copier & Fax Machine Accessories > Toner & Inkjet Cartridges	Inks & Toner Cartridges	no
4211	Kyocera TK-475 Toner Cartridge	Compatible with: ECOSYS FS-6025MFP, FS-6030MFP, FS-6525MFP, FS-6530MFP	https://trinatechtonersandprinters.co.ke/product?id=4211	https://old.trinatechtonersandprinters.co.ke/wp-content/uploads/2025/01/Kyocera-Tk-475-Toner.png	in stock	9000 KES	Kyocera	new	Electronics > Print, Copy, Scan & Fax > Printer, Copier & Fax Machine Accessories > Toner & Inkjet Cartridges	Inks & Toner Cartridges	no
4265	Kyocera TK-5150 Toner Cartridge	Compatible with: ECOSYS P6035cdn ECOSYS M6035cidn ECOSYS M6535cidn	https://trinatechtonersandprinters.co.ke/product?id=4265	https://old.trinatechtonersandprinters.co.ke/wp-content/uploads/2025/01/Kyocera-TK-5150-Toner.png	in stock	12000 KES	Kyocera	new	Electronics > Print, Copy, Scan & Fax > Printer, Copier & Fax Machine Accessories > Toner & Inkjet Cartridges	Inks & Toner Cartridges	no
4286	Kyocera TK-5240 Toner Cartridge	Compatible with: ECOSYS M5526cdn / M5526cdw ECOSYS P5026cdn / P5026cdw	https://trinatechtonersandprinters.co.ke/product?id=4286	https://old.trinatechtonersandprinters.co.ke/wp-content/uploads/2025/01/Kyocera-TK-5240-Toner.png	in stock	6000 KES	Kyocera	new	Electronics > Print, Copy, Scan & Fax > Printer, Copier & Fax Machine Accessories > Toner & Inkjet Cartridges	Inks & Toner Cartridges	no
4292	Kyocera TK-5270 Toner Cartridge	Compatible with: Kyocera ECOSYS M6230cidn Kyocera ECOSYS M6630cidn Kyocera ECOSYS P6230cdn	https://trinatechtonersandprinters.co.ke/product?id=4292	https://old.trinatechtonersandprinters.co.ke/wp-content/uploads/2025/01/Kyocera-TK-5270-Toner.png	in stock	13000 KES	Kyocera	new	Electronics > Print, Copy, Scan & Fax > Printer, Copier & Fax Machine Accessories > Toner & Inkjet Cartridges	Inks & Toner Cartridges	no
4295	Kyocera TK-5280 Toner Cartridge	Compatible with: ECOSYS M6235cidn ECOSYS M6635cidn ECOSYS P6235cdn	https://trinatechtonersandprinters.co.ke/product?id=4295	https://old.trinatechtonersandprinters.co.ke/wp-content/uploads/2025/01/Kyocera-TK-5280-Toner.png	in stock	13000 KES	Kyocera	new	Electronics > Print, Copy, Scan & Fax > Printer, Copier & Fax Machine Accessories > Toner & Inkjet Cartridges	Inks & Toner Cartridges	no
4301	Kyocera TK-590 Toner Cartridge	Compatible with: ECOSYS M6026cdn / M6026cidn ECOSYS M6526cdn / M6526cidn ECOSYS P6026cdn FS-C2026MFP / FS-C2026MFP Plus FS-C2126MFP / FS-C2126MFP+	https://trinatechtonersandprinters.co.ke/product?id=4301	https://old.trinatechtonersandprinters.co.ke/wp-content/uploads/2025/01/Kyocera-TK-590-Toner.png	in stock	9000 KES	Kyocera	new	Electronics > Print, Copy, Scan & Fax > Printer, Copier & Fax Machine Accessories > Toner & Inkjet Cartridges	Inks & Toner Cartridges	no
4229	Kyocera TK-6115 Toner Cartridge	Compatible with: ECOSYS M4125idn ECOSYS M4132idn	https://trinatechtonersandprinters.co.ke/product?id=4229	https://old.trinatechtonersandprinters.co.ke/wp-content/uploads/2025/01/Kyocera-TK-6115-Toner.png	in stock	9000 KES	Kyocera	new	Electronics > Print, Copy, Scan & Fax > Printer, Copier & Fax Machine Accessories > Toner & Inkjet Cartridges	Inks & Toner Cartridges	no
4729	Kyocera TK-6325 Toner Cartridge	Compatible with: Kyocera TASKalfa 4002i TASKalfa 4003i TASKalfa 5002i TASKalfa 5003i TASKalfa 6002i TASKalfa 6003i	https://trinatechtonersandprinters.co.ke/product?id=4729	https://old.trinatechtonersandprinters.co.ke/wp-content/uploads/2025/07/Kyocera-TK-6325-Toner.png	in stock	4000 KES	Kyocera	new	Electronics > Print, Copy, Scan & Fax > Printer, Copier & Fax Machine Accessories > Toner & Inkjet Cartridges	Inks & Toner Cartridges	no
4226	Kyocera TK-675 Toner Cartridge	Compatible with: Kyocera KM-2540 Kyocera KM-2560 Kyocera KM-3040 Kyocera KM-3060	https://trinatechtonersandprinters.co.ke/product?id=4226	https://old.trinatechtonersandprinters.co.ke/wp-content/uploads/2025/01/Kyocera-TK-675-Toner.png	in stock	10000 KES	Kyocera	new	Electronics > Print, Copy, Scan & Fax > Printer, Copier & Fax Machine Accessories > Toner & Inkjet Cartridges	Inks & Toner Cartridges	no
4259	Kyocera TK-7105 Toner Cartridge	The Kyocera TK-7105 Toner Cartridge is the ideal choice for businesses and offices that require reliable, high-volume printing.	https://trinatechtonersandprinters.co.ke/product?id=4259	https://old.trinatechtonersandprinters.co.ke/wp-content/uploads/2025/01/Kyocera-TK-7105-Toner.png	in stock	4500 KES	Kyocera	new	Electronics > Print, Copy, Scan & Fax > Printer, Copier & Fax Machine Accessories > Toner & Inkjet Cartridges	Inks & Toner Cartridges	no
4271	Kyocera TK-7125 Toner Cartridge	Compatible with: Kyocera TASKalfa 3212i	https://trinatechtonersandprinters.co.ke/product?id=4271	https://old.trinatechtonersandprinters.co.ke/wp-content/uploads/2025/01/Kyocera-TK-7125-Toner.png	in stock	4000 KES	Kyocera	new	Electronics > Print, Copy, Scan & Fax > Printer, Copier & Fax Machine Accessories > Toner & Inkjet Cartridges	Inks & Toner Cartridges	no
4253	Kyocera TK-715 Toner Cartridge	The Kyocera TK-715 Toner Cartridge is a reliable and high-performance toner solution for businesses or offices.	https://trinatechtonersandprinters.co.ke/product?id=4253	https://old.trinatechtonersandprinters.co.ke/wp-content/uploads/2025/01/Kyocera-TK-715-Toner.png	in stock	5000 KES	Kyocera	new	Electronics > Print, Copy, Scan & Fax > Printer, Copier & Fax Machine Accessories > Toner & Inkjet Cartridges	Inks & Toner Cartridges	no
4841	Kyocera TK-7205 Toner Cartridge	Compatible with: Kyocera TASKalfa 3510i / 3511i series (also Copystar CS3510i / CS3511i)	https://trinatechtonersandprinters.co.ke/product?id=4841	https://old.trinatechtonersandprinters.co.ke/wp-content/uploads/2025/07/Kyocera-TK-7205-Toner.png	in stock	16000 KES	Kyocera	new	Electronics > Print, Copy, Scan & Fax > Printer, Copier & Fax Machine Accessories > Toner & Inkjet Cartridges	Inks & Toner Cartridges	no
4274	Kyocera TK-7225 Toner Cartridge	Compatible with: TASKalfa 4012i Copystar CS4012i	https://trinatechtonersandprinters.co.ke/product?id=4274	https://old.trinatechtonersandprinters.co.ke/wp-content/uploads/2025/01/Kyocera-TK-7225-Toner.png	in stock	4500 KES	Kyocera	new	Electronics > Print, Copy, Scan & Fax > Printer, Copier & Fax Machine Accessories > Toner & Inkjet Cartridges	Inks & Toner Cartridges	no
4250	Kyocera TK-725 Toner Cartridge	The Kyocera TK-725 Toner Cartridge is designed to meet the needs of high-volume printing environments.	https://trinatechtonersandprinters.co.ke/product?id=4250	https://old.trinatechtonersandprinters.co.ke/wp-content/uploads/2025/01/Kyocera-TK-725-Toner.png	in stock	5000 KES	Kyocera	new	Electronics > Print, Copy, Scan & Fax > Printer, Copier & Fax Machine Accessories > Toner & Inkjet Cartridges	Inks & Toner Cartridges	no
4283	Kyocera TK-8325 Toner Cartridge	Compatible with: Kyocera TASKalfa 2551ci (and equivalents like TASKalfa 2510i, 3010i, 3510i, 4510i, 5510i)	https://trinatechtonersandprinters.co.ke/product?id=4283	https://old.trinatechtonersandprinters.co.ke/wp-content/uploads/2025/01/Kyocera-TK-8325-Toner.png	in stock	4000 KES	Kyocera	new	Electronics > Print, Copy, Scan & Fax > Printer, Copier & Fax Machine Accessories > Toner & Inkjet Cartridges	Inks & Toner Cartridges	no
4280	Kyocera TK-8335 Toner Cartridge	The Kyocera TK-8335 Toner Cartridge is designed to meet the needs of businesses with high-volume printing demands.	https://trinatechtonersandprinters.co.ke/product?id=4280	https://old.trinatechtonersandprinters.co.ke/wp-content/uploads/2025/01/Kyocera-TK-8335-Toner.png	in stock	5000 KES	Kyocera	new	Electronics > Print, Copy, Scan & Fax > Printer, Copier & Fax Machine Accessories > Toner & Inkjet Cartridges	Inks & Toner Cartridges	no
4773	Kyocera TK-8365 Toner Cartridge	Compatible with: Kyocera TASKalfa 2554ci (aka Taskalfa 2554 CI)	https://trinatechtonersandprinters.co.ke/product?id=4773	https://old.trinatechtonersandprinters.co.ke/wp-content/uploads/2025/07/Kyocera-TK-8365-Toner.png	in stock	4500 KES	Kyocera	new	Electronics > Print, Copy, Scan & Fax > Printer, Copier & Fax Machine Accessories > Toner & Inkjet Cartridges	Inks & Toner Cartridges	no
3454	Kyocera Taskalfa 2020 A4/A3 Monochrome Multifunction Printer	The Kyocera TASKalfa 2020 A4/A3 Monochrome Multifunction Printer is designed to enhance productivity in small to medium-sized businesses.	https://trinatechtonersandprinters.co.ke/product?id=3454	https://old.trinatechtonersandprinters.co.ke/wp-content/uploads/2024/12/Kyocera-TASKALFA-mfp-Printer.png	in stock	120000 KES	Kyocera	new	Electronics > Print, Copy, Scan & Fax > Printers, Copiers & Fax Machines	Printers & Copiers	no
3452	Kyocera Taskalfa 2321 Monochrome Multifunction A3 Printer	The Kyocera TASKalfa 2321 Monochrome Multifunction A3 Printer is designed to meet the demanding needs of medium-sized offices and businesses.	https://trinatechtonersandprinters.co.ke/product?id=3452	https://old.trinatechtonersandprinters.co.ke/wp-content/uploads/2024/12/Kyocera-TASKALFA-mfp-Printer.png	in stock	115000 KES	Kyocera	new	Electronics > Print, Copy, Scan & Fax > Printers, Copiers & Fax Machines	Printers & Copiers	no
5022	Royal 500G Kyocera Powder	ROYAL 500G KYOCERA POWDER	https://trinatechtonersandprinters.co.ke/product?id=5022	https://old.trinatechtonersandprinters.co.ke/wp-content/uploads/2026/02/Universal-Toner.png	in stock	1200 KES	Kyocera	new	Electronics > Print, Copy, Scan & Fax > Printer, Copier & Fax Machine Accessories > Toner & Inkjet Cartridges	Royal Toners	no
3489	Lenovo Ideapad 3 Core I3 4GB/1TB/14"/UBUNTU Laptop	The Lenovo IdeaPad 3 Core i3 4GB/1TB/14"/Ubuntu Laptop is designed to offer a blend of performance, portability, and functionality for everyday computing tasks.	https://trinatechtonersandprinters.co.ke/product?id=3489	https://old.trinatechtonersandprinters.co.ke/wp-content/uploads/2024/12/Lenovo-IdeaPad-3-Laptop.png	in stock	56000 KES	Lenovo	new		Laptops	no
3487	Lenovo Ideapad 3 Core I5 4GB/1TB/15.6" Laptop	The Lenovo IdeaPad 3 Core i5 4GB/1TB/15.6" Laptop is designed to provide a perfect balance of performance, storage, and affordability.	https://trinatechtonersandprinters.co.ke/product?id=3487	https://old.trinatechtonersandprinters.co.ke/wp-content/uploads/2024/12/Lenovo-IdeaPad-3-Laptop.png	in stock	65000 KES	Lenovo	new		Laptops	no
4044	Mecer 650VA Line Interactive Ups (ME-650-VU)	The Mecer 650VA Line Interactive UPS (ME-650-VU) is the perfect solution for protecting your essential electronics against power disruptions, surges, and fluctuations.	https://trinatechtonersandprinters.co.ke/product?id=4044	https://old.trinatechtonersandprinters.co.ke/wp-content/uploads/2025/01/Mecer-UPS.png	in stock	7000 KES	MECER	new		UPS	no
5275	Bizhub C220/280/360 Toner TN-216/319	BIZHUB C220/280/360 TONER TN-216/319	https://trinatechtonersandprinters.co.ke/product?id=5275	https://old.trinatechtonersandprinters.co.ke/wp-content/uploads/2026/02/Bizhub-C220-280-360-Toner-TN-216-319.png	in stock	3000 KES	Other	new	Electronics > Print, Copy, Scan & Fax > Printer, Copier & Fax Machine Accessories > Toner & Inkjet Cartridges	Brother Toners	no
5285	CPI10 Ink	CPI10 INK	https://trinatechtonersandprinters.co.ke/product?id=5285	https://old.trinatechtonersandprinters.co.ke/wp-content/uploads/2026/02/CPI10-Ink.webp	in stock	500 KES	Other	new	Electronics > Print, Copy, Scan & Fax > Printer, Copier & Fax Machine Accessories > Toner & Inkjet Cartridges	Master Rolls & Inks	no
4365	CPMT21 Master Roll For Gestetner Copy Printer	The CPMT21 Master Roll is a high-quality printing consumable designed for use with Gestetner copy printers.	https://trinatechtonersandprinters.co.ke/product?id=4365	https://old.trinatechtonersandprinters.co.ke/wp-content/uploads/2025/01/CPMT21-Master-Roll.png	in stock	1000 KES	Other	new	Electronics > Print, Copy, Scan & Fax > Printer, Copier & Fax Machine Accessories > Toner & Inkjet Cartridges	Inks & Toner Cartridges	no
4372	Copyprinter Ink Cpi 10	The CopyPrinter Ink CPI 10 is a premium ink solution designed to deliver high-quality, professional prints for CopyPrinter CPI 10 models.	https://trinatechtonersandprinters.co.ke/product?id=4372	https://old.trinatechtonersandprinters.co.ke/wp-content/uploads/2025/01/CPI-10-ink.png	in stock	450 KES	Other	new	Electronics > Print, Copy, Scan & Fax > Printer, Copier & Fax Machine Accessories > Toner & Inkjet Cartridges	Inks & Toner Cartridges	no
5277	DX2330 Master	DX2330 MASTER	https://trinatechtonersandprinters.co.ke/product?id=5277	https://old.trinatechtonersandprinters.co.ke/wp-content/uploads/2026/02/DX2330-Master.webp	in stock	900 KES	Other	new	Electronics > Print, Copy, Scan & Fax > Printer, Copier & Fax Machine Accessories > Toner & Inkjet Cartridges	Master Rolls & Inks	no
5276	DX2430 Master	DX2430 MASTER	https://trinatechtonersandprinters.co.ke/product?id=5276	https://old.trinatechtonersandprinters.co.ke/wp-content/uploads/2026/02/DX2430-Master.png	in stock	1000 KES	Other	new	Electronics > Print, Copy, Scan & Fax > Printer, Copier & Fax Machine Accessories > Toner & Inkjet Cartridges	Master Rolls & Inks	no
5260	Developer Type 26	developer type 26	https://trinatechtonersandprinters.co.ke/product?id=5260	https://old.trinatechtonersandprinters.co.ke/wp-content/uploads/2026/02/Developer-Type-26-scaled.webp	in stock	3000 KES	Other	new		Maintenance Kits & Spare Parts	no
5259	Developer Type 28	developer type 28	https://trinatechtonersandprinters.co.ke/product?id=5259	https://old.trinatechtonersandprinters.co.ke/wp-content/uploads/2026/02/Developer-Type-28-scaled.webp	in stock	2500 KES	Other	new		Maintenance Kits & Spare Parts	no
5284	F11 Ink	F11 INK	https://trinatechtonersandprinters.co.ke/product?id=5284	https://old.trinatechtonersandprinters.co.ke/wp-content/uploads/2026/02/F11-Ink.webp	in stock	5000 KES	Other	new	Electronics > Print, Copy, Scan & Fax > Printer, Copier & Fax Machine Accessories > Toner & Inkjet Cartridges	Master Rolls & Inks	no
5282	Gestetner CPMT20 Duplicator Master Paper	GESTETNER CPMT20 DUPLICATOR MASTER PAPER	https://trinatechtonersandprinters.co.ke/product?id=5282	https://old.trinatechtonersandprinters.co.ke/wp-content/uploads/2026/02/Gestetner-CPMT20-Duplicator-Master-Paper.webp	in stock	900 KES	Other	new	Electronics > Print, Copy, Scan & Fax > Printer, Copier & Fax Machine Accessories > Toner & Inkjet Cartridges	Master Rolls & Inks	no
5281	Gestetner CPMT21 Cpi 10 Master Roll	GESTETNER CPMT21 CPI 10 MASTER ROLL	https://trinatechtonersandprinters.co.ke/product?id=5281	https://old.trinatechtonersandprinters.co.ke/wp-content/uploads/2026/02/Gestetner-CPMT21-Cpi-10-Master-Roll.webp	in stock	900 KES	Other	new	Electronics > Print, Copy, Scan & Fax > Printer, Copier & Fax Machine Accessories > Toner & Inkjet Cartridges	Master Rolls & Inks	no
5258	Km 2050 Blade	km 2050 blade	https://trinatechtonersandprinters.co.ke/product?id=5258	https://old.trinatechtonersandprinters.co.ke/wp-content/uploads/2026/02/Km-2050-Blade-scaled.webp	in stock	1000 KES	Other	new		Maintenance Kits & Spare Parts	no
5257	Km 2050 Drum	km 2050 drum	https://trinatechtonersandprinters.co.ke/product?id=5257	https://old.trinatechtonersandprinters.co.ke/wp-content/uploads/2026/02/Km-2050-Drum-scaled.webp	in stock	2000 KES	Other	new		Maintenance Kits & Spare Parts	no
5256	Km 2050 Fingers	km 2050 fingers	https://trinatechtonersandprinters.co.ke/product?id=5256	https://old.trinatechtonersandprinters.co.ke/wp-content/uploads/2026/02/Km-2050-Fingers-scaled.webp	in stock	1500 KES	Other	new		Maintenance Kits & Spare Parts	no
5255	Km 2050 Gear Lever	km 2050 gear lever	https://trinatechtonersandprinters.co.ke/product?id=5255	https://old.trinatechtonersandprinters.co.ke/wp-content/uploads/2026/02/Km-2050-Gear-Lever-scaled.webp	in stock	1800 KES	Other	new		Maintenance Kits & Spare Parts	no
5254	Km 2050 Heatroller	km 2050 heatroller	https://trinatechtonersandprinters.co.ke/product?id=5254	https://old.trinatechtonersandprinters.co.ke/wp-content/uploads/2026/02/Km-2050-Heatroller-scaled.webp	in stock	1500 KES	Other	new		Maintenance Kits & Spare Parts	no
5253	Km 2050 Main Motor Gear	km 2050 main motor gear	https://trinatechtonersandprinters.co.ke/product?id=5253	https://old.trinatechtonersandprinters.co.ke/wp-content/uploads/2026/02/Km-2050-Main-Motor-Gear-scaled.webp	in stock	1500 KES	Other	new		Maintenance Kits & Spare Parts	no
5251	Km 2560 Upper Fuser Roller	km 2560 upper fuser roller	https://trinatechtonersandprinters.co.ke/product?id=5251	https://old.trinatechtonersandprinters.co.ke/wp-content/uploads/2026/02/Km-2560-Upper-Fuser-Roller-scaled.webp	in stock	3000 KES	Other	new		Maintenance Kits & Spare Parts	no
5250	Km 2560/300 Pick Up Rollers	km 2560/300 pick up rollers	https://trinatechtonersandprinters.co.ke/product?id=5250	https://old.trinatechtonersandprinters.co.ke/wp-content/uploads/2026/02/Km-2560-300-Pick-Up-Rollers-scaled.webp	in stock	1800 KES	Other	new		Maintenance Kits & Spare Parts	no
5249	Km 2560/30I Drum	km 2560/30i drum	https://trinatechtonersandprinters.co.ke/product?id=5249	https://old.trinatechtonersandprinters.co.ke/wp-content/uploads/2026/02/Km-2560-30I-Drum-scaled.webp	in stock	9500 KES	Other	new		Maintenance Kits & Spare Parts	no
5248	Km 6525 Drum	km 6525 drum	https://trinatechtonersandprinters.co.ke/product?id=5248	https://old.trinatechtonersandprinters.co.ke/wp-content/uploads/2026/02/Km-6525-Drum-scaled.webp	in stock	9500 KES	Other	new		Maintenance Kits & Spare Parts	no
5247	Mp 2000 Blade	mp 2000 blade	https://trinatechtonersandprinters.co.ke/product?id=5247	https://old.trinatechtonersandprinters.co.ke/wp-content/uploads/2026/02/Mp-2000-Blade.png	in stock	1000 KES	Other	new		Maintenance Kits & Spare Parts	no
5246	Mp 2000 Drum	mp 2000 drum	https://trinatechtonersandprinters.co.ke/product?id=5246	https://old.trinatechtonersandprinters.co.ke/wp-content/uploads/2026/02/Mp-2000-Drum-scaled.webp	in stock	1800 KES	Other	new		Maintenance Kits & Spare Parts	no
5245	Mp 2000 Fingers	mp 2000 fingers	https://trinatechtonersandprinters.co.ke/product?id=5245	https://old.trinatechtonersandprinters.co.ke/wp-content/uploads/2026/02/Mp-2000-Fingers.webp	in stock	1500 KES	Other	new		Maintenance Kits & Spare Parts	no
5244	Mp 2000 Lower Roller	mp 2000 lower roller	https://trinatechtonersandprinters.co.ke/product?id=5244	https://old.trinatechtonersandprinters.co.ke/wp-content/uploads/2026/02/Mp-2000-Lower-Roller.webp	in stock	2000 KES	Other	new		Maintenance Kits & Spare Parts	no
5243	Mp 2000 Upper Fuser Roller	mp 2000 upper fuser roller	https://trinatechtonersandprinters.co.ke/product?id=5243	https://old.trinatechtonersandprinters.co.ke/wp-content/uploads/2026/02/Mp-2000-Upper-Fuser-Roller.webp	in stock	1500 KES	Other	new		Maintenance Kits & Spare Parts	no
5263	Opc Drum KM-1800	OPC DRUM KM-1800	https://trinatechtonersandprinters.co.ke/product?id=5263	https://old.trinatechtonersandprinters.co.ke/wp-content/uploads/2026/02/Opc-Drum-KM-1800-scaled.webp	in stock	3000 KES	Other	new		Maintenance Kits & Spare Parts	no
5262	Opc Drum KM-2050	OPC DRUM KM-2050	https://trinatechtonersandprinters.co.ke/product?id=5262	https://old.trinatechtonersandprinters.co.ke/wp-content/uploads/2026/02/Opc-Drum-KM-2050-scaled.webp	in stock	2500 KES	Other	new		Maintenance Kits & Spare Parts	no
5261	Opc Drum MP2000	OPC DRUM MP2000	https://trinatechtonersandprinters.co.ke/product?id=5261	https://old.trinatechtonersandprinters.co.ke/wp-content/uploads/2026/02/Opc-Drum-MP2000-scaled.webp	in stock	2500 KES	Other	new		Maintenance Kits & Spare Parts	no
5242	Pressure Roller	PRESSURE ROLLER	https://trinatechtonersandprinters.co.ke/product?id=5242	https://old.trinatechtonersandprinters.co.ke/wp-content/uploads/2026/02/Pressure-Roller-scaled.webp	in stock	2000 KES	Other	new		Maintenance Kits & Spare Parts	no
5340	Rz/Rv B4 Digital Duplicator Master Paper For Rz 220	RZ/RV B4 DIGITAL DUPLICATOR MASTER PAPER FOR RZ 220	https://trinatechtonersandprinters.co.ke/product?id=5340	https://old.trinatechtonersandprinters.co.ke/wp-content/uploads/2026/02/Rz-Rv-B4-Digital-Duplicator-Master-Paper-For-Rz-220.webp	in stock	1700 KES	Other	new	Electronics > Print, Copy, Scan & Fax > Printer, Copier & Fax Machine Accessories > Toner & Inkjet Cartridges	Riso Master Rolls & Inks	no
5272	TN-221 Compatible Toners Each	TN-221 COMPATIBLE TONERS EACH	https://trinatechtonersandprinters.co.ke/product?id=5272	https://old.trinatechtonersandprinters.co.ke/wp-content/uploads/2026/02/TN-221-Compatible-Toners-Each.png	in stock	3000 KES	Other	new	Electronics > Print, Copy, Scan & Fax > Printer, Copier & Fax Machine Accessories > Toner & Inkjet Cartridges	Brother Toners	no
5271	TN-221 Toner Cartridge Each	TN-221 TONER CARTRIDGE EACH	https://trinatechtonersandprinters.co.ke/product?id=5271	https://old.trinatechtonersandprinters.co.ke/wp-content/uploads/2026/02/TN-221-Compatible-Toners-Each.png	in stock	3000 KES	Other	new	Electronics > Print, Copy, Scan & Fax > Printer, Copier & Fax Machine Accessories > Toner & Inkjet Cartridges	Brother Toners	no
5274	TN210 Toner Cartridge Each	TN210 TONER CARTRIDGE EACH	https://trinatechtonersandprinters.co.ke/product?id=5274	https://old.trinatechtonersandprinters.co.ke/wp-content/uploads/2026/02/TN210-Toner-Cartridge-Each.png	in stock	3000 KES	Other	new	Electronics > Print, Copy, Scan & Fax > Printer, Copier & Fax Machine Accessories > Toner & Inkjet Cartridges	Brother Toners	no
5273	TN216 Tonr Original Cartridge Each	TN216 TONR ORIGINAL CARTRIDGE EACH	https://trinatechtonersandprinters.co.ke/product?id=5273	https://old.trinatechtonersandprinters.co.ke/wp-content/uploads/2026/02/TN216-Tonr-Original-Cartridge-Each.png	in stock	3000 KES	Other	new	Electronics > Print, Copy, Scan & Fax > Printer, Copier & Fax Machine Accessories > Toner & Inkjet Cartridges	Brother Toners	no
5270	TN319 Toner Cartridge Each	TN319 TONER CARTRIDGE EACH	https://trinatechtonersandprinters.co.ke/product?id=5270	https://old.trinatechtonersandprinters.co.ke/wp-content/uploads/2026/02/TN319-Toner-Cartridge-Each.png	in stock	3000 KES	Other	new	Electronics > Print, Copy, Scan & Fax > Printer, Copier & Fax Machine Accessories > Toner & Inkjet Cartridges	Brother Toners	no
5268	TN321 Toner Cartridge Each	TN321 TONER CARTRIDGE EACH	https://trinatechtonersandprinters.co.ke/product?id=5268	https://old.trinatechtonersandprinters.co.ke/wp-content/uploads/2026/02/TN321-Toner-Cartridge-Each.png	in stock	3000 KES	Other	new	Electronics > Print, Copy, Scan & Fax > Printer, Copier & Fax Machine Accessories > Toner & Inkjet Cartridges	Brother Toners	no
5267	TN323 Black Toner Cartridge	TN323 BLACK TONER CARTRIDGE	https://trinatechtonersandprinters.co.ke/product?id=5267	https://old.trinatechtonersandprinters.co.ke/wp-content/uploads/2026/02/TN323-Black-Toner-Cartridge.png	in stock	3000 KES	Other	new	Electronics > Print, Copy, Scan & Fax > Printer, Copier & Fax Machine Accessories > Toner & Inkjet Cartridges	Brother Toners	no
5264	TN324/TN512 Toner Cartridge Each	TN324/TN512 TONER CARTRIDGE EACH	https://trinatechtonersandprinters.co.ke/product?id=5264	https://old.trinatechtonersandprinters.co.ke/wp-content/uploads/2026/02/TN324-TN512-Toner-Cartridge-Each.png	in stock	3000 KES	Other	new	Electronics > Print, Copy, Scan & Fax > Printer, Copier & Fax Machine Accessories > Toner & Inkjet Cartridges	Brother Toners	no
5241	Ta 1800 Cleaning Blade	ta 1800 cleaning blade	https://trinatechtonersandprinters.co.ke/product?id=5241	https://old.trinatechtonersandprinters.co.ke/wp-content/uploads/2026/02/Ta-1800-Cleaning-Blade-scaled.webp	in stock	1000 KES	Other	new		Maintenance Kits & Spare Parts	no
5240	Ta 1800 Fuser Roller	ta 1800 fuser roller	https://trinatechtonersandprinters.co.ke/product?id=5240	https://old.trinatechtonersandprinters.co.ke/wp-content/uploads/2026/02/Ta-1800-Fuser-Roller.webp	in stock	2200 KES	Other	new		Maintenance Kits & Spare Parts	no
5239	Taskalfa 1800 Drum	taskalfa 1800 drum	https://trinatechtonersandprinters.co.ke/product?id=5239	https://old.trinatechtonersandprinters.co.ke/wp-content/uploads/2026/02/Taskalfa-1800-Drum.webp	in stock	3500 KES	Other	new		Maintenance Kits & Spare Parts	no
5238	Teflon Sleeve	TEFLON SLEEVE	https://trinatechtonersandprinters.co.ke/product?id=5238	https://old.trinatechtonersandprinters.co.ke/wp-content/uploads/2026/02/Teflon-Sleeve.webp	in stock	800 KES	Other	new		Maintenance Kits & Spare Parts	no
4543	Copyprinter Masters Dx 2330 A4	The CopyPrinter Masters DX 2330 A4 paper is a versatile and high-quality choice for both home and office printing needs.	https://trinatechtonersandprinters.co.ke/product?id=4543	https://old.trinatechtonersandprinters.co.ke/wp-content/uploads/2025/03/COPY-PRINTER-MASTERS-DX2330-A4.png	in stock	1100 KES	Ricoh	new	Electronics > Print, Copy, Scan & Fax > Printer, Copier & Fax Machine Accessories > Toner & Inkjet Cartridges	Master Roll	no
5220	Ricoh Aficio MP2000 Black Toner Cartridge	RICOH AFICIO MP2000 BLACK TONER CARTRIDGE	https://trinatechtonersandprinters.co.ke/product?id=5220	https://old.trinatechtonersandprinters.co.ke/wp-content/uploads/2026/02/Ricoh-Aficio-MP2000-Black-Toner-Cartridge-1.webp	in stock	1000 KES	Ricoh	new	Electronics > Print, Copy, Scan & Fax > Printer, Copier & Fax Machine Accessories > Toner & Inkjet Cartridges	Ricoh Toners	no
4452	Ricoh Aficio MP2000 Cleaning Blade	The Ricoh Aficio MP2000 Cleaning Blade is a vital component for maintaining the performance of your Ricoh Aficio MP2000 copier.	https://trinatechtonersandprinters.co.ke/product?id=4452	https://old.trinatechtonersandprinters.co.ke/wp-content/uploads/2025/01/MP2000-Cleaning-Blade.png	in stock	1000 KES	Ricoh	new		Printer Parts	no
5218	Ricoh Aficio MP2500 Black Toner Cartridge	RICOH AFICIO MP2500 BLACK TONER CARTRIDGE	https://trinatechtonersandprinters.co.ke/product?id=5218	https://old.trinatechtonersandprinters.co.ke/wp-content/uploads/2026/02/Ricoh-Aficio-MP2500-Black-Toner-Cartridge.webp	in stock	1500 KES	Ricoh	new	Electronics > Print, Copy, Scan & Fax > Printer, Copier & Fax Machine Accessories > Toner & Inkjet Cartridges	Ricoh Toners	no
5217	Ricoh Aficio MP301SPF Black Toner Cartridge	RICOH AFICIO MP301SPF BLACK TONER CARTRIDGE	https://trinatechtonersandprinters.co.ke/product?id=5217	https://old.trinatechtonersandprinters.co.ke/wp-content/uploads/2026/02/Ricoh-Aficio-MP301SPF-Black-Toner-Cartridge.webp	in stock	1200 KES	Ricoh	new	Electronics > Print, Copy, Scan & Fax > Printer, Copier & Fax Machine Accessories > Toner & Inkjet Cartridges	Ricoh Toners	no
5216	Ricoh Aficio MP3350 Black Toner Cartridge	RICOH AFICIO MP3350 BLACK TONER CARTRIDGE	https://trinatechtonersandprinters.co.ke/product?id=5216	https://old.trinatechtonersandprinters.co.ke/wp-content/uploads/2026/02/Ricoh-Aficio-MP3350-Black-Toner-Cartridge.webp	in stock	3000 KES	Ricoh	new	Electronics > Print, Copy, Scan & Fax > Printer, Copier & Fax Machine Accessories > Toner & Inkjet Cartridges	Ricoh Toners	no
5222	Ricoh Aficio Mp 3554 Black Toner	RICOH AFICIO MP 3554 BLACK TONER	https://trinatechtonersandprinters.co.ke/product?id=5222	https://old.trinatechtonersandprinters.co.ke/wp-content/uploads/2026/02/Ricoh-Aficio-Mp-3554-Black-Toner.webp	in stock	3000 KES	Ricoh	new	Electronics > Print, Copy, Scan & Fax > Printer, Copier & Fax Machine Accessories > Toner & Inkjet Cartridges	Ricoh Toners	no
5221	Ricoh Aficio Mp 4002/4002SP/5002/5002SP Black Compatible	RICOH AFICIO MP 4002/4002SP/5002/5002SP BLACK COMPATIBLE	https://trinatechtonersandprinters.co.ke/product?id=5221	https://old.trinatechtonersandprinters.co.ke/wp-content/uploads/2026/02/Ricoh-Aficio-Mp-4002-4002SP-5002-5002SP-Black-Compatible.webp	in stock	1700 KES	Ricoh	new	Electronics > Print, Copy, Scan & Fax > Printer, Copier & Fax Machine Accessories > Toner & Inkjet Cartridges	Ricoh Toners	no
5237	Ricoh Aficio Mp C2003/3003/6003 Toners Each	RICOH AFICIO MP C2003/3003/6003 TONERS EACH	https://trinatechtonersandprinters.co.ke/product?id=5237	https://old.trinatechtonersandprinters.co.ke/wp-content/uploads/2026/02/Ricoh-Aficio-Mp-C2003-3003-6003-Toners-Each.jpg	in stock	4000 KES	Ricoh	new	Electronics > Print, Copy, Scan & Fax > Printer, Copier & Fax Machine Accessories > Toner & Inkjet Cartridges	Ricoh Toners	no
5236	Ricoh Aficio Mp C2011/2003/2503 Compatible Toners Each	RICOH AFICIO MP C2011/2003/2503 COMPATIBLE TONERS EACH	https://trinatechtonersandprinters.co.ke/product?id=5236	https://old.trinatechtonersandprinters.co.ke/wp-content/uploads/2026/02/Ricoh-Aficio-Mp-C2011-2003-2503-Compatible-Toners-Each.webp	in stock	3000 KES	Ricoh	new	Electronics > Print, Copy, Scan & Fax > Printer, Copier & Fax Machine Accessories > Toner & Inkjet Cartridges	Ricoh Toners	no
5235	Ricoh Aficio Mp C2050/C2550/C2030 Compatible Toners Each	RICOH AFICIO MP C2050/C2550/C2030 COMPATIBLE TONERS EACH	https://trinatechtonersandprinters.co.ke/product?id=5235	https://old.trinatechtonersandprinters.co.ke/wp-content/uploads/2026/02/Ricoh-Aficio-Mp-C2050-C2550-C2030-Compatible-Toners-Each.webp	in stock	2500 KES	Ricoh	new	Electronics > Print, Copy, Scan & Fax > Printer, Copier & Fax Machine Accessories > Toner & Inkjet Cartridges	Ricoh Toners	no
5234	Ricoh Aficio Mp C2051 High Yield Toners Each	RICOH AFICIO MP C2051 HIGH YIELD TONERS EACH	https://trinatechtonersandprinters.co.ke/product?id=5234	https://old.trinatechtonersandprinters.co.ke/wp-content/uploads/2026/02/Ricoh-Aficio-Mp-C2051-High-Yield-Toners-Each.webp	in stock	2500 KES	Ricoh	new	Electronics > Print, Copy, Scan & Fax > Printer, Copier & Fax Machine Accessories > Toner & Inkjet Cartridges	Ricoh Toners	no
5233	Ricoh Aficio Mp C2500 Compatible Toners Each	RICOH AFICIO MP C2500 COMPATIBLE TONERS EACH	https://trinatechtonersandprinters.co.ke/product?id=5233	https://old.trinatechtonersandprinters.co.ke/wp-content/uploads/2026/02/Ricoh-Aficio-Mp-C2500-Compatible-Toners-Each.webp	in stock	4000 KES	Ricoh	new	Electronics > Print, Copy, Scan & Fax > Printer, Copier & Fax Machine Accessories > Toner & Inkjet Cartridges	Ricoh Toners	no
5232	Ricoh Aficio Mp C300/400/401 Cymk Toners Cartridge Each	RICOH AFICIO MP C300/400/401 CYMK TONERS CARTRIDGE EACH	https://trinatechtonersandprinters.co.ke/product?id=5232	https://old.trinatechtonersandprinters.co.ke/wp-content/uploads/2026/02/Ricoh-Aficio-Mp-C300-400-401-Cymk-Toners-Cartridge-Each.webp	in stock	2700 KES	Ricoh	new	Electronics > Print, Copy, Scan & Fax > Printer, Copier & Fax Machine Accessories > Toner & Inkjet Cartridges	Ricoh Toners	no
5231	Ricoh Aficio Mp C3000 Compatible Toners Each	RICOH AFICIO MP C3000 COMPATIBLE TONERS EACH	https://trinatechtonersandprinters.co.ke/product?id=5231	https://old.trinatechtonersandprinters.co.ke/wp-content/uploads/2026/02/Ricoh-Aficio-Mp-C3000-Compatible-Toners-Each.webp	in stock	4000 KES	Ricoh	new	Electronics > Print, Copy, Scan & Fax > Printer, Copier & Fax Machine Accessories > Toner & Inkjet Cartridges	Ricoh Toners	no
5230	Ricoh Aficio Mp C4500 B/C/Y/M Toners Each	RICOH AFICIO MP C4500 B/C/Y/M TONERS EACH	https://trinatechtonersandprinters.co.ke/product?id=5230	https://old.trinatechtonersandprinters.co.ke/wp-content/uploads/2026/02/Ricoh-Aficio-Mp-C4500-B-C-Y-M-Toners-Each.webp	in stock	4000 KES	Ricoh	new	Electronics > Print, Copy, Scan & Fax > Printer, Copier & Fax Machine Accessories > Toner & Inkjet Cartridges	Ricoh Toners	no
5229	Ricoh Aficio Mp C5000 Toner Cartridge Each	RICOH AFICIO MP C5000 TONER CARTRIDGE EACH	https://trinatechtonersandprinters.co.ke/product?id=5229	https://old.trinatechtonersandprinters.co.ke/wp-content/uploads/2026/02/Ricoh-Aficio-Mp-C5000-Toner-Cartridge-Each.webp	in stock	4000 KES	Ricoh	new	Electronics > Print, Copy, Scan & Fax > Printer, Copier & Fax Machine Accessories > Toner & Inkjet Cartridges	Ricoh Toners	no
5228	Ricoh Aficio Mp C6003 Toner Cartridges Each	RICOH AFICIO MP C6003 TONER CARTRIDGES EACH	https://trinatechtonersandprinters.co.ke/product?id=5228	https://old.trinatechtonersandprinters.co.ke/wp-content/uploads/2026/02/Ricoh-Aficio-Mp-C6003-Toner-Cartridges-Each.webp	in stock	4000 KES	Ricoh	new	Electronics > Print, Copy, Scan & Fax > Printer, Copier & Fax Machine Accessories > Toner & Inkjet Cartridges	Ricoh Toners	no
5215	Ricoh Aficio Sp 5200S Black Toner Cartridge	RICOH AFICIO SP 5200S BLACK TONER CARTRIDGE	https://trinatechtonersandprinters.co.ke/product?id=5215	https://old.trinatechtonersandprinters.co.ke/wp-content/uploads/2026/02/Ricoh-Aficio-Sp-5200S-Black-Toner-Cartridge.webp	in stock	5000 KES	Ricoh	new	Electronics > Print, Copy, Scan & Fax > Printer, Copier & Fax Machine Accessories > Toner & Inkjet Cartridges	Ricoh Toners	no
5214	Ricoh Aficio Type 2220D Black Toner Cartridge	RICOH AFICIO TYPE 2220D BLACK TONER CARTRIDGE	https://trinatechtonersandprinters.co.ke/product?id=5214	https://old.trinatechtonersandprinters.co.ke/wp-content/uploads/2026/02/Ricoh-Aficio-Type-2220D-Black-Toner-Cartridge.webp	in stock	1500 KES	Ricoh	new	Electronics > Print, Copy, Scan & Fax > Printer, Copier & Fax Machine Accessories > Toner & Inkjet Cartridges	Ricoh Toners	no
4359	Ricoh DX-2330 Master Roll For Ricoh Copy Printer	The Ricoh DX-2330 Master Roll is a high-performance consumable designed to deliver exceptional print quality and reliability for RICOH copy printers.	https://trinatechtonersandprinters.co.ke/product?id=4359	https://old.trinatechtonersandprinters.co.ke/wp-content/uploads/2025/01/Ricoh-DX-2330-Master-Roll.png	in stock	1000 KES	Ricoh	new	Electronics > Print, Copy, Scan & Fax > Printer, Copier & Fax Machine Accessories > Toner & Inkjet Cartridges	Inks & Toner Cartridges	no
5280	Ricoh DX-2330 Master Roll Ricoh Copy Printer	RICOH DX-2330 MASTER ROLL RICOH COPY PRINTER	https://trinatechtonersandprinters.co.ke/product?id=5280	https://old.trinatechtonersandprinters.co.ke/wp-content/uploads/2026/02/Ricoh-DX-2330-Master-Roll-Ricoh-Copy-Printer.webp	in stock	900 KES	Ricoh	new	Electronics > Print, Copy, Scan & Fax > Printer, Copier & Fax Machine Accessories > Toner & Inkjet Cartridges	Master Rolls & Inks	no
5279	Ricoh DX-2430 Master Roll Copy Printer	RICOH DX-2430 MASTER ROLL COPY PRINTER	https://trinatechtonersandprinters.co.ke/product?id=5279	https://old.trinatechtonersandprinters.co.ke/wp-content/uploads/2026/02/Ricoh-DX-2430-Master-Roll-Copy-Printer.webp	in stock	900 KES	Ricoh	new	Electronics > Print, Copy, Scan & Fax > Printer, Copier & Fax Machine Accessories > Toner & Inkjet Cartridges	Master Rolls & Inks	no
4362	Ricoh DX-2430 Master Roll For Ricoh Copy Printer	The Ricoh DX-2430 Master Roll is a premium-quality consumable designed for optimal performance with RICOH DX-2430 copy printers.	https://trinatechtonersandprinters.co.ke/product?id=4362	https://old.trinatechtonersandprinters.co.ke/wp-content/uploads/2025/01/Ricoh-DX-2430-Master-Roll.png	in stock	900 KES	Ricoh	new	Electronics > Print, Copy, Scan & Fax > Printer, Copier & Fax Machine Accessories > Toner & Inkjet Cartridges	Inks & Toner Cartridges	no
5213	Ricoh Im 3000/3500/4000 Cymk Toner Cartridges Each	RICOH IM 3000/3500/4000 CYMK TONER CARTRIDGES EACH	https://trinatechtonersandprinters.co.ke/product?id=5213	https://old.trinatechtonersandprinters.co.ke/wp-content/uploads/2026/02/Ricoh-Im-3000-3500-4000-Cymk-Toner-Cartridges-Each.webp	in stock	1700 KES	Ricoh	new	Electronics > Print, Copy, Scan & Fax > Printer, Copier & Fax Machine Accessories > Toner & Inkjet Cartridges	Ricoh Toners	no
4386	Ricoh MP2500 Black Toner Cartridge	The Ricoh MP2500 Black Toner Cartridge is engineered to deliver outstanding print quality for your Ricoh MP2500 series printer.	https://trinatechtonersandprinters.co.ke/product?id=4386	https://old.trinatechtonersandprinters.co.ke/wp-content/uploads/2025/01/Ricoh-MP2500-Toner.png	in stock	1300 KES	Ricoh	new	Electronics > Print, Copy, Scan & Fax > Printer, Copier & Fax Machine Accessories > Toner & Inkjet Cartridges	Inks & Toner Cartridges	no
5210	Ricoh MP4500E For MP4000, MP4001, MP4002, MP5001, MP5001	RICOH MP4500E FOR MP4000, MP4001, MP4002, MP5001, MP5001	https://trinatechtonersandprinters.co.ke/product?id=5210	https://old.trinatechtonersandprinters.co.ke/wp-content/uploads/2026/02/Ricoh-MP4500E-For-MP4000-MP4001-MP4002-MP5001-MP5001.webp	in stock	1800 KES	Ricoh	new	Electronics > Print, Copy, Scan & Fax > Printer, Copier & Fax Machine Accessories > Toner & Inkjet Cartridges	Ricoh Toners	no
4392	Ricoh MPC2503 Toner Cartridge	The Ricoh MPC2503 Toner Cartridge is engineered to deliver exceptional print quality for the Ricoh MPC2503 multifunction printer.	https://trinatechtonersandprinters.co.ke/product?id=4392	https://old.trinatechtonersandprinters.co.ke/wp-content/uploads/2025/01/Ricoh-MPC2503-Toner.png	in stock	3300 KES	Ricoh	new	Electronics > Print, Copy, Scan & Fax > Printer, Copier & Fax Machine Accessories > Toner & Inkjet Cartridges	Inks & Toner Cartridges	no
5212	Ricoh Mp 2501E Black Toner Cartridge	RICOH MP 2501E BLACK TONER CARTRIDGE	https://trinatechtonersandprinters.co.ke/product?id=5212	https://old.trinatechtonersandprinters.co.ke/wp-content/uploads/2026/02/Ricoh-Mp-2501E-Black-Toner-Cartridge.webp	in stock	1400 KES	Ricoh	new	Electronics > Print, Copy, Scan & Fax > Printer, Copier & Fax Machine Accessories > Toner & Inkjet Cartridges	Ricoh Toners	no
5211	Ricoh Mp 3554 Aficio Compatible Black Toner	RICOH MP 3554 AFICIO COMPATIBLE BLACK TONER	https://trinatechtonersandprinters.co.ke/product?id=5211	https://old.trinatechtonersandprinters.co.ke/wp-content/uploads/2026/02/Ricoh-Mp-3554-Aficio-Compatible-Black-Toner.webp	in stock	3000 KES	Ricoh	new	Electronics > Print, Copy, Scan & Fax > Printer, Copier & Fax Machine Accessories > Toner & Inkjet Cartridges	Ricoh Toners	no
5227	Ricoh Mp C2503 Toner For MPC2003/2503	RICOH MP C2503 TONER FOR MPC2003/2503	https://trinatechtonersandprinters.co.ke/product?id=5227	https://old.trinatechtonersandprinters.co.ke/wp-content/uploads/2026/02/Ricoh-Mp-C2503-Toner-For-MPC2003-2503.webp	in stock	3000 KES	Ricoh	new	Electronics > Print, Copy, Scan & Fax > Printer, Copier & Fax Machine Accessories > Toner & Inkjet Cartridges	Ricoh Toners	no
5226	Ricoh Mp C300/400/401 Aficio Compatible Toner Cartridges Each	RICOH MP C300/400/401 AFICIO COMPATIBLE TONER CARTRIDGES EACH	https://trinatechtonersandprinters.co.ke/product?id=5226	https://old.trinatechtonersandprinters.co.ke/wp-content/uploads/2026/02/Ricoh-Mp-C300-400-401-Aficio-Compatible-Toner-Cartridges-Each.webp	in stock	2700 KES	Ricoh	new	Electronics > Print, Copy, Scan & Fax > Printer, Copier & Fax Machine Accessories > Toner & Inkjet Cartridges	Ricoh Toners	no
5225	Ricoh Mp C3000 Aficio Toners Each	RICOH MP C3000 AFICIO TONERS EACH	https://trinatechtonersandprinters.co.ke/product?id=5225	https://old.trinatechtonersandprinters.co.ke/wp-content/uploads/2026/02/Ricoh-Mp-C3000-Aficio-Toners-Each.webp	in stock	4000 KES	Ricoh	new	Electronics > Print, Copy, Scan & Fax > Printer, Copier & Fax Machine Accessories > Toner & Inkjet Cartridges	Ricoh Toners	no
4389	Ricoh Mpc 3001/3501 Toner	The Ricoh MPC 3001/3501 Toner is designed to provide outstanding print quality for Ricoh MPC 3001 and MPC 3501 multifunction printers.	https://trinatechtonersandprinters.co.ke/product?id=4389	https://old.trinatechtonersandprinters.co.ke/wp-content/uploads/2025/01/Ricoh-MPC-300-13501-Toner.png	in stock	3000 KES	Ricoh	new	Electronics > Print, Copy, Scan & Fax > Printer, Copier & Fax Machine Accessories > Toner & Inkjet Cartridges	Inks & Toner Cartridges	no
5349	Ricoh Priport DX-3442C Ink	RICOH PRIPORT DX-3442C INK	https://trinatechtonersandprinters.co.ke/product?id=5349	https://old.trinatechtonersandprinters.co.ke/wp-content/uploads/2026/02/Ricoh-Priport-DX-3442C-Ink.webp	in stock	5000 KES	Ricoh	new	Electronics > Print, Copy, Scan & Fax > Printer, Copier & Fax Machine Accessories > Toner & Inkjet Cartridges	Riso Master Rolls & Inks	no
4368	Ricoh Priport Ink Dx 2430	The Ricoh Priport Ink DX 2430 is specifically formulated to deliver exceptional print quality for the RICOH Priport DX 2430 printer.	https://trinatechtonersandprinters.co.ke/product?id=4368	https://old.trinatechtonersandprinters.co.ke/wp-content/uploads/2025/01/Ricoh-Ink-DX-2430.png	in stock	500 KES	Ricoh	new	Electronics > Print, Copy, Scan & Fax > Printer, Copier & Fax Machine Accessories > Toner & Inkjet Cartridges	Inks & Toner Cartridges	no
4378	Ricoh Priport Ink JP-12	The Ricoh Priport Ink JP-12 is a premium ink designed to deliver outstanding print quality for the Ricoh Priport JP-12 printer.	https://trinatechtonersandprinters.co.ke/product?id=4378	https://old.trinatechtonersandprinters.co.ke/wp-content/uploads/2025/01/Ricoh-Ink-JP-12.png	in stock	500 KES	Ricoh	new	Electronics > Print, Copy, Scan & Fax > Printer, Copier & Fax Machine Accessories > Toner & Inkjet Cartridges	Inks & Toner Cartridges	no
4677	Ricoh SP5200 Black Toner Cartridge	Compatible with: Ricoh Aficio SP 5200DN, SP 5200S Ricoh Aficio SP 5210DN, SP 5210SF, SP 5210SR	https://trinatechtonersandprinters.co.ke/product?id=4677	https://old.trinatechtonersandprinters.co.ke/wp-content/uploads/2025/07/Ricoh-SP5200-Black-Cartridge.png	in stock	5000 KES	Ricoh	new	Electronics > Print, Copy, Scan & Fax > Printer, Copier & Fax Machine Accessories > Toner & Inkjet Cartridges	Inks & Toner Cartridges	no
4680	Ricoh Sp 230 Black Toner Cartridge	Compatible with: Ricoh SP 230DNw Ricoh SP 230FNw / SP 230SFNw	https://trinatechtonersandprinters.co.ke/product?id=4680	https://old.trinatechtonersandprinters.co.ke/wp-content/uploads/2025/07/Ricoh-SP-230-Black-Toner.png	in stock	2500 KES	Ricoh	new	Electronics > Print, Copy, Scan & Fax > Printer, Copier & Fax Machine Accessories > Toner & Inkjet Cartridges	Inks & Toner Cartridges	no
5209	Ricoh Toner 1270D Black Toner Cartridge	RICOH TONER 1270D BLACK TONER CARTRIDGE	https://trinatechtonersandprinters.co.ke/product?id=5209	https://old.trinatechtonersandprinters.co.ke/wp-content/uploads/2026/02/Ricoh-Toner-1270D-Black-Toner-Cartridge.webp	in stock	1300 KES	Ricoh	new	Electronics > Print, Copy, Scan & Fax > Printer, Copier & Fax Machine Accessories > Toner & Inkjet Cartridges	Ricoh Toners	no
5208	Ricoh Toner Mp 2014 Black Toner Cartridge	RICOH TONER MP 2014 BLACK TONER CARTRIDGE	https://trinatechtonersandprinters.co.ke/product?id=5208	https://old.trinatechtonersandprinters.co.ke/wp-content/uploads/2026/02/Ricoh-Toner-Mp-2014-Black-Toner-Cartridge.webp	in stock	1400 KES	Ricoh	new	Electronics > Print, Copy, Scan & Fax > Printer, Copier & Fax Machine Accessories > Toner & Inkjet Cartridges	Ricoh Toners	no
4381	Ricoh Toner Mp 2220D	The Ricoh Toner MP 2220D is a high-performance toner cartridge designed to provide exceptional print quality for Ricoh printers.	https://trinatechtonersandprinters.co.ke/product?id=4381	https://old.trinatechtonersandprinters.co.ke/wp-content/uploads/2025/01/Ricoh-Toner-2220D.png	in stock	1200 KES	Ricoh	new	Electronics > Print, Copy, Scan & Fax > Printer, Copier & Fax Machine Accessories > Toner & Inkjet Cartridges	Inks & Toner Cartridges	no
5207	Ricoh Type 1220D Black Toner Cartridge	RICOH TYPE 1220D BLACK TONER CARTRIDGE	https://trinatechtonersandprinters.co.ke/product?id=5207	https://old.trinatechtonersandprinters.co.ke/wp-content/uploads/2026/02/Ricoh-Type-1220D-Black-Toner-Cartridge.webp	in stock	1400 KES	Ricoh	new	Electronics > Print, Copy, Scan & Fax > Printer, Copier & Fax Machine Accessories > Toner & Inkjet Cartridges	Ricoh Toners	no
5206	Ricoh Type 1230D Black Toner Cartridge	RICOH TYPE 1230D BLACK TONER CARTRIDGE	https://trinatechtonersandprinters.co.ke/product?id=5206	https://old.trinatechtonersandprinters.co.ke/wp-content/uploads/2026/02/Ricoh-Type-1230D-Black-Toner-Cartridge.webp	in stock	1200 KES	Ricoh	new	Electronics > Print, Copy, Scan & Fax > Printer, Copier & Fax Machine Accessories > Toner & Inkjet Cartridges	Ricoh Toners	no
4375	Cz/Cv Riso Compatible Ink	The CZ/CV Riso Compatible Ink is a high-performance ink solution designed to provide exceptional print quality for CZ and CV Riso printers.	https://trinatechtonersandprinters.co.ke/product?id=4375	https://old.trinatechtonersandprinters.co.ke/wp-content/uploads/2025/01/CZCV-Ink.png	in stock	5000 KES	Riso	new	Electronics > Print, Copy, Scan & Fax > Printer, Copier & Fax Machine Accessories > Toner & Inkjet Cartridges	Inks & Toner Cartridges	no
5347	Riso CZ100 (S-7608 A4 Master Roll Compatible For CZ100)	RISO CZ100 (S-7608 A4 MASTER ROLL COMPATIBLE FOR CZ100	https://trinatechtonersandprinters.co.ke/product?id=5347	https://old.trinatechtonersandprinters.co.ke/wp-content/uploads/2026/02/Riso-CZ100-S-7608-A4-Master-Roll-Compatible-For-CZ100.webp	in stock	5000 KES	Riso	new	Electronics > Print, Copy, Scan & Fax > Printer, Copier & Fax Machine Accessories > Toner & Inkjet Cartridges	Riso Master Rolls & Inks	no
5348	Riso Cz 100 Black Ink S-4877	RISO CZ 100 BLACK INK S-4877	https://trinatechtonersandprinters.co.ke/product?id=5348	https://old.trinatechtonersandprinters.co.ke/wp-content/uploads/2026/02/Riso-Cz-100-Black-Ink-S-4877.webp	in stock	5500 KES	Riso	new	Electronics > Print, Copy, Scan & Fax > Printer, Copier & Fax Machine Accessories > Toner & Inkjet Cartridges	Riso Master Rolls & Inks	no
5278	Riso Cz A4 Master Original For CZ100 (S-7608)	RISO CZ A4 MASTER ORIGINAL FOR CZ100 (S-7608	https://trinatechtonersandprinters.co.ke/product?id=5278	https://old.trinatechtonersandprinters.co.ke/wp-content/uploads/2026/02/Riso-Cz-A4-Master-Original-For-CZ100-S-7608.webp	in stock	5500 KES	Riso	new	Electronics > Print, Copy, Scan & Fax > Printer, Copier & Fax Machine Accessories > Toner & Inkjet Cartridges	Master Rolls & Inks	no
5346	Riso Rz Digital Duplicator Original Ink	RISO RZ DIGITAL DUPLICATOR ORIGINAL INK	https://trinatechtonersandprinters.co.ke/product?id=5346	https://old.trinatechtonersandprinters.co.ke/wp-content/uploads/2026/02/Riso-Rz-Digital-Duplicator-Original-Ink.webp	in stock	1700 KES	Riso	new	Electronics > Print, Copy, Scan & Fax > Printer, Copier & Fax Machine Accessories > Toner & Inkjet Cartridges	Riso Master Rolls & Inks	no
5345	Riso Rz Type A4-L Master Standard	RISO RZ TYPE A4-L MASTER STANDARD	https://trinatechtonersandprinters.co.ke/product?id=5345	https://old.trinatechtonersandprinters.co.ke/wp-content/uploads/2026/02/Riso-Rz-Type-A4-L-Master-Standard.webp	in stock	1800 KES	Riso	new	Electronics > Print, Copy, Scan & Fax > Printer, Copier & Fax Machine Accessories > Toner & Inkjet Cartridges	Riso Master Rolls & Inks	no
5344	Riso S-7041E A4 Master Roll Digital Duplicator	RISO S-7041E A4 MASTER ROLL DIGITAL DUPLICATOR	https://trinatechtonersandprinters.co.ke/product?id=5344	https://old.trinatechtonersandprinters.co.ke/wp-content/uploads/2026/02/Riso-S-7041E-A4-Master-Roll-Digital-Duplicator.webp	in stock	5000 KES	Riso	new	Electronics > Print, Copy, Scan & Fax > Printer, Copier & Fax Machine Accessories > Toner & Inkjet Cartridges	Riso Master Rolls & Inks	no
5343	Riso S-8113E Ink For Risograph Black 1000ML	RISO S-8113E INK FOR RISOGRAPH BLACK 1000ML	https://trinatechtonersandprinters.co.ke/product?id=5343	https://old.trinatechtonersandprinters.co.ke/wp-content/uploads/2026/02/Riso-S-8113E-Ink-For-Risograph-Black-1000ML.webp	in stock	5500 KES	Riso	new	Electronics > Print, Copy, Scan & Fax > Printer, Copier & Fax Machine Accessories > Toner & Inkjet Cartridges	Riso Master Rolls & Inks	no
5342	Riso S-8131E Fii Type Duplicator Masters 2 Per Box	RISO S-8131E FII TYPE DUPLICATOR MASTERS 2 PER BOX	https://trinatechtonersandprinters.co.ke/product?id=5342	https://old.trinatechtonersandprinters.co.ke/wp-content/uploads/2026/02/Riso-S-8131E-Fii-Type-Duplicator-Masters-2-Per-Box.webp	in stock	11000 KES	Riso	new	Electronics > Print, Copy, Scan & Fax > Printer, Copier & Fax Machine Accessories > Toner & Inkjet Cartridges	Riso Master Rolls & Inks	no
5341	Riso S-8188E A4 Master Roll Fii Type	RISO S-8188E A4 MASTER ROLL FII TYPE	https://trinatechtonersandprinters.co.ke/product?id=5341	https://old.trinatechtonersandprinters.co.ke/wp-content/uploads/2026/02/Riso-S-8188E-A4-Master-Roll-Fii-Type.webp	in stock	5500 KES	Riso	new	Electronics > Print, Copy, Scan & Fax > Printer, Copier & Fax Machine Accessories > Toner & Inkjet Cartridges	Riso Master Rolls & Inks	no
5398	Royal 17A Black Compatible (CF217A)	ROYAL 17A BLACK COMPATIBLE (CF217A	https://trinatechtonersandprinters.co.ke/product?id=5398	https://old.trinatechtonersandprinters.co.ke/wp-content/uploads/2026/02/Royal-17A-Black-Compatible-CF217A.webp	in stock	1700 KES	Royal	new	Electronics > Print, Copy, Scan & Fax > Printer, Copier & Fax Machine Accessories > Toner & Inkjet Cartridges	Royal Hp Compatible Toners	no
5429	Royal 203A Black Compatible (CF540A)	ROYAL 203A BLACK COMPATIBLE (CF540A	https://trinatechtonersandprinters.co.ke/product?id=5429	https://old.trinatechtonersandprinters.co.ke/wp-content/uploads/2026/02/203A-BLACK.png	in stock	2200 KES	Royal	new	Electronics > Print, Copy, Scan & Fax > Printer, Copier & Fax Machine Accessories > Toner & Inkjet Cartridges	Royal Hp Compatible Toners	no
5428	Royal 203A Cyan Compatible (CF541A)	ROYAL 203A CYAN COMPATIBLE (CF541A	https://trinatechtonersandprinters.co.ke/product?id=5428	https://old.trinatechtonersandprinters.co.ke/wp-content/uploads/2026/02/203A-CYAN-1.png	in stock	2200 KES	Royal	new	Electronics > Print, Copy, Scan & Fax > Printer, Copier & Fax Machine Accessories > Toner & Inkjet Cartridges	Royal Hp Compatible Toners	no
5427	Royal 203A Magenta Compatible (CF543A)	ROYAL 203A MAGENTA COMPATIBLE (CF543A	https://trinatechtonersandprinters.co.ke/product?id=5427	https://old.trinatechtonersandprinters.co.ke/wp-content/uploads/2026/02/203A-MAGENTA.png	in stock	2200 KES	Royal	new	Electronics > Print, Copy, Scan & Fax > Printer, Copier & Fax Machine Accessories > Toner & Inkjet Cartridges	Royal Hp Compatible Toners	no
5425	Royal 26A Black Compatible (CF226A)	ROYAL 26A BLACK COMPATIBLE (CF226A	https://trinatechtonersandprinters.co.ke/product?id=5425	https://old.trinatechtonersandprinters.co.ke/wp-content/uploads/2026/02/26A-BLACK.png	in stock	2200 KES	Royal	new	Electronics > Print, Copy, Scan & Fax > Printer, Copier & Fax Machine Accessories > Toner & Inkjet Cartridges	Royal Hp Compatible Toners	no
5424	Royal 304A Compatible Toners Each	ROYAL 304A COMPATIBLE TONERS EACH	https://trinatechtonersandprinters.co.ke/product?id=5424	https://old.trinatechtonersandprinters.co.ke/wp-content/uploads/2026/02/305A304A312A-Y.png	in stock	2200 KES	Royal	new	Electronics > Print, Copy, Scan & Fax > Printer, Copier & Fax Machine Accessories > Toner & Inkjet Cartridges	Royal Hp Compatible Toners	no
5423	Royal 305A Black Compatible (CE410A)	ROYAL 305A BLACK COMPATIBLE (CE410A	https://trinatechtonersandprinters.co.ke/product?id=5423	https://old.trinatechtonersandprinters.co.ke/wp-content/uploads/2026/02/305A304A312A-Y.png	in stock	2200 KES	Royal	new	Electronics > Print, Copy, Scan & Fax > Printer, Copier & Fax Machine Accessories > Toner & Inkjet Cartridges	Royal Hp Compatible Toners	no
5421	Royal 305A Magenta Compatible (CE413A)	ROYAL 305A MAGENTA COMPATIBLE (CE413A	https://trinatechtonersandprinters.co.ke/product?id=5421	https://old.trinatechtonersandprinters.co.ke/wp-content/uploads/2026/02/305A304A312A-Y-1.png	in stock	2200 KES	Royal	new	Electronics > Print, Copy, Scan & Fax > Printer, Copier & Fax Machine Accessories > Toner & Inkjet Cartridges	Royal Hp Compatible Toners	no
5420	Royal 305A Yellow Compatible (CE412A)	ROYAL 305A YELLOW COMPATIBLE (CE412A	https://trinatechtonersandprinters.co.ke/product?id=5420	https://old.trinatechtonersandprinters.co.ke/wp-content/uploads/2026/02/305A304A312A-Y-2.png	in stock	2200 KES	Royal	new	Electronics > Print, Copy, Scan & Fax > Printer, Copier & Fax Machine Accessories > Toner & Inkjet Cartridges	Royal Hp Compatible Toners	no
5419	Royal 410A Yellow Compatible (CF412A)	ROYAL 410A YELLOW COMPATIBLE (CF412A	https://trinatechtonersandprinters.co.ke/product?id=5419	https://old.trinatechtonersandprinters.co.ke/wp-content/uploads/2026/02/410-YELLOW.png	in stock	2200 KES	Royal	new	Electronics > Print, Copy, Scan & Fax > Printer, Copier & Fax Machine Accessories > Toner & Inkjet Cartridges	Royal Hp Compatible Toners	no
5418	Royal 415A Compatible Each Color (W2030/1/2/3)	ROYAL 415A COMPATIBLE EACH COLOR (W2030/1/2/3	https://trinatechtonersandprinters.co.ke/product?id=5418	https://old.trinatechtonersandprinters.co.ke/wp-content/uploads/2026/02/415A-COMBINED.png	in stock	3000 KES	Royal	new	Electronics > Print, Copy, Scan & Fax > Printer, Copier & Fax Machine Accessories > Toner & Inkjet Cartridges	Royal Hp Compatible Toners	no
5416	Royal 78A Black Compatible (CE278A)	ROYAL 78A BLACK COMPATIBLE (CE278A	https://trinatechtonersandprinters.co.ke/product?id=5416	https://old.trinatechtonersandprinters.co.ke/wp-content/uploads/2026/02/78A-BLACK.png	in stock	1400 KES	Royal	new	Electronics > Print, Copy, Scan & Fax > Printer, Copier & Fax Machine Accessories > Toner & Inkjet Cartridges	Royal Hp Compatible Toners	no
5415	Royal 80A Black Compatible (CF280A)	ROYAL 80A BLACK COMPATIBLE (CF280A	https://trinatechtonersandprinters.co.ke/product?id=5415	https://old.trinatechtonersandprinters.co.ke/wp-content/uploads/2026/02/Royal-80A-Black-Compatible-CF280A.webp	in stock	1500 KES	Royal	new	Electronics > Print, Copy, Scan & Fax > Printer, Copier & Fax Machine Accessories > Toner & Inkjet Cartridges	Royal Hp Compatible Toners	no
5414	Royal 83A Black Compatible (CF283A)	ROYAL 83A BLACK COMPATIBLE (CF283A	https://trinatechtonersandprinters.co.ke/product?id=5414	https://old.trinatechtonersandprinters.co.ke/wp-content/uploads/2026/02/Royal-83A-Black-Compatible-CF283A.webp	in stock	1400 KES	Royal	new	Electronics > Print, Copy, Scan & Fax > Printer, Copier & Fax Machine Accessories > Toner & Inkjet Cartridges	Royal Hp Compatible Toners	no
5413	Royal 85A Black Compatible (CE285A)	ROYAL 85A BLACK COMPATIBLE (CE285A	https://trinatechtonersandprinters.co.ke/product?id=5413	https://old.trinatechtonersandprinters.co.ke/wp-content/uploads/2026/02/Royal-85A-Black-Compatible-CE285A-1.webp	in stock	1400 KES	Royal	new	Electronics > Print, Copy, Scan & Fax > Printer, Copier & Fax Machine Accessories > Toner & Inkjet Cartridges	Royal Hp Compatible Toners	no
5411	Royal Compatible 150A	ROYAL COMPATIBLE 150A	https://trinatechtonersandprinters.co.ke/product?id=5411	https://old.trinatechtonersandprinters.co.ke/wp-content/uploads/2026/02/150A-BLACK.png	in stock	3000 KES	Royal	new	Electronics > Print, Copy, Scan & Fax > Printer, Copier & Fax Machine Accessories > Toner & Inkjet Cartridges	Royal Hp Compatible Toners	no
5410	Royal Compatible 151A	ROYAL COMPATIBLE 151A	https://trinatechtonersandprinters.co.ke/product?id=5410	https://old.trinatechtonersandprinters.co.ke/wp-content/uploads/2026/02/151A.png	in stock	3500 KES	Royal	new	Electronics > Print, Copy, Scan & Fax > Printer, Copier & Fax Machine Accessories > Toner & Inkjet Cartridges	Royal Hp Compatible Toners	no
5409	Royal Compatible 202A	ROYAL COMPATIBLE 202A	https://trinatechtonersandprinters.co.ke/product?id=5409	https://old.trinatechtonersandprinters.co.ke/wp-content/uploads/2026/02/202A-BLACK.png	in stock	4000 KES	Royal	new	Electronics > Print, Copy, Scan & Fax > Printer, Copier & Fax Machine Accessories > Toner & Inkjet Cartridges	Royal Hp Compatible Toners	no
5408	Royal Compatible 207A	ROYAL COMPATIBLE 207A	https://trinatechtonersandprinters.co.ke/product?id=5408	https://old.trinatechtonersandprinters.co.ke/wp-content/uploads/2026/02/207A-COMBINED.png	in stock	3500 KES	Royal	new	Electronics > Print, Copy, Scan & Fax > Printer, Copier & Fax Machine Accessories > Toner & Inkjet Cartridges	Royal Hp Compatible Toners	no
5407	Royal Compatible 212A	ROYAL COMPATIBLE 212A	https://trinatechtonersandprinters.co.ke/product?id=5407	https://old.trinatechtonersandprinters.co.ke/wp-content/uploads/2026/02/212-A-COMBINED.png	in stock	1400 KES	Royal	new	Electronics > Print, Copy, Scan & Fax > Printer, Copier & Fax Machine Accessories > Toner & Inkjet Cartridges	Royal Hp Compatible Toners	no
5406	Royal Compatible 216A	ROYAL COMPATIBLE 216A	https://trinatechtonersandprinters.co.ke/product?id=5406	https://old.trinatechtonersandprinters.co.ke/wp-content/uploads/2026/02/216A-BLACK.png	in stock	2500 KES	Royal	new	Electronics > Print, Copy, Scan & Fax > Printer, Copier & Fax Machine Accessories > Toner & Inkjet Cartridges	Royal Hp Compatible Toners	no
5404	Royal Compatible 415A  BLACK	ROYAL COMPATIBLE 415A	https://trinatechtonersandprinters.co.ke/product?id=5404	https://old.trinatechtonersandprinters.co.ke/wp-content/uploads/2026/02/415A-COMBINED-1.png	in stock	3500 KES	Royal	new	Electronics > Print, Copy, Scan & Fax > Printer, Copier & Fax Machine Accessories > Toner & Inkjet Cartridges	Royal Hp Compatible Toners	no
3558	Royal Superior 106A (W1106A) Laserjet Toner Cartridge	Compatible with: HP Laser 107 series: 107a, 107r, 107w HP Laser MFP 135 series: 135a, 135r, 135w HP Laser MFP 137fnw	https://trinatechtonersandprinters.co.ke/product?id=3558	https://old.trinatechtonersandprinters.co.ke/wp-content/uploads/2024/12/Royal-106A-Toner.png	in stock	2200 KES	Royal	new	Electronics > Print, Copy, Scan & Fax > Printer, Copier & Fax Machine Accessories > Toner & Inkjet Cartridges	Inks & Toner Cartridges	no
4172	Royal Superior 107A Laserjet Toner Cartridge	Compatible with: HP LaserJet 107 Series: 107a, 107w, 107r HP LaserJet Pro MFP 130 Series: 135a, 135w HP LaserJet Pro MFP 137fnw	https://trinatechtonersandprinters.co.ke/product?id=4172	https://old.trinatechtonersandprinters.co.ke/wp-content/uploads/2025/01/Royal-Superior-107A-Laserjet-Toner.png	in stock	2200 KES	Royal	new	Electronics > Print, Copy, Scan & Fax > Printer, Copier & Fax Machine Accessories > Toner & Inkjet Cartridges	Inks & Toner Cartridges	no
4169	Royal Superior 117A Laserjet Toner Cartridge	Compatible with: HP Color LaserJet 150a / 150nw HP Color LaserJet MFP 178nw HP Color LaserJet MFP 179fnw	https://trinatechtonersandprinters.co.ke/product?id=4169	https://old.trinatechtonersandprinters.co.ke/wp-content/uploads/2025/01/Royal-Superior-117A-Laserjet-Toner.png	in stock	3000 KES	Royal	new	Electronics > Print, Copy, Scan & Fax > Printer, Copier & Fax Machine Accessories > Toner & Inkjet Cartridges	Inks & Toner Cartridges	no
4193	Royal Superior 125A/128A/131A Laserjet Toner Cartridge	The Royal Superior 125A/128A/131A Laserjet Toner Cartridge series provides a versatile and efficient printing solution for users with diverse needs.	https://trinatechtonersandprinters.co.ke/product?id=4193	https://old.trinatechtonersandprinters.co.ke/wp-content/uploads/2025/01/Royal-Superior-125A-128A-131A-Laserjet-Toner.png	in stock	2000 KES	Royal	new	Electronics > Print, Copy, Scan & Fax > Printer, Copier & Fax Machine Accessories > Toner & Inkjet Cartridges	Inks & Toner Cartridges	no
3554	Royal Superior 12A Laserjet Toner Cartridge	Compatible with: HP LaserJet 1010 / 1012 / 1015 / 1018 HP LaserJet 1020 / 1020 Plus / 1022 / 1022n / 1022nw HP LaserJet 3015 / 3020 / 3030 / 3050 / 3050z / 3052 / 3055	https://trinatechtonersandprinters.co.ke/product?id=3554	https://old.trinatechtonersandprinters.co.ke/wp-content/uploads/2024/12/Royal-12A-Toner.png	in stock	1400 KES	Royal	new	Electronics > Print, Copy, Scan & Fax > Printer, Copier & Fax Machine Accessories > Toner & Inkjet Cartridges	Inks & Toner Cartridges	no
4178	Royal Superior 136A Laserjet Toner Cartridge	The Royal Superior 136A Laserjet Toner Cartridge offers superior print quality with every page.	https://trinatechtonersandprinters.co.ke/product?id=4178	https://old.trinatechtonersandprinters.co.ke/wp-content/uploads/2025/01/Royal-Superior-136A-Laserjet-Toner.png	in stock	3500 KES	Royal	new	Electronics > Print, Copy, Scan & Fax > Printer, Copier & Fax Machine Accessories > Toner & Inkjet Cartridges	Inks & Toner Cartridges	no
4181	Royal Superior 147A (W1470A) Laserjet Toner Cartridge	Compatible with: HP LaserJet Enterprise M610 series: M610, M610dn, M610n M611 series: M611, M611dn, M611n, M611x M612 series: M612, M612dn, M612x	https://trinatechtonersandprinters.co.ke/product?id=4181	https://old.trinatechtonersandprinters.co.ke/wp-content/uploads/2025/01/Royal-Superior-Laserjet-Toner-147A.png	in stock	4500 KES	Royal	new	Electronics > Print, Copy, Scan & Fax > Printer, Copier & Fax Machine Accessories > Toner & Inkjet Cartridges	Inks & Toner Cartridges	no
4184	Royal Superior 151A (W1510A) Laserjet Toner Cartridge	Compatible with: HP LaserJet Pro 4003 (including 4003dn, 4003dw) HP LaserJet Pro 4103 (including 4103fdn, 4103fdw, MFP variants)	https://trinatechtonersandprinters.co.ke/product?id=4184	https://old.trinatechtonersandprinters.co.ke/wp-content/uploads/2025/01/Royal-Superior-151A-Laserjet-Toner.png	in stock	4000 KES	Royal	new	Electronics > Print, Copy, Scan & Fax > Printer, Copier & Fax Machine Accessories > Toner & Inkjet Cartridges	Inks & Toner Cartridges	no
4074	Royal Superior 17A Laserjet Toner Cartridge	Compatible with: HP LaserJet Pro M102 Series: M102a M102w HP LaserJet Pro MFP M130 Series: M130a M130fn M130fw M130nw	https://trinatechtonersandprinters.co.ke/product?id=4074	https://old.trinatechtonersandprinters.co.ke/wp-content/uploads/2025/01/Royal-Superior-17A-Toner-Cartridge.png	in stock	1800 KES	Royal	new	Electronics > Print, Copy, Scan & Fax > Printer, Copier & Fax Machine Accessories > Toner & Inkjet Cartridges	Inks & Toner Cartridges	no
4120	Royal Superior 19A Laserjet Toner Cartridge	The Royal Superior 19A Laserjet Toner Cartridge is the ideal choice for anyone looking to achieve high-quality prints with ease.	https://trinatechtonersandprinters.co.ke/product?id=4120	https://old.trinatechtonersandprinters.co.ke/wp-content/uploads/2025/01/Royal-Superior-19A-Toner-Cartridge.png	in stock	1800 KES	Royal	new	Electronics > Print, Copy, Scan & Fax > Printer, Copier & Fax Machine Accessories > Toner & Inkjet Cartridges	Inks & Toner Cartridges	no
4071	Royal Superior 203A Laserjet Toner Cartridge	The Royal Superior 203A Laserjet Toner Cartridge brings professional-level print quality to your office or home workspace.	https://trinatechtonersandprinters.co.ke/product?id=4071	https://old.trinatechtonersandprinters.co.ke/wp-content/uploads/2025/01/Royal-Superior-203A-Toner-Cartridge.png	in stock	2000 KES	Royal	new	Electronics > Print, Copy, Scan & Fax > Printer, Copier & Fax Machine Accessories > Toner & Inkjet Cartridges	Inks & Toner Cartridges	no
4065	Royal Superior 205A Laserjet Toner Cartridge	The Royal Superior 205A Laserjet Toner Cartridge is engineered to deliver professional-quality prints.	https://trinatechtonersandprinters.co.ke/product?id=4065	https://old.trinatechtonersandprinters.co.ke/wp-content/uploads/2025/01/Royal-Superior-205A-Toner-Cartridge.png	in stock	1800 KES	Royal	new	Electronics > Print, Copy, Scan & Fax > Printer, Copier & Fax Machine Accessories > Toner & Inkjet Cartridges	Inks & Toner Cartridges	no
4202	Royal Superior 206A Laserjet Toner Cartridge	The Royal Superior 206A Laserjet Toner Cartridge is designed to deliver exceptional print quality and reliable performance.	https://trinatechtonersandprinters.co.ke/product?id=4202	https://old.trinatechtonersandprinters.co.ke/wp-content/uploads/2025/01/Royal-Superior-206A-Laserjet-Toner.png	in stock	4000 KES	Royal	new	Electronics > Print, Copy, Scan & Fax > Printer, Copier & Fax Machine Accessories > Toner & Inkjet Cartridges	Inks & Toner Cartridges	no
4163	Royal Superior 207A Laserjet Toner Cartridge	Compatible with: HP Color LaserJet Pro M255dw HP Color LaserJet Pro M255nw HP Color LaserJet Pro MFP M282nw HP Color LaserJet Pro MFP M283fdn HP Color LaserJet Pro MFP M283fdw	https://trinatechtonersandprinters.co.ke/product?id=4163	https://old.trinatechtonersandprinters.co.ke/wp-content/uploads/2025/01/Royal-Superior-207A-Laserjet-Toner.png	in stock	3500 KES	Royal	new	Electronics > Print, Copy, Scan & Fax > Printer, Copier & Fax Machine Accessories > Toner & Inkjet Cartridges	Inks & Toner Cartridges	no
4154	Royal Superior 216A Laserjet Toner Cartridge	The Royal Superior 216A Laserjet Toner Cartridge is designed to provide high-quality prints with sharp, clear text and vivid, professional images.	https://trinatechtonersandprinters.co.ke/product?id=4154	https://old.trinatechtonersandprinters.co.ke/wp-content/uploads/2025/01/Royal-Superior-216A-Laserjet-Toner.png	in stock	4000 KES	Royal	new	Electronics > Print, Copy, Scan & Fax > Printer, Copier & Fax Machine Accessories > Toner & Inkjet Cartridges	Inks & Toner Cartridges	no
4142	Royal Superior 26A Laserjet Toner Cartridge	Compatible with: HP LaserJet Pro M402 models: M402d, M402dn, M402dne, M402dw, M402m, M402n HP LaserJet Pro MFP M426 models: M426dw, M426fdn, M426fdw	https://trinatechtonersandprinters.co.ke/product?id=4142	https://old.trinatechtonersandprinters.co.ke/wp-content/uploads/2025/01/Royal-Superior-26A-Laserjet-Toner.png	in stock	2000 KES	Royal	new	Electronics > Print, Copy, Scan & Fax > Printer, Copier & Fax Machine Accessories > Toner & Inkjet Cartridges	Inks & Toner Cartridges	no
4126	Royal Superior 30A Laserjet Toner Cartridge	Compatible with: HP LaserJet Pro M203 Series: M203dn M203dw HP LaserJet Pro MFP M227 Series: M227fdn M227fdw M227sdn	https://trinatechtonersandprinters.co.ke/product?id=4126	https://old.trinatechtonersandprinters.co.ke/wp-content/uploads/2025/01/Royal-Superior-30A-Toner-Cartridge.png	in stock	1800 KES	Royal	new	Electronics > Print, Copy, Scan & Fax > Printer, Copier & Fax Machine Accessories > Toner & Inkjet Cartridges	Inks & Toner Cartridges	no
4135	Royal Superior 32A Laserjet Toner Cartridge	The Royal Superior 32A Laserjet Toner Cartridge offers premium print quality , providing consistently sharp text and clear images.	https://trinatechtonersandprinters.co.ke/product?id=4135	https://old.trinatechtonersandprinters.co.ke/wp-content/uploads/2025/01/Royal-Superior-32A-Laserjet-Toner.png	in stock	1800 KES	Royal	new	Electronics > Print, Copy, Scan & Fax > Printer, Copier & Fax Machine Accessories > Toner & Inkjet Cartridges	Inks & Toner Cartridges	no
3545	Royal Superior 36A Laserjet Toner Cartridge	Compatible with: HP LaserJet P1505 and P1505n HP LaserJet M1120 MFP / M1120n MFP HP LaserJet M1522n MFP / M1522nf MFP	https://trinatechtonersandprinters.co.ke/product?id=3545	https://old.trinatechtonersandprinters.co.ke/wp-content/uploads/2024/12/Royal-Superior-36A-Toner.png	in stock	1700 KES	Royal	new	Electronics > Print, Copy, Scan & Fax > Printer, Copier & Fax Machine Accessories > Toner & Inkjet Cartridges	Inks & Toner Cartridges	no
4157	Royal Superior 415A Laserjet Toner Cartridge	Compatible with: HP Color LaserJet Pro M454 series Models: M454dn, M454dw, M454fw, M454nw HP Color LaserJet Pro MFP M479 series Models: M479dw, M479fdn, M479fdw, M479fnw	https://trinatechtonersandprinters.co.ke/product?id=4157	https://old.trinatechtonersandprinters.co.ke/wp-content/uploads/2025/01/Royal-Superior-415A-Laserjet-Toner.png	in stock	3000 KES	Royal	new	Electronics > Print, Copy, Scan & Fax > Printer, Copier & Fax Machine Accessories > Toner & Inkjet Cartridges	Inks & Toner Cartridges	no
3562	Royal Superior 55A Laserjet Toner Cartridge	The Royal Superior 55A LaserJet Toner Cartridge is a reliable and cost-effective solution for users who require high-quality prints at a competitive price.	https://trinatechtonersandprinters.co.ke/product?id=3562	https://old.trinatechtonersandprinters.co.ke/wp-content/uploads/2024/12/Royal-55A-Toner.png	in stock	3000 KES	Royal	new	Electronics > Print, Copy, Scan & Fax > Printer, Copier & Fax Machine Accessories > Toner & Inkjet Cartridges	Inks & Toner Cartridges	no
3533	Royal Superior 59A Laserjet Toner Cartridge	Compatible with: HP LaserJet Enterprise M406 (e.g., M406dn) HP LaserJet Enterprise MFP M430f HP LaserJet Pro M304 (e.g., M304a) HP LaserJet Pro M404 (M404n, M404dn, M404dw)	https://trinatechtonersandprinters.co.ke/product?id=3533	https://old.trinatechtonersandprinters.co.ke/wp-content/uploads/2024/12/Royal-59A-Toner.png	in stock	2800 KES	Royal	new	Electronics > Print, Copy, Scan & Fax > Printer, Copier & Fax Machine Accessories > Toner & Inkjet Cartridges	Inks & Toner Cartridges	no
4187	Royal Superior 76A (CF276A) Laserjet Toner Cartridge	Compatible with: HP LaserJet Pro M404 series: M404n, M404dn, M404dw HP LaserJet Pro MFP M428 series: M428fdn, M428fdw, M428dw	https://trinatechtonersandprinters.co.ke/product?id=4187	https://old.trinatechtonersandprinters.co.ke/wp-content/uploads/2025/01/Royal-Superior-76A-Laserjet-Toner.png	in stock	4000 KES	Royal	new	Electronics > Print, Copy, Scan & Fax > Printer, Copier & Fax Machine Accessories > Toner & Inkjet Cartridges	Inks & Toner Cartridges	no
3550	Royal Superior 78A Laserjet Toner Cartridge	The Royal Superior 78A LaserJet Toner Cartridge is the perfect choice for users who need an affordable, reliable, and high-performance toner cartridge.	https://trinatechtonersandprinters.co.ke/product?id=3550	https://old.trinatechtonersandprinters.co.ke/wp-content/uploads/2024/12/Royal-Superior-78A-Toner.png	in stock	1400 KES	Royal	new	Electronics > Print, Copy, Scan & Fax > Printer, Copier & Fax Machine Accessories > Toner & Inkjet Cartridges	Inks & Toner Cartridges	no
4148	Royal Superior 79A Laserjet Toner Cartridge	The Royal Superior 79A Laserjet Toner Cartridge ensures exceptional print quality , offering clear, sharp text and detailed images on every page.	https://trinatechtonersandprinters.co.ke/product?id=4148	https://old.trinatechtonersandprinters.co.ke/wp-content/uploads/2025/01/Royal-Superior-79A-Laserjet-Toner.png	in stock	1500 KES	Royal	new	Electronics > Print, Copy, Scan & Fax > Printer, Copier & Fax Machine Accessories > Toner & Inkjet Cartridges	Inks & Toner Cartridges	no
3540	Royal Superior 83A Laserjet Toner Cartridge	Compatible with: LaserJet Pro Single-Function: HP M201dw HP M201n HP LaserJet Pro MFP (All-in-One) Series: M125a, M125nw, M125rnw M127fn, M127fw, M127fs M225dn, M225dw M128fn	https://trinatechtonersandprinters.co.ke/product?id=3540	https://old.trinatechtonersandprinters.co.ke/wp-content/uploads/2024/12/Royal-Superior-83A-Toner.png	in stock	1400 KES	Royal	new	Electronics > Print, Copy, Scan & Fax > Printer, Copier & Fax Machine Accessories > Toner & Inkjet Cartridges	Inks & Toner Cartridges	no
3567	Royal Superior 88A Laserjet Toner Cartridge	The Royal Superior 88A LaserJet Toner Cartridge is an affordable, reliable toner option for users who need high-quality prints with every page.	https://trinatechtonersandprinters.co.ke/product?id=3567	https://old.trinatechtonersandprinters.co.ke/wp-content/uploads/2024/12/Royal-88A-Toner.png	in stock	1400 KES	Royal	new	Electronics > Print, Copy, Scan & Fax > Printer, Copier & Fax Machine Accessories > Toner & Inkjet Cartridges	Inks & Toner Cartridges	no
4540	Royal Superior Laserjet Toner Cartridge 150A	Compatible with: HP LaserJet M111a, M111w HP LaserJet MFP M141a, M141ca, M141cw, M141w HP LaserJet M110a, M139e-M142e, and related models	https://trinatechtonersandprinters.co.ke/product?id=4540	https://old.trinatechtonersandprinters.co.ke/wp-content/uploads/2025/03/ROYAL-TONER-CARTRIDGE-150A.png	in stock	3000 KES	Royal	new	Electronics > Print, Copy, Scan & Fax > Printer, Copier & Fax Machine Accessories > Toner & Inkjet Cartridges	Inks & Toner Cartridges	no
4916	Royal Superior Laserjet Toner Cartridge 202A	Compatible with: HP Color LaserJet Pro M254dw HP Color LaserJet Pro M254nw HP Color LaserJet Pro MFP M280nw HP Color LaserJet Pro MFP M281cdw	https://trinatechtonersandprinters.co.ke/product?id=4916	https://old.trinatechtonersandprinters.co.ke/wp-content/uploads/2025/11/Royal-Superior-LaserJet-Toner-202A.png	in stock	3500 KES	Royal	new	Electronics > Print, Copy, Scan & Fax > Printer, Copier & Fax Machine Accessories > Toner & Inkjet Cartridges	Inks & Toner Cartridges	no
4919	Royal Superior Laserjet Toner Cartridge 222A	Compatible with: HP Color LaserJet Pro 3203dw HP Color LaserJet Pro 3288dw HP Color LaserJet Pro MFP 3303fdw HP Color LaserJet Pro MFP 3303sdw	https://trinatechtonersandprinters.co.ke/product?id=4919	https://old.trinatechtonersandprinters.co.ke/wp-content/uploads/2025/11/Royal-Superior-LaserJet-Toner-222A.png	in stock	4000 KES	Royal	new	Electronics > Print, Copy, Scan & Fax > Printer, Copier & Fax Machine Accessories > Toner & Inkjet Cartridges	Inks & Toner Cartridges	no
4922	Royal Superior Laserjet Toner Cartridge 230A	Compatible with: HP Color LaserJet Pro 4203dn HP Color LaserJet Pro 4203dw HP Color LaserJet Pro MFP 4303dw HP Color LaserJet Pro MFP 4303fdn HP Color LaserJet Pro MFP 4303fdw	https://trinatechtonersandprinters.co.ke/product?id=4922	https://old.trinatechtonersandprinters.co.ke/wp-content/uploads/2025/11/Royal-Superior-LaserJet-Toner-230A.png	in stock	4000 KES	Royal	new	Electronics > Print, Copy, Scan & Fax > Printer, Copier & Fax Machine Accessories > Toner & Inkjet Cartridges	Inks & Toner Cartridges	no
4528	Royal Superior Laserjet Toner Cartridge 85A/35A	Compatible with: HP LaserJet Pro P1100 series: P1102, P1102w, P1109w HP LaserJet Pro M1130 / M1132 / M1136 (MFPs) HP LaserJet Pro M1210 / M1212nf	https://trinatechtonersandprinters.co.ke/product?id=4528	https://old.trinatechtonersandprinters.co.ke/wp-content/uploads/2025/01/ROYAL-TONER-85A35A.png	in stock	1700 KES	Royal	new	Electronics > Print, Copy, Scan & Fax > Printer, Copier & Fax Machine Accessories > Toner & Inkjet Cartridges	Inks & Toner Cartridges	no
4925	Royal Superior Laserjet Toner Cartridge CRG 045/CRG 054/203A/201A	Royal Superior Laserjet Toner Cartridge CRG 045/CRG 054/203A/201A	https://trinatechtonersandprinters.co.ke/product?id=4925	https://old.trinatechtonersandprinters.co.ke/wp-content/uploads/2025/11/Royal-Superior-LaserJet-Toner-CRG045CRG054203A201A.png	in stock	1800 KES	Royal	new	Electronics > Print, Copy, Scan & Fax > Printer, Copier & Fax Machine Accessories > Toner & Inkjet Cartridges	Inks & Toner Cartridges	no
4932	Royal Superior Laserjet Toner Cartridge CRG-070	Compatible with: Canon i-SENSYS / imageCLASS LBP-243dw Canon i-SENSYS / imageCLASS LBP-246dw / LBP-246 Canon i-SENSYS / imageCLASS LBP-247dw / LBP-247	https://trinatechtonersandprinters.co.ke/product?id=4932	https://old.trinatechtonersandprinters.co.ke/wp-content/uploads/2025/11/Royal-Superior-LaserJet-Toner-CRG-070.png	in stock	4000 KES	Royal	new	Electronics > Print, Copy, Scan & Fax > Printer, Copier & Fax Machine Accessories > Toner & Inkjet Cartridges	Inks & Toner Cartridges	no
4929	Royal Superior Laserjet Toner Cartridge TNP60	Compatible with: Konica Minolta Bizhub 3622 Konica Minolta Ineo 3622	https://trinatechtonersandprinters.co.ke/product?id=4929	https://old.trinatechtonersandprinters.co.ke/wp-content/uploads/2025/11/Royal-Superior-LaserJet-Toner-TNP60.png	in stock	7500 KES	Royal	new	Electronics > Print, Copy, Scan & Fax > Printer, Copier & Fax Machine Accessories > Toner & Inkjet Cartridges	Inks & Toner Cartridges	no
5051	Royal TK 1110 Original Toner Cartridge	ROYAL TK 1110 ORIGINAL TONER CARTRIDGE	https://trinatechtonersandprinters.co.ke/product?id=5051	https://old.trinatechtonersandprinters.co.ke/wp-content/uploads/2026/02/TK-1110.png	in stock	1800 KES	Royal	new	Electronics > Print, Copy, Scan & Fax > Printer, Copier & Fax Machine Accessories > Toner & Inkjet Cartridges	Royal Toners	no
5386	Royal TK 1120 Original Toner Cartridge	ROYAL TK 1120 ORIGINAL TONER CARTRIDGE	https://trinatechtonersandprinters.co.ke/product?id=5386	https://old.trinatechtonersandprinters.co.ke/wp-content/uploads/2026/02/Royal-TK-1120-Original-Toner-Cartridge.webp	in stock	1000 KES	Royal	new	Electronics > Print, Copy, Scan & Fax > Printer, Copier & Fax Machine Accessories > Toner & Inkjet Cartridges	Royal Kyocera Compatible Toners	no
5385	Royal TK 1120 Toner Compatible Cartridge	ROYAL TK 1120 TONER COMPATIBLE CARTRIDGE	https://trinatechtonersandprinters.co.ke/product?id=5385	https://old.trinatechtonersandprinters.co.ke/wp-content/uploads/2026/02/Royal-TK-1120-Toner-Compatible-Cartridge.webp	in stock	1000 KES	Royal	new	Electronics > Print, Copy, Scan & Fax > Printer, Copier & Fax Machine Accessories > Toner & Inkjet Cartridges	Royal Kyocera Compatible Toners	no
5384	Royal TK 1140 Black Toner Cartridge	ROYAL TK 1140 BLACK TONER CARTRIDGE	https://trinatechtonersandprinters.co.ke/product?id=5384	https://old.trinatechtonersandprinters.co.ke/wp-content/uploads/2026/02/Royal-TK-1140-Black-Toner-Cartridge.webp	in stock	2000 KES	Royal	new	Electronics > Print, Copy, Scan & Fax > Printer, Copier & Fax Machine Accessories > Toner & Inkjet Cartridges	Royal Kyocera Compatible Toners	no
5383	Royal TK 1150 Black Toner Cartridge	ROYAL TK 1150 BLACK TONER CARTRIDGE	https://trinatechtonersandprinters.co.ke/product?id=5383	https://old.trinatechtonersandprinters.co.ke/wp-content/uploads/2026/02/Royal-TK-1150-Black-Toner-Cartridge.webp	in stock	1800 KES	Royal	new	Electronics > Print, Copy, Scan & Fax > Printer, Copier & Fax Machine Accessories > Toner & Inkjet Cartridges	Royal Kyocera Compatible Toners	no
5382	Royal TK 1150 Compatible Black Toner Cartridge	ROYAL TK 1150 COMPATIBLE BLACK TONER CARTRIDGE	https://trinatechtonersandprinters.co.ke/product?id=5382	https://old.trinatechtonersandprinters.co.ke/wp-content/uploads/2026/02/Royal-TK-1150-Compatible-Black-Toner-Cartridge.webp	in stock	1800 KES	Royal	new	Electronics > Print, Copy, Scan & Fax > Printer, Copier & Fax Machine Accessories > Toner & Inkjet Cartridges	Royal Kyocera Compatible Toners	no
5381	Royal TK 1160 Black Toner Cartridge	ROYAL TK 1160 BLACK TONER CARTRIDGE	https://trinatechtonersandprinters.co.ke/product?id=5381	https://old.trinatechtonersandprinters.co.ke/wp-content/uploads/2026/02/Royal-TK-1160-Black-Toner-Cartridge.webp	in stock	2000 KES	Royal	new	Electronics > Print, Copy, Scan & Fax > Printer, Copier & Fax Machine Accessories > Toner & Inkjet Cartridges	Royal Kyocera Compatible Toners	no
5380	Royal TK 1170 Black Toner Cartridge	ROYAL TK 1170 BLACK TONER CARTRIDGE	https://trinatechtonersandprinters.co.ke/product?id=5380	https://old.trinatechtonersandprinters.co.ke/wp-content/uploads/2026/02/Royal-TK-1170-Black-Toner-Cartridge-1.webp	in stock	1800 KES	Royal	new	Electronics > Print, Copy, Scan & Fax > Printer, Copier & Fax Machine Accessories > Toner & Inkjet Cartridges	Royal Kyocera Compatible Toners	no
5018	Royal TK 1240 Black & TK 1242 Compatible Toner Cartridge	ROYAL TK 1240 BLACK & TK 1242 COMPATIBLE TONER CARTRIDGE	https://trinatechtonersandprinters.co.ke/product?id=5018	https://old.trinatechtonersandprinters.co.ke/wp-content/uploads/2026/02/TK-1242.png	in stock	2500 KES	Royal	new	Electronics > Print, Copy, Scan & Fax > Printer, Copier & Fax Machine Accessories > Toner & Inkjet Cartridges	Royal Toners	no
5017	Royal TK 130 Black Toner Cartridge	ROYAL TK 130 BLACK TONER CARTRIDGE	https://trinatechtonersandprinters.co.ke/product?id=5017	https://old.trinatechtonersandprinters.co.ke/wp-content/uploads/2026/02/TK-130.png	in stock	1800 KES	Royal	new	Electronics > Print, Copy, Scan & Fax > Printer, Copier & Fax Machine Accessories > Toner & Inkjet Cartridges	Royal Toners	no
5014	Royal TK 3130 Compatible Black Toner Cartridge	ROYAL TK 3130 COMPATIBLE BLACK TONER CARTRIDGE	https://trinatechtonersandprinters.co.ke/product?id=5014	https://old.trinatechtonersandprinters.co.ke/wp-content/uploads/2026/02/TK-3130.png	in stock	3000 KES	Royal	new	Electronics > Print, Copy, Scan & Fax > Printer, Copier & Fax Machine Accessories > Toner & Inkjet Cartridges	Royal Toners	no
5379	Royal TK 3150 Black Toner Cartridge	ROYAL TK 3150 BLACK TONER CARTRIDGE	https://trinatechtonersandprinters.co.ke/product?id=5379	https://old.trinatechtonersandprinters.co.ke/wp-content/uploads/2026/02/Royal-TK-3150-Black-Toner-Cartridge.webp	in stock	3000 KES	Royal	new	Electronics > Print, Copy, Scan & Fax > Printer, Copier & Fax Machine Accessories > Toner & Inkjet Cartridges	Royal Kyocera Compatible Toners	no
5378	Royal TK 3150 Compatible Black Toner Cartridge	ROYAL TK 3150 COMPATIBLE BLACK TONER CARTRIDGE	https://trinatechtonersandprinters.co.ke/product?id=5378	https://old.trinatechtonersandprinters.co.ke/wp-content/uploads/2026/02/Royal-TK-3150-Compatible-Black-Toner-Cartridge.webp	in stock	3000 KES	Royal	new	Electronics > Print, Copy, Scan & Fax > Printer, Copier & Fax Machine Accessories > Toner & Inkjet Cartridges	Royal Kyocera Compatible Toners	no
5396	Royal TK 340 Black Toner Laser Cartridge	ROYAL TK 340 BLACK TONER LASER CARTRIDGE	https://trinatechtonersandprinters.co.ke/product?id=5396	https://old.trinatechtonersandprinters.co.ke/wp-content/uploads/2026/02/Royal-TK-340-Black-Toner-Laser-Cartridge.webp	in stock	7000 KES	Royal	new	Electronics > Print, Copy, Scan & Fax > Printer, Copier & Fax Machine Accessories > Toner & Inkjet Cartridges	Royal Kyocera Compatible Toners	no
5377	Royal TK 410 Compatible Black Toner Cartridge	ROYAL TK 410 COMPATIBLE BLACK TONER CARTRIDGE	https://trinatechtonersandprinters.co.ke/product?id=5377	https://old.trinatechtonersandprinters.co.ke/wp-content/uploads/2026/02/Royal-TK-410-Compatible-Black-Toner-Cartridge.webp	in stock	2500 KES	Royal	new	Electronics > Print, Copy, Scan & Fax > Printer, Copier & Fax Machine Accessories > Toner & Inkjet Cartridges	Royal Kyocera Compatible Toners	no
5012	Royal TK 410/435 Black Toner Cartridge	ROYAL TK 410/435 BLACK TONER CARTRIDGE	https://trinatechtonersandprinters.co.ke/product?id=5012	https://old.trinatechtonersandprinters.co.ke/wp-content/uploads/2026/02/TK-410-435.png	in stock	2500 KES	Royal	new	Electronics > Print, Copy, Scan & Fax > Printer, Copier & Fax Machine Accessories > Toner & Inkjet Cartridges	Royal Toners	no
5375	Royal TK 4105 Compatible Black Toner Cartridge	ROYAL TK 4105 COMPATIBLE BLACK TONER CARTRIDGE	https://trinatechtonersandprinters.co.ke/product?id=5375	https://old.trinatechtonersandprinters.co.ke/wp-content/uploads/2026/02/Royal-TK-4105-Compatible-Black-Toner-Cartridge.webp	in stock	2500 KES	Royal	new	Electronics > Print, Copy, Scan & Fax > Printer, Copier & Fax Machine Accessories > Toner & Inkjet Cartridges	Royal Kyocera Compatible Toners	no
5011	Royal TK 4145 Compatible Black Toner Cartridge	ROYAL TK 4145 COMPATIBLE BLACK TONER CARTRIDGE	https://trinatechtonersandprinters.co.ke/product?id=5011	https://old.trinatechtonersandprinters.co.ke/wp-content/uploads/2026/02/TK-4145.png	in stock	2500 KES	Royal	new	Electronics > Print, Copy, Scan & Fax > Printer, Copier & Fax Machine Accessories > Toner & Inkjet Cartridges	Royal Toners	no
5009	Royal TK 4175 Black Compatible Toner	ROYAL TK 4175 BLACK COMPATIBLE TONER	https://trinatechtonersandprinters.co.ke/product?id=5009	https://old.trinatechtonersandprinters.co.ke/wp-content/uploads/2026/02/TK-4175.png	in stock	2500 KES	Royal	new	Electronics > Print, Copy, Scan & Fax > Printer, Copier & Fax Machine Accessories > Toner & Inkjet Cartridges	Royal Toners	no
5007	Royal TK 435 Compatible Black Toner Cartridge	ROYAL TK 435 COMPATIBLE BLACK TONER CARTRIDGE	https://trinatechtonersandprinters.co.ke/product?id=5007	https://old.trinatechtonersandprinters.co.ke/wp-content/uploads/2026/02/TK-410-435.png	in stock	2500 KES	Royal	new	Electronics > Print, Copy, Scan & Fax > Printer, Copier & Fax Machine Accessories > Toner & Inkjet Cartridges	Royal Toners	no
5006	Royal TK 475 Black Toner Cartridge	ROYAL TK 475 BLACK TONER CARTRIDGE	https://trinatechtonersandprinters.co.ke/product?id=5006	https://old.trinatechtonersandprinters.co.ke/wp-content/uploads/2026/02/TK-475-1.png	in stock	3000 KES	Royal	new	Electronics > Print, Copy, Scan & Fax > Printer, Copier & Fax Machine Accessories > Toner & Inkjet Cartridges	Royal Toners	no
5005	Royal TK 475 Compatible Black Toner Cartridge	ROYAL TK 475 COMPATIBLE BLACK TONER CARTRIDGE	https://trinatechtonersandprinters.co.ke/product?id=5005	https://old.trinatechtonersandprinters.co.ke/wp-content/uploads/2026/02/TK-475.png	in stock	3000 KES	Royal	new	Electronics > Print, Copy, Scan & Fax > Printer, Copier & Fax Machine Accessories > Toner & Inkjet Cartridges	Royal Toners	no
5004	Royal TK 5135 Toners Cymk Cartridges Each	ROYAL TK 5135 TONERS CYMK CARTRIDGES EACH	https://trinatechtonersandprinters.co.ke/product?id=5004	https://old.trinatechtonersandprinters.co.ke/wp-content/uploads/2026/02/TK-5135-C.png	in stock	4000 KES	Royal	new	Electronics > Print, Copy, Scan & Fax > Printer, Copier & Fax Machine Accessories > Toner & Inkjet Cartridges	Royal Toners	no
5374	Royal TK 5230 Colors Cym Compatible Toners Each	ROYAL TK 5230 COLORS CYM COMPATIBLE TONERS EACH	https://trinatechtonersandprinters.co.ke/product?id=5374	https://old.trinatechtonersandprinters.co.ke/wp-content/uploads/2026/02/Royal-TK-5230-Colors-Cym-Compatible-Toners-Each.webp	in stock	1500 KES	Royal	new	Electronics > Print, Copy, Scan & Fax > Printer, Copier & Fax Machine Accessories > Toner & Inkjet Cartridges	Royal Kyocera Compatible Toners	no
5395	Royal TK 5230 Genuine Toner Cartridge Each	ROYAL TK 5230 GENUINE TONER CARTRIDGE EACH	https://trinatechtonersandprinters.co.ke/product?id=5395	https://old.trinatechtonersandprinters.co.ke/wp-content/uploads/2026/02/Royal-TK-5230-Genuine-Toner-Cartridge-Each.webp	in stock	8000 KES	Royal	new	Electronics > Print, Copy, Scan & Fax > Printer, Copier & Fax Machine Accessories > Toner & Inkjet Cartridges	Royal Kyocera Compatible Toners	no
5373	Royal TK 5230K Compatible Black Toner	ROYAL TK 5230K COMPATIBLE BLACK TONER	https://trinatechtonersandprinters.co.ke/product?id=5373	https://old.trinatechtonersandprinters.co.ke/wp-content/uploads/2026/02/Royal-TK-5230K-Compatible-Black-Toner.webp	in stock	2000 KES	Royal	new	Electronics > Print, Copy, Scan & Fax > Printer, Copier & Fax Machine Accessories > Toner & Inkjet Cartridges	Royal Kyocera Compatible Toners	no
5372	Royal TK 5270 Black Toner Cartridge	ROYAL TK 5270 BLACK TONER CARTRIDGE	https://trinatechtonersandprinters.co.ke/product?id=5372	https://old.trinatechtonersandprinters.co.ke/wp-content/uploads/2026/02/Royal-TK-5230K-Compatible-Black-Toner.jpg	in stock	3000 KES	Royal	new	Electronics > Print, Copy, Scan & Fax > Printer, Copier & Fax Machine Accessories > Toner & Inkjet Cartridges	Royal Kyocera Compatible Toners	no
5371	Royal TK 5270 Cmy Toner Cartridge Each	ROYAL TK 5270 CMY TONER CARTRIDGE EACH	https://trinatechtonersandprinters.co.ke/product?id=5371	https://old.trinatechtonersandprinters.co.ke/wp-content/uploads/2026/02/Royal-TK-5270-Cmy-Toner-Cartridge-Each.webp	in stock	3000 KES	Royal	new	Electronics > Print, Copy, Scan & Fax > Printer, Copier & Fax Machine Accessories > Toner & Inkjet Cartridges	Royal Kyocera Compatible Toners	no
5370	Royal TK 5270 Compatible Black Toner Cartridge Each	ROYAL TK 5270 COMPATIBLE BLACK TONER CARTRIDGE EACH	https://trinatechtonersandprinters.co.ke/product?id=5370	https://old.trinatechtonersandprinters.co.ke/wp-content/uploads/2026/02/Royal-TK-5270-Compatible-Black-Toner-Cartridge-Each.webp	in stock	3000 KES	Royal	new	Electronics > Print, Copy, Scan & Fax > Printer, Copier & Fax Machine Accessories > Toner & Inkjet Cartridges	Royal Kyocera Compatible Toners	no
5369	Royal TK 5280 Black Toner Cartridge	ROYAL TK 5280 BLACK TONER CARTRIDGE	https://trinatechtonersandprinters.co.ke/product?id=5369	https://old.trinatechtonersandprinters.co.ke/wp-content/uploads/2026/02/Royal-TK-5280-Black-Toner-Cartridge.webp	in stock	3000 KES	Royal	new	Electronics > Print, Copy, Scan & Fax > Printer, Copier & Fax Machine Accessories > Toner & Inkjet Cartridges	Royal Kyocera Compatible Toners	no
5368	Royal TK 5280 Compatible Toner Each	ROYAL TK 5280 COMPATIBLE TONER EACH	https://trinatechtonersandprinters.co.ke/product?id=5368	https://old.trinatechtonersandprinters.co.ke/wp-content/uploads/2026/02/Royal-TK-5280-Compatible-Toner-Each.webp	in stock	3000 KES	Royal	new	Electronics > Print, Copy, Scan & Fax > Printer, Copier & Fax Machine Accessories > Toner & Inkjet Cartridges	Royal Kyocera Compatible Toners	no
5367	Royal TK 5280 Cym Color Toner Each	ROYAL TK 5280 CYM COLOR TONER EACH	https://trinatechtonersandprinters.co.ke/product?id=5367	https://old.trinatechtonersandprinters.co.ke/wp-content/uploads/2026/02/Royal-TK-5280-Cym-Color-Toner-Each.webp	in stock	3000 KES	Royal	new	Electronics > Print, Copy, Scan & Fax > Printer, Copier & Fax Machine Accessories > Toner & Inkjet Cartridges	Royal Kyocera Compatible Toners	no
5000	Royal TK 5370 Compatible Toner Cartridge	ROYAL TK 5370 COMPATIBLE TONER CARTRIDGE	https://trinatechtonersandprinters.co.ke/product?id=5000	https://old.trinatechtonersandprinters.co.ke/wp-content/uploads/2026/02/TK-5370C.png	in stock	4000 KES	Royal	new	Electronics > Print, Copy, Scan & Fax > Printer, Copier & Fax Machine Accessories > Toner & Inkjet Cartridges	Royal Toners	no
4999	Royal TK 5370 Cym Toner Cartridge Each	ROYAL TK 5370 CYM TONER CARTRIDGE EACH	https://trinatechtonersandprinters.co.ke/product?id=4999	https://old.trinatechtonersandprinters.co.ke/wp-content/uploads/2026/02/TK-5370C.png	in stock	4000 KES	Royal	new	Electronics > Print, Copy, Scan & Fax > Printer, Copier & Fax Machine Accessories > Toner & Inkjet Cartridges	Royal Toners	no
5394	Royal TK 590 Compatible Toner Cartridges Each	ROYAL TK 590 COMPATIBLE TONER CARTRIDGES EACH	https://trinatechtonersandprinters.co.ke/product?id=5394	https://old.trinatechtonersandprinters.co.ke/wp-content/uploads/2026/02/Royal-TK-590-Compatible-Toner-Cartridges-Each.webp	in stock	3000 KES	Royal	new	Electronics > Print, Copy, Scan & Fax > Printer, Copier & Fax Machine Accessories > Toner & Inkjet Cartridges	Royal Kyocera Compatible Toners	no
4998	Royal TK 590 Toner Cartridges Each	ROYAL TK 590 TONER CARTRIDGES EACH	https://trinatechtonersandprinters.co.ke/product?id=4998	https://old.trinatechtonersandprinters.co.ke/wp-content/uploads/2026/02/TK-590.png	in stock	3000 KES	Royal	new	Electronics > Print, Copy, Scan & Fax > Printer, Copier & Fax Machine Accessories > Toner & Inkjet Cartridges	Royal Toners	no
5365	Royal TK 6115 Compatible Black Toner Cartridge	ROYAL TK 6115 COMPATIBLE BLACK TONER CARTRIDGE	https://trinatechtonersandprinters.co.ke/product?id=5365	https://old.trinatechtonersandprinters.co.ke/wp-content/uploads/2026/02/Royal-TK-6115-Compatible-Black-Toner-Cartridge.webp	in stock	3000 KES	Royal	new	Electronics > Print, Copy, Scan & Fax > Printer, Copier & Fax Machine Accessories > Toner & Inkjet Cartridges	Royal Kyocera Compatible Toners	no
5047	Royal TK 6305 Black Toner Cartridge	ROYAL TK 6305 BLACK TONER CARTRIDGE	https://trinatechtonersandprinters.co.ke/product?id=5047	https://old.trinatechtonersandprinters.co.ke/wp-content/uploads/2026/02/TK-6305.png	in stock	4500 KES	Royal	new	Electronics > Print, Copy, Scan & Fax > Printer, Copier & Fax Machine Accessories > Toner & Inkjet Cartridges	Royal Toners	no
5046	Royal TK 6305 Compatible Black Toner Cartridge	ROYAL TK 6305 COMPATIBLE BLACK TONER CARTRIDGE	https://trinatechtonersandprinters.co.ke/product?id=5046	https://old.trinatechtonersandprinters.co.ke/wp-content/uploads/2026/02/TK-6305.png	in stock	4500 KES	Royal	new	Electronics > Print, Copy, Scan & Fax > Printer, Copier & Fax Machine Accessories > Toner & Inkjet Cartridges	Royal Toners	no
5364	Royal TK 6325 Toner Taskalfa 4002I 5002I 5003I 6002I	ROYAL TK 6325 TONER TASKALFA 4002i 5002i 5003i 6002i	https://trinatechtonersandprinters.co.ke/product?id=5364	https://old.trinatechtonersandprinters.co.ke/wp-content/uploads/2026/02/Royal-TK-6325-Toner-Taskalfa-4002I-5002I-5003I-6002I.webp	in stock	3500 KES	Royal	new	Electronics > Print, Copy, Scan & Fax > Printer, Copier & Fax Machine Accessories > Toner & Inkjet Cartridges	Royal Kyocera Compatible Toners	no
4997	Royal TK 6345 Black Toner	ROYAL TK 6345 BLACK TONER	https://trinatechtonersandprinters.co.ke/product?id=4997	https://old.trinatechtonersandprinters.co.ke/wp-content/uploads/2026/02/TK-6345.png	in stock	4500 KES	Royal	new	Electronics > Print, Copy, Scan & Fax > Printer, Copier & Fax Machine Accessories > Toner & Inkjet Cartridges	Royal Toners	no
5045	Royal TK 6705 Black Toner Cartridge	ROYAL TK 6705 BLACK TONER CARTRIDGE	https://trinatechtonersandprinters.co.ke/product?id=5045	https://old.trinatechtonersandprinters.co.ke/wp-content/uploads/2026/02/TK-6705.png	in stock	4500 KES	Royal	new	Electronics > Print, Copy, Scan & Fax > Printer, Copier & Fax Machine Accessories > Toner & Inkjet Cartridges	Royal Toners	no
4996	Royal TK 6725 Toner Cartridge	ROYAL TK 6725 TONER CARTRIDGE	https://trinatechtonersandprinters.co.ke/product?id=4996	https://old.trinatechtonersandprinters.co.ke/wp-content/uploads/2026/02/TK-6725.png	in stock	10000 KES	Royal	new	Electronics > Print, Copy, Scan & Fax > Printer, Copier & Fax Machine Accessories > Toner & Inkjet Cartridges	Royal Toners	no
4995	Royal TK 675 Black Toner Cartridge	ROYAL TK 675 BLACK TONER CARTRIDGE	https://trinatechtonersandprinters.co.ke/product?id=4995	https://old.trinatechtonersandprinters.co.ke/wp-content/uploads/2026/02/TK-675.png	in stock	3000 KES	Royal	new	Electronics > Print, Copy, Scan & Fax > Printer, Copier & Fax Machine Accessories > Toner & Inkjet Cartridges	Royal Toners	no
5044	Royal TK 675 Compatible Black Toner Cartridge	ROYAL TK 675 COMPATIBLE BLACK TONER CARTRIDGE	https://trinatechtonersandprinters.co.ke/product?id=5044	https://old.trinatechtonersandprinters.co.ke/wp-content/uploads/2026/02/TK-675.png	in stock	4500 KES	Royal	new	Electronics > Print, Copy, Scan & Fax > Printer, Copier & Fax Machine Accessories > Toner & Inkjet Cartridges	Royal Toners	no
5362	Royal TK 7105 Compatible Black Toner Cartridge	ROYAL TK 7105 COMPATIBLE BLACK TONER CARTRIDGE	https://trinatechtonersandprinters.co.ke/product?id=5362	https://old.trinatechtonersandprinters.co.ke/wp-content/uploads/2026/02/Royal-TK-7105-Compatible-Black-Toner-Cartridge.webp	in stock	4000 KES	Royal	new	Electronics > Print, Copy, Scan & Fax > Printer, Copier & Fax Machine Accessories > Toner & Inkjet Cartridges	Royal Kyocera Compatible Toners	no
4994	Royal TK 715 Black Toner Cartridge	ROYAL TK 715 BLACK TONER CARTRIDGE	https://trinatechtonersandprinters.co.ke/product?id=4994	https://old.trinatechtonersandprinters.co.ke/wp-content/uploads/2026/02/TK-715.png	in stock	4500 KES	Royal	new	Electronics > Print, Copy, Scan & Fax > Printer, Copier & Fax Machine Accessories > Toner & Inkjet Cartridges	Royal Toners	no
4993	Royal TK 715 Compatible Black Toner	ROYAL TK 715 COMPATIBLE BLACK TONER	https://trinatechtonersandprinters.co.ke/product?id=4993	https://old.trinatechtonersandprinters.co.ke/wp-content/uploads/2026/02/TK-715.png	in stock	4500 KES	Royal	new	Electronics > Print, Copy, Scan & Fax > Printer, Copier & Fax Machine Accessories > Toner & Inkjet Cartridges	Royal Toners	no
5361	Royal TK 7205 Black Toner Cartridge	ROYAL TK 7205 BLACK TONER CARTRIDGE	https://trinatechtonersandprinters.co.ke/product?id=5361	https://old.trinatechtonersandprinters.co.ke/wp-content/uploads/2026/02/Royal-TK-7205-Black-Toner-Cartridge.webp	in stock	4000 KES	Royal	new	Electronics > Print, Copy, Scan & Fax > Printer, Copier & Fax Machine Accessories > Toner & Inkjet Cartridges	Royal Kyocera Compatible Toners	no
5360	Royal TK 7205 Compatible Black Toner Cartridge	ROYAL TK 7205 COMPATIBLE BLACK TONER CARTRIDGE	https://trinatechtonersandprinters.co.ke/product?id=5360	https://old.trinatechtonersandprinters.co.ke/wp-content/uploads/2026/02/Royal-TK-7205-Compatible-Black-Toner-Cartridge.webp	in stock	4000 KES	Royal	new	Electronics > Print, Copy, Scan & Fax > Printer, Copier & Fax Machine Accessories > Toner & Inkjet Cartridges	Royal Kyocera Compatible Toners	no
5040	Royal TK 7225 Compatible Black Toner	ROYAL TK 7225 COMPATIBLE BLACK TONER	https://trinatechtonersandprinters.co.ke/product?id=5040	https://old.trinatechtonersandprinters.co.ke/wp-content/uploads/2026/02/TK-7225.png	in stock	4000 KES	Royal	new	Electronics > Print, Copy, Scan & Fax > Printer, Copier & Fax Machine Accessories > Toner & Inkjet Cartridges	Royal Toners	no
4992	Royal TK 7235 Black Toner Cartridge	ROYAL TK 7235 BLACK TONER CARTRIDGE	https://trinatechtonersandprinters.co.ke/product?id=4992	https://old.trinatechtonersandprinters.co.ke/wp-content/uploads/2026/02/TK-7235.png	in stock	4000 KES	Royal	new	Electronics > Print, Copy, Scan & Fax > Printer, Copier & Fax Machine Accessories > Toner & Inkjet Cartridges	Royal Toners	no
4991	Royal TK 7235 Compatible Black Toner Cartridge	ROYAL TK 7235 COMPATIBLE BLACK TONER CARTRIDGE	https://trinatechtonersandprinters.co.ke/product?id=4991	https://old.trinatechtonersandprinters.co.ke/wp-content/uploads/2026/02/TK-7235.png	in stock	4000 KES	Royal	new	Electronics > Print, Copy, Scan & Fax > Printer, Copier & Fax Machine Accessories > Toner & Inkjet Cartridges	Royal Toners	no
5039	Royal TK 8115 Compatible Toner Cartridge Each	ROYAL TK 8115 COMPATIBLE TONER CARTRIDGE EACH	https://trinatechtonersandprinters.co.ke/product?id=5039	https://old.trinatechtonersandprinters.co.ke/wp-content/uploads/2026/02/TK-8115.png	in stock	4500 KES	Royal	new	Electronics > Print, Copy, Scan & Fax > Printer, Copier & Fax Machine Accessories > Toner & Inkjet Cartridges	Royal Toners	no
5038	Royal TK 8115 Toner Cartridge Each	ROYAL TK 8115 TONER CARTRIDGE EACH	https://trinatechtonersandprinters.co.ke/product?id=5038	https://old.trinatechtonersandprinters.co.ke/wp-content/uploads/2026/02/TK-8115.png	in stock	4500 KES	Royal	new	Electronics > Print, Copy, Scan & Fax > Printer, Copier & Fax Machine Accessories > Toner & Inkjet Cartridges	Royal Toners	no
5037	Royal TK 8305 Black Toner Cartridge	ROYAL TK 8305 BLACK TONER CARTRIDGE	https://trinatechtonersandprinters.co.ke/product?id=5037	https://old.trinatechtonersandprinters.co.ke/wp-content/uploads/2026/02/TK-8305.png	in stock	4500 KES	Royal	new	Electronics > Print, Copy, Scan & Fax > Printer, Copier & Fax Machine Accessories > Toner & Inkjet Cartridges	Royal Toners	no
4990	Royal TK 8305 Compatible Toners Each	ROYAL TK 8305 COMPATIBLE TONERS EACH	https://trinatechtonersandprinters.co.ke/product?id=4990	https://old.trinatechtonersandprinters.co.ke/wp-content/uploads/2026/02/TK-8305.png	in stock	4000 KES	Royal	new	Electronics > Print, Copy, Scan & Fax > Printer, Copier & Fax Machine Accessories > Toner & Inkjet Cartridges	Royal Toners	no
5036	Royal TK 8305 Cym Black Toner Each	ROYAL TK 8305 CYM BLACK TONER EACH	https://trinatechtonersandprinters.co.ke/product?id=5036	https://old.trinatechtonersandprinters.co.ke/wp-content/uploads/2026/02/TK-8305.png	in stock	4500 KES	Royal	new	Electronics > Print, Copy, Scan & Fax > Printer, Copier & Fax Machine Accessories > Toner & Inkjet Cartridges	Royal Toners	no
5035	Royal TK 8325 Black Toner Cartridge	ROYAL TK 8325 BLACK TONER CARTRIDGE	https://trinatechtonersandprinters.co.ke/product?id=5035	https://old.trinatechtonersandprinters.co.ke/wp-content/uploads/2026/02/TK-8325-COMBINED-YMCB.png	in stock	4000 KES	Royal	new	Electronics > Print, Copy, Scan & Fax > Printer, Copier & Fax Machine Accessories > Toner & Inkjet Cartridges	Royal Toners	no
5034	Royal TK 8325 Cmy Cartridge	ROYAL TK 8325 CMY CARTRIDGE	https://trinatechtonersandprinters.co.ke/product?id=5034	https://old.trinatechtonersandprinters.co.ke/wp-content/uploads/2026/02/TK-8325-COMBINED-YMCB.png	in stock	4000 KES	Royal	new	Electronics > Print, Copy, Scan & Fax > Printer, Copier & Fax Machine Accessories > Toner & Inkjet Cartridges	Royal Toners	no
5033	Royal TK 8335  black Each Toner Cartridge	ROYAL TK 8335 EACH TONER CARTRIDGE	https://trinatechtonersandprinters.co.ke/product?id=5033	https://old.trinatechtonersandprinters.co.ke/wp-content/uploads/2026/02/TK-8335-K-1.png	in stock	4000 KES	Royal	new	Electronics > Print, Copy, Scan & Fax > Printer, Copier & Fax Machine Accessories > Toner & Inkjet Cartridges	Royal Toners	no
5032	Royal TK 8335CMYK Compatible Toner Cartridge Each	ROYAL TK 8335CMYK COMPATIBLE TONER CARTRIDGE EACH	https://trinatechtonersandprinters.co.ke/product?id=5032	https://old.trinatechtonersandprinters.co.ke/wp-content/uploads/2026/02/TK-8335YKM.png	in stock	4000 KES	Royal	new	Electronics > Print, Copy, Scan & Fax > Printer, Copier & Fax Machine Accessories > Toner & Inkjet Cartridges	Royal Toners	no
5031	Royal TK 8345 Cym Color Toner Cartridge	ROYAL TK 8345 CYM COLOR TONER CARTRIDGE	https://trinatechtonersandprinters.co.ke/product?id=5031	https://old.trinatechtonersandprinters.co.ke/wp-content/uploads/2026/02/TK-8345-C-1.png	in stock	4500 KES	Royal	new	Electronics > Print, Copy, Scan & Fax > Printer, Copier & Fax Machine Accessories > Toner & Inkjet Cartridges	Royal Toners	no
4989	Royal TK 8365 Compatible Black Toner	ROYAL TK 8365 COMPATIBLE BLACK TONER	https://trinatechtonersandprinters.co.ke/product?id=4989	https://old.trinatechtonersandprinters.co.ke/wp-content/uploads/2026/02/TK-8365.png	in stock	4000 KES	Royal	new	Electronics > Print, Copy, Scan & Fax > Printer, Copier & Fax Machine Accessories > Toner & Inkjet Cartridges	Royal Toners	no
5393	Royal TK 8505 Compatible Toner Cartridge Each	ROYAL TK 8505 COMPATIBLE TONER CARTRIDGE EACH	https://trinatechtonersandprinters.co.ke/product?id=5393	https://old.trinatechtonersandprinters.co.ke/wp-content/uploads/2026/02/Royal-TK-8505-Compatible-Toner-Cartridge-Each.webp	in stock	6500 KES	Royal	new	Electronics > Print, Copy, Scan & Fax > Printer, Copier & Fax Machine Accessories > Toner & Inkjet Cartridges	Royal Kyocera Compatible Toners	no
5392	Royal TK 8505 Toner Cartridge Each	ROYAL TK 8505 TONER CARTRIDGE EACH	https://trinatechtonersandprinters.co.ke/product?id=5392	https://old.trinatechtonersandprinters.co.ke/wp-content/uploads/2026/02/Royal-TK-8505-Toner-Cartridge-Each.webp	in stock	13000 KES	Royal	new	Electronics > Print, Copy, Scan & Fax > Printer, Copier & Fax Machine Accessories > Toner & Inkjet Cartridges	Royal Kyocera Compatible Toners	no
5391	Royal TK 8515 Compatible Toners CMYK Each	ROYAL TK 8515 COMPATIBLE TONERS CMYK EACH	https://trinatechtonersandprinters.co.ke/product?id=5391	https://old.trinatechtonersandprinters.co.ke/wp-content/uploads/2026/02/Royal-TK-8515-Compatible-Toners-CMYK-Each.webp	in stock	6000 KES	Royal	new	Electronics > Print, Copy, Scan & Fax > Printer, Copier & Fax Machine Accessories > Toner & Inkjet Cartridges	Royal Kyocera Compatible Toners	no
5390	Royal TK 8515C Cyan Cartridge	ROYAL TK 8515C CYAN CARTRIDGE	https://trinatechtonersandprinters.co.ke/product?id=5390	https://old.trinatechtonersandprinters.co.ke/wp-content/uploads/2026/02/Royal-TK-8515C-Cyan-Cartridge.webp	in stock	16000 KES	Royal	new	Electronics > Print, Copy, Scan & Fax > Printer, Copier & Fax Machine Accessories > Toner & Inkjet Cartridges	Royal Kyocera Compatible Toners	no
5389	Royal TK 8515K Black Cartridge	ROYAL TK 8515K BLACK CARTRIDGE	https://trinatechtonersandprinters.co.ke/product?id=5389	https://old.trinatechtonersandprinters.co.ke/wp-content/uploads/2026/02/Royal-TK-8515K-Black-Cartridge.webp	in stock	14000 KES	Royal	new	Electronics > Print, Copy, Scan & Fax > Printer, Copier & Fax Machine Accessories > Toner & Inkjet Cartridges	Royal Kyocera Compatible Toners	no
5388	Royal TK 8515M Magenta Cartridge	ROYAL TK 8515M MAGENTA CARTRIDGE	https://trinatechtonersandprinters.co.ke/product?id=5388	https://old.trinatechtonersandprinters.co.ke/wp-content/uploads/2026/02/Royal-TK-8515M-Magenta-Cartridge.webp	in stock	16000 KES	Royal	new	Electronics > Print, Copy, Scan & Fax > Printer, Copier & Fax Machine Accessories > Toner & Inkjet Cartridges	Royal Kyocera Compatible Toners	no
5387	Royal TK 8515Y Yellow Cartridge	ROYAL TK 8515Y YELLOW CARTRIDGE	https://trinatechtonersandprinters.co.ke/product?id=5387	https://old.trinatechtonersandprinters.co.ke/wp-content/uploads/2026/02/Royal-TK-8515Y-Yellow-Cartridge.webp	in stock	16000 KES	Royal	new	Electronics > Print, Copy, Scan & Fax > Printer, Copier & Fax Machine Accessories > Toner & Inkjet Cartridges	Royal Kyocera Compatible Toners	no
5359	Royal TK 8545K Black Toner Cartridge	ROYAL TK 8545K BLACK TONER CARTRIDGE	https://trinatechtonersandprinters.co.ke/product?id=5359	https://old.trinatechtonersandprinters.co.ke/wp-content/uploads/2026/02/Royal-TK-8545K-Black-Toner-Cartridge.webp	in stock	6000 KES	Royal	new	Electronics > Print, Copy, Scan & Fax > Printer, Copier & Fax Machine Accessories > Toner & Inkjet Cartridges	Royal Kyocera Compatible Toners	no
5024	Royal TK 8555K Compatible Black Toner	ROYAL TK 8555K COMPATIBLE BLACK TONER	https://trinatechtonersandprinters.co.ke/product?id=5024	https://old.trinatechtonersandprinters.co.ke/wp-content/uploads/2026/02/TK-8555-K.png	in stock	5500 KES	Royal	new	Electronics > Print, Copy, Scan & Fax > Printer, Copier & Fax Machine Accessories > Toner & Inkjet Cartridges	Royal Toners	no
5358	Royal TK 8705 Black Toner Each Cym	ROYAL TK 8705 BLACK TONER EACH CYM	https://trinatechtonersandprinters.co.ke/product?id=5358	https://old.trinatechtonersandprinters.co.ke/wp-content/uploads/2026/02/Royal-TK-8705-Black-Toner-Each-Cym.webp	in stock	8000 KES	Royal	new	Electronics > Print, Copy, Scan & Fax > Printer, Copier & Fax Machine Accessories > Toner & Inkjet Cartridges	Royal Kyocera Compatible Toners	no
4985	Royal Toner Cartridge 407S	ROYAL TONER CARTRIDGE 407S	https://trinatechtonersandprinters.co.ke/product?id=4985	https://old.trinatechtonersandprinters.co.ke/wp-content/uploads/2026/02/407-S.JPG-1.png	in stock	3500 KES	Royal	new	Electronics > Print, Copy, Scan & Fax > Printer, Copier & Fax Machine Accessories > Toner & Inkjet Cartridges	Royal Toners	no
4984	Royal Toner Cartridge 4521	ROYAL TONER CARTRIDGE 4521	https://trinatechtonersandprinters.co.ke/product?id=4984	https://old.trinatechtonersandprinters.co.ke/wp-content/uploads/2026/02/4521-BLACK.png	in stock	2500 KES	Royal	new	Electronics > Print, Copy, Scan & Fax > Printer, Copier & Fax Machine Accessories > Toner & Inkjet Cartridges	Royal Toners	no
4983	Royal Toner Cartridge 85A/35A Black	ROYAL TONER CARTRIDGE 85A/35A BLACK	https://trinatechtonersandprinters.co.ke/product?id=4983	https://old.trinatechtonersandprinters.co.ke/wp-content/uploads/2026/02/85A-35A-BLACK.png	in stock	1300 KES	Royal	new	Electronics > Print, Copy, Scan & Fax > Printer, Copier & Fax Machine Accessories > Toner & Inkjet Cartridges	Royal Toners	no
4310	Samsung MLT-D101S Black Toner Cartridge	Compatible with: ML Series: ML-2160, ML-2162, ML-2165, ML-2165W, ML-2164 SCX Series: SCX-3400, SCX-3405, SCX-3405F, SCX-3405FW, SCX-3405W SF Series: SF-760P	https://trinatechtonersandprinters.co.ke/product?id=4310	https://old.trinatechtonersandprinters.co.ke/wp-content/uploads/2025/01/Samsung-MLT-D101S-Black-Toner.png	in stock	10000 KES	Samsung	new	Electronics > Print, Copy, Scan & Fax > Printer, Copier & Fax Machine Accessories > Toner & Inkjet Cartridges	Inks & Toner Cartridges	no
4320	Samsung MLT-D103L Black Toner Cartridge	The Samsung MLT-D103L Black Toner Cartridge is the ideal solution for businesses and home offices that require reliable, high-quality printing.	https://trinatechtonersandprinters.co.ke/product?id=4320	https://old.trinatechtonersandprinters.co.ke/wp-content/uploads/2025/01/Samsung-MLT-D103L-Black-Toner.png	in stock	3500 KES	Samsung	new	Electronics > Print, Copy, Scan & Fax > Printer, Copier & Fax Machine Accessories > Toner & Inkjet Cartridges	Inks & Toner Cartridges	no
4307	Samsung MLT-D105S Black Toner Cartridge	Compatible with: ML-1910, ML-1915 ML-2525, ML-2525W ML-2540, ML-2545 ML-2580N SCX-4600, SCX-4623F/FN/FW SF-650, SF-650P	https://trinatechtonersandprinters.co.ke/product?id=4307	https://old.trinatechtonersandprinters.co.ke/wp-content/uploads/2025/01/Samsung-MLT-D105S-Black-Toner.png	in stock	2500 KES	Samsung	new	Electronics > Print, Copy, Scan & Fax > Printer, Copier & Fax Machine Accessories > Toner & Inkjet Cartridges	Inks & Toner Cartridges	no
4304	Samsung MLT-D108S Black Toner Cartridge	Compatible with Samsung ML-1640, ML-1640K, ML-1641, ML-2240, ML-2240K, ML-2241	https://trinatechtonersandprinters.co.ke/product?id=4304	https://old.trinatechtonersandprinters.co.ke/wp-content/uploads/2025/01/Samsung-MLT-D108S-Black-Toner.png	in stock	9000 KES	Samsung	new	Electronics > Print, Copy, Scan & Fax > Printer, Copier & Fax Machine Accessories > Toner & Inkjet Cartridges	Inks & Toner Cartridges	no
4323	Samsung MLT-D109S Black Toner Cartridge	Compatible with: SCX-4300 ML-166x ML-167x SCX-320x/321x	https://trinatechtonersandprinters.co.ke/product?id=4323	https://old.trinatechtonersandprinters.co.ke/wp-content/uploads/2025/01/Samsung-MLT-D109S-Black-Toner.png	in stock	10000 KES	Samsung	new	Electronics > Print, Copy, Scan & Fax > Printer, Copier & Fax Machine Accessories > Toner & Inkjet Cartridges	Inks & Toner Cartridges	no
4313	Samsung MLT-D111S Black Toner Cartridge	Compatible with: Xpress M2020 / M2020W M2021 / M2021W M2022 / M2022W / M2024W M2026 / M2026W M2070 / M2070F / M2070FW / M2070W	https://trinatechtonersandprinters.co.ke/product?id=4313	https://old.trinatechtonersandprinters.co.ke/wp-content/uploads/2025/01/Samsung-MLT-D111S-Black-Toner.png	in stock	11000 KES	Samsung	new	Electronics > Print, Copy, Scan & Fax > Printer, Copier & Fax Machine Accessories > Toner & Inkjet Cartridges	Inks & Toner Cartridges	no
4326	Samsung MLT-D203S Black Toner Cartridge	Compatible with: Samsung ProXpress SL-M3320 / M3320ND SL-M3370 / M3370FD / M3370FW SL-M3820 / M3820D / M3820DW / M3820ND SL-M3870 / M3870FW	https://trinatechtonersandprinters.co.ke/product?id=4326	https://old.trinatechtonersandprinters.co.ke/wp-content/uploads/2025/01/Samsung-MLT-D203S-Black-Toner.png	in stock	14000 KES	Samsung	new	Electronics > Print, Copy, Scan & Fax > Printer, Copier & Fax Machine Accessories > Toner & Inkjet Cartridges	Inks & Toner Cartridges	no
4317	Samsung MLT-D305L Black Toner Cartridge	The Samsung MLT-D305L Black Toner Cartridge is built for high-volume printing environments where reliability and quality are essential.	https://trinatechtonersandprinters.co.ke/product?id=4317	https://old.trinatechtonersandprinters.co.ke/wp-content/uploads/2025/01/Samsung-MLT-D305L-Black-Toner.png	in stock	4000 KES	Samsung	new	Electronics > Print, Copy, Scan & Fax > Printer, Copier & Fax Machine Accessories > Toner & Inkjet Cartridges	Inks & Toner Cartridges	no
5205	Sharp 202	sharp 202	https://trinatechtonersandprinters.co.ke/product?id=5205	https://old.trinatechtonersandprinters.co.ke/wp-content/uploads/2026/02/Sharp-202.webp	in stock	4500 KES	Sharp	new	Electronics > Print, Copy, Scan & Fax > Printer, Copier & Fax Machine Accessories > Toner & Inkjet Cartridges	Sharp Toners	no
5197	Sharp AR-016FT Black Toner Cartridge	SHARP AR-016FT BLACK TONER CARTRIDGE	https://trinatechtonersandprinters.co.ke/product?id=5197	https://old.trinatechtonersandprinters.co.ke/wp-content/uploads/2026/02/Sharp-AR-016FT-Black-Toner-Cartridge.webp	in stock	4000 KES	Sharp	new	Electronics > Print, Copy, Scan & Fax > Printer, Copier & Fax Machine Accessories > Toner & Inkjet Cartridges	Sharp Toners	no
5196	Sharp AR-201/202FT Black Toner Cartridge	SHARP AR-201/202FT BLACK TONER CARTRIDGE	https://trinatechtonersandprinters.co.ke/product?id=5196	https://old.trinatechtonersandprinters.co.ke/wp-content/uploads/2026/02/Sharp-AR-201202FT-Black-Toner-Cartridge.webp	in stock	4000 KES	Sharp	new	Electronics > Print, Copy, Scan & Fax > Printer, Copier & Fax Machine Accessories > Toner & Inkjet Cartridges	Sharp Toners	no
4412	Sharp AR-310FT Toner Cartridge	The Sharp AR-310FT Toner Cartridge is the perfect solution for those seeking exceptional print quality and reliability.	https://trinatechtonersandprinters.co.ke/product?id=4412	https://old.trinatechtonersandprinters.co.ke/wp-content/uploads/2025/01/Sharp-AR-310FT-Toner.png	in stock	3000 KES	Sharp	new	Electronics > Print, Copy, Scan & Fax > Printer, Copier & Fax Machine Accessories > Toner & Inkjet Cartridges	Inks & Toner Cartridges	no
4409	Sharp AR-450FT Toner Cartridge	The Sharp AR-450FT Toner Cartridge is a premium-quality toner designed to deliver exceptional results with every print.	https://trinatechtonersandprinters.co.ke/product?id=4409	https://old.trinatechtonersandprinters.co.ke/wp-content/uploads/2025/01/Sharp-AR-450FT-Toner.png	in stock	6500 KES	Sharp	new	Electronics > Print, Copy, Scan & Fax > Printer, Copier & Fax Machine Accessories > Toner & Inkjet Cartridges	Inks & Toner Cartridges	no
5204	Sharp Ar 021	sharp ar 021	https://trinatechtonersandprinters.co.ke/product?id=5204	https://old.trinatechtonersandprinters.co.ke/wp-content/uploads/2026/02/Sharp-Ar-27-Ft.webp	in stock	3500 KES	Sharp	new	Electronics > Print, Copy, Scan & Fax > Printer, Copier & Fax Machine Accessories > Toner & Inkjet Cartridges	Sharp Toners	no
5203	Sharp Ar 27 Ft	sharp ar 27 ft	https://trinatechtonersandprinters.co.ke/product?id=5203	https://old.trinatechtonersandprinters.co.ke/wp-content/uploads/2026/02/Sharp-Ar-27-Ft-1.webp	in stock	4500 KES	Sharp	new	Electronics > Print, Copy, Scan & Fax > Printer, Copier & Fax Machine Accessories > Toner & Inkjet Cartridges	Sharp Toners	no
5202	Sharp Ar 310	sharp ar 310	https://trinatechtonersandprinters.co.ke/product?id=5202	https://old.trinatechtonersandprinters.co.ke/wp-content/uploads/2026/02/Sharp-Ar-310.webp	in stock	4000 KES	Sharp	new	Electronics > Print, Copy, Scan & Fax > Printer, Copier & Fax Machine Accessories > Toner & Inkjet Cartridges	Sharp Toners	no
5201	Sharp Ar 312	sharp ar 312	https://trinatechtonersandprinters.co.ke/product?id=5201	https://old.trinatechtonersandprinters.co.ke/wp-content/uploads/2026/02/Sharp-Ar-312.webp	in stock	4000 KES	Sharp	new	Electronics > Print, Copy, Scan & Fax > Printer, Copier & Fax Machine Accessories > Toner & Inkjet Cartridges	Sharp Toners	no
5200	Sharp Ar 450	sharp ar 450	https://trinatechtonersandprinters.co.ke/product?id=5200	https://old.trinatechtonersandprinters.co.ke/wp-content/uploads/2026/02/Sharp-Ar-450.webp	in stock	6500 KES	Sharp	new	Electronics > Print, Copy, Scan & Fax > Printer, Copier & Fax Machine Accessories > Toner & Inkjet Cartridges	Sharp Toners	no
5199	Sharp Ar/Mx 500FT Black Toner Cartridge	SHARP AR/MX 500FT BLACK TONER CARTRIDGE	https://trinatechtonersandprinters.co.ke/product?id=5199	https://old.trinatechtonersandprinters.co.ke/wp-content/uploads/2026/02/Sharp-ArMx-500FT-Black-Toner-Cartridge.webp	in stock	4000 KES	Sharp	new	Electronics > Print, Copy, Scan & Fax > Printer, Copier & Fax Machine Accessories > Toner & Inkjet Cartridges	Sharp Toners	no
5198	Sharp Ar/Mx 560FT Black Toner Cartridge	SHARP AR/MX 560FT BLACK TONER CARTRIDGE	https://trinatechtonersandprinters.co.ke/product?id=5198	https://old.trinatechtonersandprinters.co.ke/wp-content/uploads/2026/02/Sharp-ArMx-560FT-Black-Toner-Cartridge.webp	in stock	4000 KES	Sharp	new	Electronics > Print, Copy, Scan & Fax > Printer, Copier & Fax Machine Accessories > Toner & Inkjet Cartridges	Sharp Toners	no
4415	Sharp MX-235FT Toner Cartridge	The Sharp MX-235FT Toner Cartridge is designed to deliver exceptional print quality and reliability for Sharp MX-2300 and MX-2500 series multifunction printers.	https://trinatechtonersandprinters.co.ke/product?id=4415	https://old.trinatechtonersandprinters.co.ke/wp-content/uploads/2025/01/Sharp-MX-235FT-Toner.png	in stock	3500 KES	Sharp	new	Electronics > Print, Copy, Scan & Fax > Printer, Copier & Fax Machine Accessories > Toner & Inkjet Cartridges	Inks & Toner Cartridges	no
4421	Sharp MX-237FT Toner Cartridge	The Sharp MX-237FT Toner Cartridge is engineered to deliver consistent, professional-quality prints for businesses and offices.	https://trinatechtonersandprinters.co.ke/product?id=4421	https://old.trinatechtonersandprinters.co.ke/wp-content/uploads/2025/01/Sharp-MX-237FT-Toner.png	in stock	4000 KES	Sharp	new	Electronics > Print, Copy, Scan & Fax > Printer, Copier & Fax Machine Accessories > Toner & Inkjet Cartridges	Inks & Toner Cartridges	no
4418	Sharp MX-238FT Toner Cartridge	The Sharp MX-238FT Toner Cartridge is the ideal choice for businesses and offices that require consistent, high-quality prints.	https://trinatechtonersandprinters.co.ke/product?id=4418	https://old.trinatechtonersandprinters.co.ke/wp-content/uploads/2025/01/Sharp-MX-238FT-Toner.png	in stock	4000 KES	Sharp	new	Electronics > Print, Copy, Scan & Fax > Printer, Copier & Fax Machine Accessories > Toner & Inkjet Cartridges	Inks & Toner Cartridges	no
5189	Sharp MX-23FT-BA Black Toner Cartridge	SHARP MX-23FT-BA BLACK TONER CARTRIDGE	https://trinatechtonersandprinters.co.ke/product?id=5189	https://old.trinatechtonersandprinters.co.ke/wp-content/uploads/2026/02/Sharp-MX-23FT-BA-Black-Toner-Cartridge.webp	in stock	8000 KES	Sharp	new	Electronics > Print, Copy, Scan & Fax > Printer, Copier & Fax Machine Accessories > Toner & Inkjet Cartridges	Sharp Toners	no
5188	Sharp MX-23FT-CA (Cyan) Ma (Magenta) Ya (Yellow) Toners Each	SHARP MX-23FT-CA (CYAN) MA (MAGENTA) YA (YELLOW) TONERS EACH	https://trinatechtonersandprinters.co.ke/product?id=5188	https://old.trinatechtonersandprinters.co.ke/wp-content/uploads/2026/02/Sharp-MX-23FT-CA-Cyan-Ma-Magenta-Ya-Yellow-Toners-Each.webp	in stock	8000 KES	Sharp	new	Electronics > Print, Copy, Scan & Fax > Printer, Copier & Fax Machine Accessories > Toner & Inkjet Cartridges	Sharp Toners	no
5187	Sharp MX-312FT Black Toner Cartridge	SHARP MX-312FT BLACK TONER CARTRIDGE	https://trinatechtonersandprinters.co.ke/product?id=5187	https://old.trinatechtonersandprinters.co.ke/wp-content/uploads/2026/02/Sharp-MX-312FT-Black-Toner-Cartridge.webp	in stock	8000 KES	Sharp	new	Electronics > Print, Copy, Scan & Fax > Printer, Copier & Fax Machine Accessories > Toner & Inkjet Cartridges	Sharp Toners	no
5186	Sharp MX-561NT Compatible Toner Cartridge	SHARP MX-561NT COMPATIBLE TONER CARTRIDGE	https://trinatechtonersandprinters.co.ke/product?id=5186	https://old.trinatechtonersandprinters.co.ke/wp-content/uploads/2026/02/Sharp-MX-561NT-Compatible-Toner-Cartridge.webp	in stock	4000 KES	Sharp	new	Electronics > Print, Copy, Scan & Fax > Printer, Copier & Fax Machine Accessories > Toner & Inkjet Cartridges	Sharp Toners	no
5195	Sharp Mx 235 Ft	sharp mx 235 ft	https://trinatechtonersandprinters.co.ke/product?id=5195	https://old.trinatechtonersandprinters.co.ke/wp-content/uploads/2026/02/Sharp-Mx-235-Ft.webp	in stock	3500 KES	Sharp	new	Electronics > Print, Copy, Scan & Fax > Printer, Copier & Fax Machine Accessories > Toner & Inkjet Cartridges	Sharp Toners	no
5194	Sharp Mx 235/236FT Black Ar Toner Cartridge	SHARP MX 235/236FT BLACK AR TONER CARTRIDGE	https://trinatechtonersandprinters.co.ke/product?id=5194	https://old.trinatechtonersandprinters.co.ke/wp-content/uploads/2026/02/Sharp-Mx-235236FT-Black-Ar-Toner-Cartridge.webp	in stock	3500 KES	Sharp	new	Electronics > Print, Copy, Scan & Fax > Printer, Copier & Fax Machine Accessories > Toner & Inkjet Cartridges	Sharp Toners	no
5193	Sharp Mx 237	sharp mx 237	https://trinatechtonersandprinters.co.ke/product?id=5193	https://old.trinatechtonersandprinters.co.ke/wp-content/uploads/2026/02/Sharp-Mx-237.webp	in stock	4000 KES	Sharp	new	Electronics > Print, Copy, Scan & Fax > Printer, Copier & Fax Machine Accessories > Toner & Inkjet Cartridges	Sharp Toners	no
5192	Sharp Mx 238 Ft	sharp mx 238 ft	https://trinatechtonersandprinters.co.ke/product?id=5192	https://old.trinatechtonersandprinters.co.ke/wp-content/uploads/2026/02/Sharp-Mx-238-Ft.webp	in stock	4000 KES	Sharp	new	Electronics > Print, Copy, Scan & Fax > Printer, Copier & Fax Machine Accessories > Toner & Inkjet Cartridges	Sharp Toners	no
5191	Sharp Mx 500	sharp mx 500	https://trinatechtonersandprinters.co.ke/product?id=5191	https://old.trinatechtonersandprinters.co.ke/wp-content/uploads/2026/02/Sharp-Mx-500.webp	in stock	4000 KES	Sharp	new	Electronics > Print, Copy, Scan & Fax > Printer, Copier & Fax Machine Accessories > Toner & Inkjet Cartridges	Sharp Toners	no
5190	Sharp Mx 560/561/460	sharp mx 560/561/460	https://trinatechtonersandprinters.co.ke/product?id=5190	https://old.trinatechtonersandprinters.co.ke/wp-content/uploads/2026/02/Sharp-Mx-560-561-460-1.webp	in stock	4000 KES	Sharp	new	Electronics > Print, Copy, Scan & Fax > Printer, Copier & Fax Machine Accessories > Toner & Inkjet Cartridges	Sharp Toners	no
4035	Toshiba 1TB Canvio Basics Portable External Hard Drive	The Toshiba 1TB Canvio Basics Portable External Hard Drive is the perfect solution for users seeking a reliable, compact, and easy-to-use storage solution.	https://trinatechtonersandprinters.co.ke/product?id=4035	https://old.trinatechtonersandprinters.co.ke/wp-content/uploads/2025/01/Toshiba-1TB-External-Hard-Drive.png	in stock	9000 KES	Toshiba	new		Computers & Computer Accessories > External Hard Disks	no
4032	Toshiba 2TB Canvio Basics Portable External Hard Drive	The Toshiba 2TB Canvio Basics Portable External Hard Drive is the perfect solution for anyone in need of reliable, high-capacity storage.	https://trinatechtonersandprinters.co.ke/product?id=4032	https://old.trinatechtonersandprinters.co.ke/wp-content/uploads/2025/01/Toshiba-2TB-External-Hard-Drive.png	in stock	13000 KES	Toshiba	new		Computers & Computer Accessories > External Hard Disks	no
4978	Toshiba T-2507P Toner Cartridge	TOSHIBA T-2507P TONER CARTRIDGE	https://trinatechtonersandprinters.co.ke/product?id=4978	https://old.trinatechtonersandprinters.co.ke/wp-content/uploads/2026/02/Toshiba-T-2507P-Toner-Cartridge.webp	in stock	4000 KES	Toshiba	new	Electronics > Print, Copy, Scan & Fax > Printer, Copier & Fax Machine Accessories > Toner & Inkjet Cartridges	Toshiba Toners	no
4976	Toshiba T-5070P Black Toner Cartridge	TOSHIBA T-5070P BLACK TONER CARTRIDGE	https://trinatechtonersandprinters.co.ke/product?id=4976	https://old.trinatechtonersandprinters.co.ke/wp-content/uploads/2026/02/Toshiba-T-5070P-Black-Toner-Cartridge.webp	in stock	4000 KES	Toshiba	new	Electronics > Print, Copy, Scan & Fax > Printer, Copier & Fax Machine Accessories > Toner & Inkjet Cartridges	Toshiba Toners	no
4975	Toshiba T-5070P Compatible Black Toner Cartridge	TOSHIBA T-5070P COMPATIBLE BLACK TONER CARTRIDGE	https://trinatechtonersandprinters.co.ke/product?id=4975	https://old.trinatechtonersandprinters.co.ke/wp-content/uploads/2026/02/Toshiba-T-5070P-Compatible-Black-Toner-Cartridge.webp	in stock	4000 KES	Toshiba	new	Electronics > Print, Copy, Scan & Fax > Printer, Copier & Fax Machine Accessories > Toner & Inkjet Cartridges	Toshiba Toners	no
4974	Toshiba T-5070U Toner Cartridge E-Studio	TOSHIBA T-5070U TONER CARTRIDGE E-STUDIO	https://trinatechtonersandprinters.co.ke/product?id=4974	https://old.trinatechtonersandprinters.co.ke/wp-content/uploads/2026/02/Toshiba-T-5070U-Toner-Cartridge-E-Studio.webp	in stock	4000 KES	Toshiba	new	Electronics > Print, Copy, Scan & Fax > Printer, Copier & Fax Machine Accessories > Toner & Inkjet Cartridges	Toshiba Toners	no
4977	Toshiba T3008P Black Toner Cartridge	TOSHIBA T3008P BLACK TONER CARTRIDGE	https://trinatechtonersandprinters.co.ke/product?id=4977	https://old.trinatechtonersandprinters.co.ke/wp-content/uploads/2026/02/Toshiba-T3008P-Black-Toner-Cartridge.webp	in stock	4500 KES	Toshiba	new	Electronics > Print, Copy, Scan & Fax > Printer, Copier & Fax Machine Accessories > Toner & Inkjet Cartridges	Toshiba Toners	no
4973	Toshiba Toner T-2320D E Studio 230/232/280/200L	TOSHIBA TONER T-2320D E STUDIO 230/232/280/200L	https://trinatechtonersandprinters.co.ke/product?id=4973	https://old.trinatechtonersandprinters.co.ke/wp-content/uploads/2026/02/Toshiba-Toner-T-2320D-E-Studio-230232280200L.webp	in stock	5000 KES	Toshiba	new	Electronics > Print, Copy, Scan & Fax > Printer, Copier & Fax Machine Accessories > Toner & Inkjet Cartridges	Toshiba Toners	no
4041	Transcend 1TB Portable External Hard Disk	The Transcend 1TB Portable External Hard Disk is an excellent choice for those in need of reliable and compact storage.	https://trinatechtonersandprinters.co.ke/product?id=4041	https://old.trinatechtonersandprinters.co.ke/wp-content/uploads/2025/01/Transcend-1TB-External-Hard-Disk.png	in stock	9500 KES	Transcend	new		Computers & Computer Accessories > External Hard Disks	no
4038	Transcend 2TB Portable External Hard Disk	The Transcend 2TB Portable External Hard Disk offers a perfect blend of capacity, speed, and durability.	https://trinatechtonersandprinters.co.ke/product?id=4038	https://old.trinatechtonersandprinters.co.ke/wp-content/uploads/2025/01/Transcend-2TB-External-Hard-Disk.png	in stock	14000 KES	Transcend	new		Computers & Computer Accessories > External Hard Disks	no
